"","family","sample","oto_length_mm","oto_length_um","type_age","region","locality","source","oto_width_mm"
"1","Apogonidae","AT14-2-2",0.926688172,926.6881724,"Sub Recent","Bocas","Punta Donato","orig_df",0.7170708572
"2","Apogonidae","AT14-2-2",0.944686134,944.6861343,"Sub Recent","Bocas","Punta Donato","orig_df",0.6990807196
"3","Apogonidae","AT14-2-2",0.951001509,951.0015092,"Sub Recent","Bocas","Punta Donato","orig_df",0.3823862008
"4","Apogonidae","AT14-1-8",0.994560545,994.5605452,"Sub Recent","Bocas","Casa Blanca","orig_df",0.7180324654
"5","Apogonidae","AT14-2-2",0.997574687,997.5746869,"Sub Recent","Bocas","Punta Donato","orig_df",0.6827017128
"6","Apogonidae","AT12-1-2-1",1.025717844,1025.717844,"Sub Recent","Bocas","STRI Point","orig_df",0.7421239062
"7","Apogonidae","AT14-2-2",1.061617646,1061.617646,"Sub Recent","Bocas","Punta Donato","orig_df",0.8489800187
"8","Apogonidae","AT14-2-2",1.076746835,1076.746835,"Sub Recent","Bocas","Punta Donato","orig_df",0.7843882615
"9","Apogonidae","AT14-2-2",1.07974164,1079.74164,"Sub Recent","Bocas","Punta Donato","orig_df",0.7919812523
"10","Apogonidae","AT14-2-2",1.082078936,1082.078936,"Sub Recent","Bocas","Punta Donato","orig_df",0.8073079346
"11","Apogonidae","AT14-2-2",1.086303309,1086.303309,"Sub Recent","Bocas","Punta Donato","orig_df",0.8542800749
"12","Apogonidae","AT14-2-2",1.095762813,1095.762813,"Sub Recent","Bocas","Punta Donato","orig_df",0.8810711359
"13","Apogonidae","AT14-2-2",1.104713454,1104.713454,"Sub Recent","Bocas","Punta Donato","orig_df",0.7393405037
"14","Apogonidae","AT14-2-2",1.134870263,1134.870263,"Sub Recent","Bocas","Punta Donato","orig_df",0.8387427198
"15","Apogonidae","AT14-1-7",1.142609815,1142.609815,"Sub Recent","Bocas","Casa Blanca","orig_df",0.881953089
"16","Apogonidae","AT14-2-2",1.1565625,1156.5625,"Sub Recent","Bocas","Punta Donato","orig_df",0.9176369413
"17","Apogonidae","AT14-2-2",1.165709234,1165.709234,"Sub Recent","Bocas","Punta Donato","orig_df",0.774141678
"18","Apogonidae","AT14-2-2",1.170306173,1170.306173,"Sub Recent","Bocas","Punta Donato","orig_df",0.8824812255
"19","Apogonidae","AT14-2-2",1.181146111,1181.146111,"Sub Recent","Bocas","Punta Donato","orig_df",0.8924962142
"20","Apogonidae","AT14-2-2",1.186594917,1186.594917,"Sub Recent","Bocas","Punta Donato","orig_df",0.8127486463
"21","Apogonidae","AT14-2-2",1.251511095,1251.511095,"Sub Recent","Bocas","Punta Donato","orig_df",0.874159448
"22","Apogonidae","AT12-1-2-1",1.257800095,1257.800095,"Sub Recent","Bocas","STRI Point","orig_df",0.9077460519
"23","Apogonidae","AT14-3-3",1.270001715,1270.001715,"Sub Recent","Bocas","Cayo Adriana","orig_df",0.9374673213
"24","Apogonidae","AT14-3-3",1.290497088,1290.497088,"Sub Recent","Bocas","Cayo Adriana","orig_df",0.9788695281
"25","Apogonidae","AT14-1-1",1.292959652,1292.959652,"Sub Recent","Bocas","Casa Blanca","orig_df",0.9386722543
"26","Apogonidae","AT12-1-2-1",1.33632696,1336.32696,"Sub Recent","Bocas","STRI Point","orig_df",0.9679553418
"27","Apogonidae","AT14-1-1",1.339532006,1339.532006,"Sub Recent","Bocas","Casa Blanca","orig_df",0.8864278795
"28","Apogonidae","AT14-1-3",1.365143468,1365.143468,"Sub Recent","Bocas","Casa Blanca","orig_df",0.996677237
"29","Apogonidae","AT14-1-8",1.378500144,1378.500144,"Sub Recent","Bocas","Casa Blanca","orig_df",0.9750952634
"30","Apogonidae","AT14-3-3",1.407910717,1407.910717,"Sub Recent","Bocas","Cayo Adriana","orig_df",1.025442579
"31","Apogonidae","AT12-1-2-1",1.441343285,1441.343285,"Sub Recent","Bocas","STRI Point","orig_df",1.084116128
"32","Apogonidae","AT14-1-7",1.528824716,1528.824716,"Sub Recent","Bocas","Casa Blanca","orig_df",1.109171123
"33","Apogonidae","AT12-1-2-1",1.543786858,1543.786858,"Sub Recent","Bocas","STRI Point","orig_df",1.113346145
"34","Apogonidae","AT14-1-3",1.545103464,1545.103464,"Sub Recent","Bocas","Casa Blanca","orig_df",1.154639937
"35","Apogonidae","AT12-1-2-1",1.545888416,1545.888416,"Sub Recent","Bocas","STRI Point","orig_df",1.189957215
"36","Apogonidae","AT12-1-2-1",1.570381169,1570.381169,"Sub Recent","Bocas","STRI Point","orig_df",1.230284451
"37","Apogonidae","AT14-1-7",1.623892203,1623.892203,"Sub Recent","Bocas","Casa Blanca","orig_df",1.15569127
"38","Apogonidae","AT12-1-2-1",1.624061315,1624.061315,"Sub Recent","Bocas","STRI Point","orig_df",1.128571226
"39","Apogonidae","AT14-1-2",1.62506275,1625.06275,"Sub Recent","Bocas","Casa Blanca","orig_df",1.252015529
"40","Apogonidae","AT12-1-2-1",1.691401637,1691.401637,"Sub Recent","Bocas","STRI Point","orig_df",1.179855533
"41","Apogonidae","AT14-1-8",1.692306444,1692.306444,"Sub Recent","Bocas","Casa Blanca","orig_df",1.240481314
"42","Apogonidae","AT12-1-2-1",1.701354584,1701.354584,"Sub Recent","Bocas","STRI Point","orig_df",1.164855224
"43","Apogonidae","AT12-1-2-1",1.706048093,1706.048093,"Sub Recent","Bocas","STRI Point","orig_df",1.309125845
"44","Apogonidae","AT14-1-3",1.724667035,1724.667035,"Sub Recent","Bocas","Casa Blanca","orig_df",1.231835692
"45","Apogonidae","AT14-3-3",1.751298297,1751.298297,"Sub Recent","Bocas","Cayo Adriana","orig_df",1.275519227
"46","Apogonidae","AT12-1-2-1",1.781612486,1781.612486,"Sub Recent","Bocas","STRI Point","orig_df",1.292519991
"47","Apogonidae","AT14-1-3",1.908211014,1908.211014,"Sub Recent","Bocas","Casa Blanca","orig_df",1.421852057
"48","Apogonidae","AT14-1-1",1.94554285,1945.54285,"Sub Recent","Bocas","Casa Blanca","orig_df",1.341435494
"49","Apogonidae","AT14-1-8",1.950585646,1950.585646,"Sub Recent","Bocas","Casa Blanca","orig_df",1.41474328
"50","Apogonidae","AT14-1-1",1.953203937,1953.203937,"Sub Recent","Bocas","Casa Blanca","orig_df",1.416752279
"51","Apogonidae","AT14-1-8",1.964138115,1964.138115,"Sub Recent","Bocas","Casa Blanca","orig_df",1.590145872
"52","Apogonidae","AT12-1-2-1",2.001380853,2001.380853,"Sub Recent","Bocas","STRI Point","orig_df",1.442103438
"53","Apogonidae","AT14-1-2",2.04190424,2041.90424,"Sub Recent","Bocas","Casa Blanca","orig_df",1.330806483
"54","Apogonidae","AT12-1-2-1",2.069616646,2069.616646,"Sub Recent","Bocas","STRI Point","orig_df",1.471343281
"55","Apogonidae","AT14-1-2",2.076924728,2076.924728,"Sub Recent","Bocas","Casa Blanca","orig_df",1.620789402
"56","Apogonidae","AT12-1-2-1",2.086939716,2086.939716,"Sub Recent","Bocas","STRI Point","orig_df",1.496958705
"57","Apogonidae","AT14-1-8",2.175918365,2175.918365,"Sub Recent","Bocas","Casa Blanca","orig_df",1.611214394
"58","Apogonidae","AT14-1-7",2.180811687,2180.811687,"Sub Recent","Bocas","Casa Blanca","orig_df",1.496609675
"59","Apogonidae","AT14-1-8",2.366805573,2366.805573,"Sub Recent","Bocas","Casa Blanca","orig_df",1.819834339
"60","Apogonidae","AT14-1-1",2.585839296,2585.839296,"Sub Recent","Bocas","Casa Blanca","orig_df",1.816993048
"61","Apogonidae","AT14-1-1",2.745724838,2745.724838,"Sub Recent","Bocas","Casa Blanca","orig_df",1.848014555
"62","Apogonidae","AT14-1-3",3.208563396,3208.563396,"Sub Recent","Bocas","Casa Blanca","orig_df",2.274090185
"63","Apogonidae","AT14-3-3",3.293061933,3293.061933,"Sub Recent","Bocas","Cayo Adriana","orig_df",2.193178266
"64","Atherinidae","AT13-12-1-1",0.930783592,930.7835919,"Sub Recent","Bocas","Casa Blanca","orig_df",0.7517435264
"65","Atherinidae","AT14-1-3",0.952491165,952.4911648,"Sub Recent","Bocas","Casa Blanca","orig_df",0.7811149641
"66","Atherinidae","AT13-12-2-2",0.955525008,955.5250076,"Sub Recent","Bocas","Casa Blanca","orig_df",0.7941440685
"67","Atherinidae","AT13-12-1-1",1.012402432,1012.402432,"Sub Recent","Bocas","Casa Blanca","orig_df",0.8295506284
"68","Atherinidae","AT14-1-3",1.043253818,1043.253818,"Sub Recent","Bocas","Casa Blanca","orig_df",0.7426073851
"69","Atherinidae","AT14-1-3",1.070350584,1070.350584,"Sub Recent","Bocas","Casa Blanca","orig_df",0.8667074632
"70","Atherinidae","AT13-12-4-1",1.148629459,1148.629459,"Sub Recent","Bocas","Casa Blanca","orig_df",0.9330063554
"71","Atherinidae","AT13-10-2-2",1.150252562,1150.252562,"Sub Recent","Bocas","Punta Caracol","orig_df",0.910283277
"72","Atherinidae","AT13-10-1-2",1.156405516,1156.405516,"Sub Recent","Bocas","Punta Caracol","orig_df",0.8966905985
"73","Atherinidae","AT13-12-2-2",1.157460543,1157.460543,"Sub Recent","Bocas","Casa Blanca","orig_df",0.9277484584
"74","Atherinidae","AT13-12-4-1",1.173540099,1173.540099,"Sub Recent","Bocas","Casa Blanca","orig_df",0.9468577609
"75","Atherinidae","AT13-10-1-2",1.200424715,1200.424715,"Sub Recent","Bocas","Punta Caracol","orig_df",0.9206188575
"76","Atherinidae","AT13-10-2-2",1.225953164,1225.953164,"Sub Recent","Bocas","Punta Caracol","orig_df",1.066798338
"77","Atherinidae","AT13-10-2-2",1.228139667,1228.139667,"Sub Recent","Bocas","Punta Caracol","orig_df",0.9999383534
"78","Atherinidae","AT13-12-1-2",1.262807606,1262.807606,"Sub Recent","Bocas","Casa Blanca","orig_df",1.032759658
"79","Atherinidae","AT13-12-2-2",1.305157898,1305.157898,"Sub Recent","Bocas","Casa Blanca","orig_df",1.087777545
"80","Atherinidae","AT13-12-1-2",1.311050897,1311.050897,"Sub Recent","Bocas","Casa Blanca","orig_df",1.023758735
"81","Atherinidae","AT13-10-2-2",1.325083728,1325.083728,"Sub Recent","Bocas","Punta Caracol","orig_df",1.059334062
"82","Atherinidae","AT13-12-2-2",1.327838519,1327.838519,"Sub Recent","Bocas","Casa Blanca","orig_df",1.111920689
"83","Atherinidae","AT13-10-2-2",1.335448084,1335.448084,"Sub Recent","Bocas","Punta Caracol","orig_df",1.19926763
"84","Atherinidae","AT14-1-3",1.34967258,1349.67258,"Sub Recent","Bocas","Casa Blanca","orig_df",1.04575168
"85","Atherinidae","AT14-1-3",1.349859412,1349.859412,"Sub Recent","Bocas","Casa Blanca","orig_df",1.092013115
"86","Atherinidae","AT13-12-2-2",1.35300664,1353.00664,"Sub Recent","Bocas","Casa Blanca","orig_df",1.126910556
"87","Atherinidae","AT13-12-2-2",1.35312151,1353.12151,"Sub Recent","Bocas","Casa Blanca","orig_df",1.170903089
"88","Atherinidae","AT13-10-1-2",1.369907202,1369.907202,"Sub Recent","Bocas","Punta Caracol","orig_df",1.096734008
"89","Atherinidae","AT13-12-1-2",1.371967598,1371.967598,"Sub Recent","Bocas","Casa Blanca","orig_df",1.163881273
"90","Atherinidae","AT13-12-1-1",1.40026675,1400.26675,"Sub Recent","Bocas","Casa Blanca","orig_df",1.091967339
"91","Atherinidae","AT14-1-3",1.41446926,1414.46926,"Sub Recent","Bocas","Casa Blanca","orig_df",1.149326162
"92","Atherinidae","AT13-12-4-1",1.416334311,1416.334311,"Sub Recent","Bocas","Casa Blanca","orig_df",1.182068098
"93","Atherinidae","AT13-12-1-2",1.421384303,1421.384303,"Sub Recent","Bocas","Casa Blanca","orig_df",1.182370326
"94","Atherinidae","AT14-1-3",1.421491413,1421.491413,"Sub Recent","Bocas","Casa Blanca","orig_df",1.063475585
"95","Atherinidae","AT13-12-2-2",1.445441302,1445.441302,"Sub Recent","Bocas","Casa Blanca","orig_df",1.17325289
"96","Atherinidae","AT13-12-1-1",1.467986526,1467.986526,"Sub Recent","Bocas","Casa Blanca","orig_df",1.140097952
"97","Atherinidae","AT13-12-1-1",1.473235452,1473.235452,"Sub Recent","Bocas","Casa Blanca","orig_df",1.149560861
"98","Atherinidae","AT13-12-4-1",1.48324697,1483.24697,"Sub Recent","Bocas","Casa Blanca","orig_df",1.202978235
"99","Atherinidae","AT13-12-4-1",1.536632901,1536.632901,"Sub Recent","Bocas","Casa Blanca","orig_df",1.405602529
"100","Atherinidae","AT14-1-3",1.547242447,1547.242447,"Sub Recent","Bocas","Casa Blanca","orig_df",1.294064149
"101","Atherinidae","AT13-12-2-2",1.54925372,1549.25372,"Sub Recent","Bocas","Casa Blanca","orig_df",1.255303303
"102","Atherinidae","AT13-12-1-2",1.566587147,1566.587147,"Sub Recent","Bocas","Casa Blanca","orig_df",1.36330514
"103","Atherinidae","AT14-1-3",1.573992293,1573.992293,"Sub Recent","Bocas","Casa Blanca","orig_df",1.202493549
"104","Atherinidae","AT13-12-1-1",1.588851277,1588.851277,"Sub Recent","Bocas","Casa Blanca","orig_df",1.371693593
"105","Atherinidae","AT14-1-3",1.624700576,1624.700576,"Sub Recent","Bocas","Casa Blanca","orig_df",1.363651023
"106","Atherinidae","AT13-12-2-2",1.636137949,1636.137949,"Sub Recent","Bocas","Casa Blanca","orig_df",1.392383776
"107","Atherinidae","AT13-12-4-1",1.638071555,1638.071555,"Sub Recent","Bocas","Casa Blanca","orig_df",1.584650323
"108","Atherinidae","AT13-12-2-2",1.64172285,1641.72285,"Sub Recent","Bocas","Casa Blanca","orig_df",1.380376998
"109","Atherinidae","AT14-1-3",1.676103043,1676.103043,"Sub Recent","Bocas","Casa Blanca","orig_df",1.3844836
"110","Atherinidae","AT13-10-1-2",1.685664245,1685.664245,"Sub Recent","Bocas","Punta Caracol","orig_df",1.379333345
"111","Atherinidae","AT13-12-2-2",1.693190256,1693.190256,"Sub Recent","Bocas","Casa Blanca","orig_df",1.4002785
"112","Atherinidae","AT13-10-2-2",1.737443995,1737.443995,"Sub Recent","Bocas","Punta Caracol","orig_df",1.458834502
"113","Atherinidae","AT13-12-2-2",1.737874482,1737.874482,"Sub Recent","Bocas","Casa Blanca","orig_df",1.422282577
"114","Atherinidae","AT13-12-2-2",1.832103657,1832.103657,"Sub Recent","Bocas","Casa Blanca","orig_df",1.528393304
"115","Atherinidae","AT13-12-4-1",1.85601688,1856.01688,"Sub Recent","Bocas","Casa Blanca","orig_df",1.642471986
"116","Atherinidae","AT14-1-3",1.858346262,1858.346262,"Sub Recent","Bocas","Casa Blanca","orig_df",1.807252424
"117","Atherinidae","AT13-12-1-1",1.862734897,1862.734897,"Sub Recent","Bocas","Casa Blanca","orig_df",1.57051719
"118","Atherinidae","AT14-1-3",1.885978846,1885.978846,"Sub Recent","Bocas","Casa Blanca","orig_df",1.718496317
"119","Atherinidae","AT13-10-2-2",1.891062834,1891.062834,"Sub Recent","Bocas","Punta Caracol","orig_df",1.664919018
"120","Atherinidae","AT13-12-1-2",1.901800672,1901.800672,"Sub Recent","Bocas","Casa Blanca","orig_df",1.515437014
"121","Atherinidae","AT13-12-2-2",1.947132731,1947.132731,"Sub Recent","Bocas","Casa Blanca","orig_df",1.737629401
"122","Atherinidae","AT14-1-3",2.09159646,2091.59646,"Sub Recent","Bocas","Casa Blanca","orig_df",1.988654514
"123","Bregmacerotidae","AT13-10-4-1",1.034036091,1034.036091,"Sub Recent","Bocas","Punta Caracol","orig_df",1.007194356
"124","Bregmacerotidae","AT14-2-5",1.137792786,1137.792786,"Sub Recent","Bocas","Punta Donato","orig_df",1.072652395
"125","Bregmacerotidae","AT14-2-5",1.234117149,1234.117149,"Sub Recent","Bocas","Punta Donato","orig_df",1.144673284
"126","Bregmacerotidae","AT13-10-4-1",1.283501898,1283.501898,"Sub Recent","Bocas","Punta Caracol","orig_df",1.12656524
"127","Bregmacerotidae","AT13-10-1-1",1.341703179,1341.703179,"Sub Recent","Bocas","Punta Caracol","orig_df",1.010681979
"128","Bregmacerotidae","AT14-2-5",1.381392832,1381.392832,"Sub Recent","Bocas","Punta Donato","orig_df",1.208743771
"129","Bregmacerotidae","AT13-10-1-1",1.532034122,1532.034122,"Sub Recent","Bocas","Punta Caracol","orig_df",1.415306399
"130","Engraulidae","AT12-1-3-1",1.312643171,1312.643171,"Sub Recent","Bocas","STRI Point","orig_df",0.9616788971
"131","Engraulidae","AT13-10-1-2",1.344890509,1344.890509,"Sub Recent","Bocas","Punta Caracol","orig_df",0.7619573841
"132","Engraulidae","AT14-3-1",1.451838414,1451.838414,"Sub Recent","Bocas","Cayo Adriana","orig_df",0.9771840291
"133","Engraulidae","AT12-1-3-1",1.469008697,1469.008697,"Sub Recent","Bocas","STRI Point","orig_df",0.9032799001
"134","Engraulidae","AT13-10-1-1",1.486565444,1486.565444,"Sub Recent","Bocas","Punta Caracol","orig_df",1.037232192
"135","Engraulidae","AT13-10-1-2",1.492078974,1492.078974,"Sub Recent","Bocas","Punta Caracol","orig_df",1.013456497
"136","Engraulidae","AT13-10-1-1",1.525905849,1525.905849,"Sub Recent","Bocas","Punta Caracol","orig_df",1.056190069
"137","Engraulidae","AT13-10-1-1",1.581430642,1581.430642,"Sub Recent","Bocas","Punta Caracol","orig_df",0.868039851
"138","Engraulidae","AT14-2-2",1.62425385,1624.25385,"Sub Recent","Bocas","Punta Donato","orig_df",1.286522115
"139","Engraulidae","AT14-2-2",1.695430619,1695.430619,"Sub Recent","Bocas","Punta Donato","orig_df",1.105713601
"140","Engraulidae","AT14-1-2",1.697241615,1697.241615,"Sub Recent","Bocas","Casa Blanca","orig_df",1.008689619
"141","Engraulidae","AT14-2-2",1.698911526,1698.911526,"Sub Recent","Bocas","Punta Donato","orig_df",1.023164099
"142","Engraulidae","AT14-1-2",1.705109523,1705.109523,"Sub Recent","Bocas","Casa Blanca","orig_df",1.030090021
"143","Engraulidae","AT14-3-1",1.779019055,1779.019055,"Sub Recent","Bocas","Cayo Adriana","orig_df",1.132429371
"144","Engraulidae","AT12-1-3-1",1.784551958,1784.551958,"Sub Recent","Bocas","STRI Point","orig_df",1.006749648
"145","Engraulidae","AT14-3-1",1.801332453,1801.332453,"Sub Recent","Bocas","Cayo Adriana","orig_df",1.152904364
"146","Engraulidae","AT14-3-1",1.802021577,1802.021577,"Sub Recent","Bocas","Cayo Adriana","orig_df",1.113297469
"147","Engraulidae","AT14-2-2",1.806741349,1806.741349,"Sub Recent","Bocas","Punta Donato","orig_df",1.039926017
"148","Engraulidae","AT14-2-2",1.815816072,1815.816072,"Sub Recent","Bocas","Punta Donato","orig_df",1.071085507
"149","Engraulidae","AT12-1-3-1",1.821502152,1821.502152,"Sub Recent","Bocas","STRI Point","orig_df",1.100970361
"150","Engraulidae","AT14-1-2",1.830172512,1830.172512,"Sub Recent","Bocas","Casa Blanca","orig_df",1.061309293
"151","Engraulidae","AT14-1-2",1.8617855,1861.7855,"Sub Recent","Bocas","Casa Blanca","orig_df",1.027543623
"152","Engraulidae","AT14-1-2",1.943230835,1943.230835,"Sub Recent","Bocas","Casa Blanca","orig_df",1.041280409
"153","Engraulidae","AT14-1-2",1.958585536,1958.585536,"Sub Recent","Bocas","Casa Blanca","orig_df",1.014912627
"154","Engraulidae","AT14-2-2",1.973751053,1973.751053,"Sub Recent","Bocas","Punta Donato","orig_df",0.9507650068
"155","Engraulidae","AT14-3-1",2.013157873,2013.157873,"Sub Recent","Bocas","Cayo Adriana","orig_df",1.288022796
"156","Engraulidae","AT14-3-1",2.019806284,2019.806284,"Sub Recent","Bocas","Cayo Adriana","orig_df",1.265818469
"157","Engraulidae","AT14-1-2",2.038184984,2038.184984,"Sub Recent","Bocas","Casa Blanca","orig_df",1.122733648
"158","Engraulidae","AT14-2-2",2.047755404,2047.755404,"Sub Recent","Bocas","Punta Donato","orig_df",1.071220691
"159","Engraulidae","AT14-1-2",2.049119021,2049.119021,"Sub Recent","Bocas","Casa Blanca","orig_df",1.287070318
"160","Engraulidae","AT14-2-2",2.059864996,2059.864996,"Sub Recent","Bocas","Punta Donato","orig_df",1.411285134
"161","Engraulidae","AT14-1-2",2.068315484,2068.315484,"Sub Recent","Bocas","Casa Blanca","orig_df",1.117495538
"162","Engraulidae","AT14-1-2",2.06847298,2068.47298,"Sub Recent","Bocas","Casa Blanca","orig_df",1.061102868
"163","Engraulidae","AT14-3-1",2.095029332,2095.029332,"Sub Recent","Bocas","Cayo Adriana","orig_df",1.287478735
"164","Engraulidae","AT14-3-1",2.144358141,2144.358141,"Sub Recent","Bocas","Cayo Adriana","orig_df",1.33829699
"165","Engraulidae","AT14-1-2",2.155882707,2155.882707,"Sub Recent","Bocas","Casa Blanca","orig_df",1.4513266
"166","Engraulidae","AT14-2-2",2.201602312,2201.602312,"Sub Recent","Bocas","Punta Donato","orig_df",1.154777782
"167","Engraulidae","AT14-2-2",2.226526513,2226.526513,"Sub Recent","Bocas","Punta Donato","orig_df",1.116015549
"168","Engraulidae","AT14-2-2",2.361219018,2361.219018,"Sub Recent","Bocas","Punta Donato","orig_df",1.397833647
"169","Engraulidae","AT14-2-2",2.380814445,2380.814445,"Sub Recent","Bocas","Punta Donato","orig_df",1.724293443
"170","Engraulidae","AT13-10-1-1",2.405554924,2405.554924,"Sub Recent","Bocas","Punta Caracol","orig_df",1.417208227
"171","Engraulidae","AT14-2-2",2.435383131,2435.383131,"Sub Recent","Bocas","Punta Donato","orig_df",1.178804083
"172","Engraulidae","AT14-2-2",2.504216802,2504.216802,"Sub Recent","Bocas","Punta Donato","orig_df",1.674913522
"173","Engraulidae","AT14-2-2",2.671293781,2671.293781,"Sub Recent","Bocas","Punta Donato","orig_df",1.747031537
"174","Engraulidae","AT14-2-2",2.900392734,2900.392734,"Sub Recent","Bocas","Punta Donato","orig_df",1.802913017
"175","Gerreidae","AT13-12-4-2",0.98320843,983.2084303,"Sub Recent","Bocas","Casa Blanca","orig_df",0.7217050023
"176","Gerreidae","AT13-12-4-2",1.28726986,1287.26986,"Sub Recent","Bocas","Casa Blanca","orig_df",0.8991814462
"177","Gerreidae","AT13-12-1-1",1.567334875,1567.334875,"Sub Recent","Bocas","Casa Blanca","orig_df",1.122261679
"178","Gerreidae","AT13-12-4-2",2.033410309,2033.410309,"Sub Recent","Bocas","Casa Blanca","orig_df",1.440639001
"179","Gerreidae","AT13-12-1-1",3.443870649,3443.870649,"Sub Recent","Bocas","Casa Blanca","orig_df",2.198865628
"180","Gobiidae","AT14-2-2",0.607489825,607.4898252,"Sub Recent","Bocas","Punta Donato","orig_df",0.5389617248
"181","Gobiidae","AT14-2-2",0.64669726,646.6972604,"Sub Recent","Bocas","Punta Donato","orig_df",0.6638111708
"182","Gobiidae","AT14-2-2",0.648851015,648.8510153,"Sub Recent","Bocas","Punta Donato","orig_df",0.7754351765
"183","Gobiidae","AT14-2-1",0.649196822,649.1968219,"Sub Recent","Bocas","Punta Donato","orig_df",0.7046639994
"184","Gobiidae","AT14-2-2",0.649242366,649.2423662,"Sub Recent","Bocas","Punta Donato","orig_df",0.4837612161
"185","Gobiidae","AT14-2-2",0.649737337,649.7373365,"Sub Recent","Bocas","Punta Donato","orig_df",0.7525487021
"186","Gobiidae","AT14-2-2",0.681145316,681.1453158,"Sub Recent","Bocas","Punta Donato","orig_df",0.5965879232
"187","Gobiidae","AT14-2-2",0.682453717,682.4537171,"Sub Recent","Bocas","Punta Donato","orig_df",0.7131480541
"188","Gobiidae","AT14-2-2",0.688217376,688.217376,"Sub Recent","Bocas","Punta Donato","orig_df",0.7137303157
"189","Gobiidae","AT14-2-1",0.694305124,694.3051244,"Sub Recent","Bocas","Punta Donato","orig_df",0.5972566783
"190","Gobiidae","AT14-2-1",0.694383826,694.383826,"Sub Recent","Bocas","Punta Donato","orig_df",0.6423245963
"191","Gobiidae","AT14-2-2",0.695791644,695.7916436,"Sub Recent","Bocas","Punta Donato","orig_df",0.6881980824
"192","Gobiidae","AT14-2-2",0.695801597,695.8015974,"Sub Recent","Bocas","Punta Donato","orig_df",0.6777707437
"193","Gobiidae","AT14-2-2",0.69598116,695.9811603,"Sub Recent","Bocas","Punta Donato","orig_df",0.6807557727
"194","Gobiidae","AT14-2-2",0.698011582,698.0115818,"Sub Recent","Bocas","Punta Donato","orig_df",0.8118537593
"195","Gobiidae","AT14-2-1",0.698310141,698.3101413,"Sub Recent","Bocas","Punta Donato","orig_df",0.6162355251
"196","Gobiidae","AT14-2-2",0.699522886,699.5228862,"Sub Recent","Bocas","Punta Donato","orig_df",0.5991112224
"197","Gobiidae","AT14-2-2",0.700931083,700.9310832,"Sub Recent","Bocas","Punta Donato","orig_df",0.646463639
"198","Gobiidae","AT14-2-1",0.70693011,706.9301098,"Sub Recent","Bocas","Punta Donato","orig_df",0.5216864281
"199","Gobiidae","AT14-2-1",0.70783409,707.8340899,"Sub Recent","Bocas","Punta Donato","orig_df",0.7249165682
"200","Gobiidae","AT14-2-2",0.709988769,709.9887685,"Sub Recent","Bocas","Punta Donato","orig_df",0.6540237152
"201","Gobiidae","AT14-2-2",0.723699918,723.6999176,"Sub Recent","Bocas","Punta Donato","orig_df",0.5594372952
"202","Gobiidae","AT14-2-2",0.72385826,723.8582604,"Sub Recent","Bocas","Punta Donato","orig_df",0.5920966768
"203","Gobiidae","AT14-2-1",0.725826096,725.8260964,"Sub Recent","Bocas","Punta Donato","orig_df",0.7097099027
"204","Gobiidae","AT14-1-2",0.726112035,726.1120354,"Sub Recent","Bocas","Casa Blanca","orig_df",0.581496776
"205","Gobiidae","AT14-2-2",0.730790931,730.790931,"Sub Recent","Bocas","Punta Donato","orig_df",0.6381898004
"206","Gobiidae","AT14-2-2",0.731078894,731.0788944,"Sub Recent","Bocas","Punta Donato","orig_df",0.9227589972
"207","Gobiidae","AT14-2-1",0.73348144,733.4814402,"Sub Recent","Bocas","Punta Donato","orig_df",0.7540093305
"208","Gobiidae","AT14-2-2",0.735147125,735.1471248,"Sub Recent","Bocas","Punta Donato","orig_df",0.9026186923
"209","Gobiidae","AT14-1-2",0.736985637,736.9856374,"Sub Recent","Bocas","Casa Blanca","orig_df",0.6876987206
"210","Gobiidae","AT14-1-2",0.739903526,739.9035261,"Sub Recent","Bocas","Casa Blanca","orig_df",0.6242398004
"211","Gobiidae","AT14-2-2",0.745022137,745.0221373,"Sub Recent","Bocas","Punta Donato","orig_df",0.5982576828
"212","Gobiidae","AT14-3-4",0.74664661,746.6466098,"Sub Recent","Bocas","Cayo Adriana","orig_df",0.6340014359
"213","Gobiidae","AT12-1-2-2",0.747731502,747.7315018,"Sub Recent","Bocas","STRI Point","orig_df",0.6941087292
"214","Gobiidae","AT14-2-2",0.747920194,747.920194,"Sub Recent","Bocas","Punta Donato","orig_df",0.6637083001
"215","Gobiidae","AT14-3-4",0.749232407,749.2324073,"Sub Recent","Bocas","Cayo Adriana","orig_df",0.5944638571
"216","Gobiidae","AT14-2-2",0.750529589,750.5295887,"Sub Recent","Bocas","Punta Donato","orig_df",0.6642634567
"217","Gobiidae","AT14-2-2",0.750562421,750.5624208,"Sub Recent","Bocas","Punta Donato","orig_df",0.8318982274
"218","Gobiidae","AT14-2-2",0.753492245,753.4922453,"Sub Recent","Bocas","Punta Donato","orig_df",0.6050565907
"219","Gobiidae","AT14-2-2",0.75419965,754.1996504,"Sub Recent","Bocas","Punta Donato","orig_df",0.6298708958
"220","Gobiidae","AT12-1-2-2",0.754374853,754.3748527,"Sub Recent","Bocas","STRI Point","orig_df",0.5149550911
"221","Gobiidae","AT14-2-1",0.755911833,755.9118327,"Sub Recent","Bocas","Punta Donato","orig_df",0.8264114489
"222","Gobiidae","AT14-2-2",0.756231718,756.2317178,"Sub Recent","Bocas","Punta Donato","orig_df",0.7977658467
"223","Gobiidae","AT14-2-2",0.757629054,757.629054,"Sub Recent","Bocas","Punta Donato","orig_df",0.740056134
"224","Gobiidae","AT14-3-6",0.760182091,760.1820905,"Sub Recent","Bocas","Cayo Adriana","orig_df",0.6451850533
"225","Gobiidae","AT12-1-4-1",0.760991477,760.9914765,"Sub Recent","Bocas","STRI Point","orig_df",0.6227633778
"226","Gobiidae","AT14-2-2",0.761526792,761.5267915,"Sub Recent","Bocas","Punta Donato","orig_df",0.8402456067
"227","Gobiidae","AT14-2-2",0.761592471,761.5924714,"Sub Recent","Bocas","Punta Donato","orig_df",0.8022203295
"228","Gobiidae","AT12-1-4-1",0.764349797,764.3497974,"Sub Recent","Bocas","STRI Point","orig_df",0.660589603
"229","Gobiidae","AT14-2-2",0.781745531,781.7455312,"Sub Recent","Bocas","Punta Donato","orig_df",0.5286745958
"230","Gobiidae","AT14-2-2",0.789483224,789.4832243,"Sub Recent","Bocas","Punta Donato","orig_df",0.7926951058
"231","Gobiidae","AT14-2-2",0.789583403,789.583403,"Sub Recent","Bocas","Punta Donato","orig_df",0.7003468601
"232","Gobiidae","AT14-2-1",0.791568846,791.5688463,"Sub Recent","Bocas","Punta Donato","orig_df",0.8438178591
"233","Gobiidae","AT14-2-2",0.793637729,793.6377293,"Sub Recent","Bocas","Punta Donato","orig_df",0.5852985859
"234","Gobiidae","AT14-2-1",0.794171439,794.1714385,"Sub Recent","Bocas","Punta Donato","orig_df",0.8170297867
"235","Gobiidae","AT14-1-2",0.79536403,795.3640301,"Sub Recent","Bocas","Casa Blanca","orig_df",0.6623648894
"236","Gobiidae","AT12-1-4-1",0.795709999,795.7099992,"Sub Recent","Bocas","STRI Point","orig_df",0.7323922138
"237","Gobiidae","AT14-2-2",0.798999792,798.999792,"Sub Recent","Bocas","Punta Donato","orig_df",0.7676790387
"238","Gobiidae","AT14-2-2",0.803659405,803.6594048,"Sub Recent","Bocas","Punta Donato","orig_df",0.8871295073
"239","Gobiidae","AT14-2-2",0.804129774,804.1297738,"Sub Recent","Bocas","Punta Donato","orig_df",0.8613476711
"240","Gobiidae","AT12-1-4-1",0.804775172,804.775172,"Sub Recent","Bocas","STRI Point","orig_df",0.6764466399
"241","Gobiidae","AT14-2-2",0.805336226,805.3362263,"Sub Recent","Bocas","Punta Donato","orig_df",0.6996570355
"242","Gobiidae","AT14-2-2",0.810844256,810.844256,"Sub Recent","Bocas","Punta Donato","orig_df",0.7212246654
"243","Gobiidae","AT14-2-2",0.81235142,812.3514197,"Sub Recent","Bocas","Punta Donato","orig_df",0.7494211546
"244","Gobiidae","AT14-2-2",0.813800979,813.8009791,"Sub Recent","Bocas","Punta Donato","orig_df",0.6332545813
"245","Gobiidae","AT14-2-2",0.815845733,815.8457333,"Sub Recent","Bocas","Punta Donato","orig_df",0.869824585
"246","Gobiidae","AT12-1-3-1",0.818051848,818.0518481,"Sub Recent","Bocas","STRI Point","orig_df",0.6691328914
"247","Gobiidae","AT12-1-4-1",0.81818087,818.1808697,"Sub Recent","Bocas","STRI Point","orig_df",0.696991598
"248","Gobiidae","AT12-1-4-1",0.821451457,821.4514572,"Sub Recent","Bocas","STRI Point","orig_df",0.6852070185
"249","Gobiidae","AT14-1-2",0.822313745,822.3137445,"Sub Recent","Bocas","Casa Blanca","orig_df",0.7253404765
"250","Gobiidae","AT14-2-2",0.822313762,822.3137619,"Sub Recent","Bocas","Punta Donato","orig_df",0.8227073127
"251","Gobiidae","AT14-2-2",0.822479673,822.479673,"Sub Recent","Bocas","Punta Donato","orig_df",0.7775469673
"252","Gobiidae","AT12-1-4-1",0.822903724,822.9037241,"Sub Recent","Bocas","STRI Point","orig_df",0.6661708693
"253","Gobiidae","AT12-1-1-1",0.822943901,822.9439006,"Sub Recent","Bocas","STRI Point","orig_df",0.5396268436
"254","Gobiidae","AT14-2-2",0.823493194,823.4931937,"Sub Recent","Bocas","Punta Donato","orig_df",0.9282883824
"255","Gobiidae","AT12-1-2-2",0.826751231,826.751231,"Sub Recent","Bocas","STRI Point","orig_df",0.7013600328
"256","Gobiidae","AT14-1-8",0.828364314,828.3643138,"Sub Recent","Bocas","Casa Blanca","orig_df",0.7457318692
"257","Gobiidae","AT14-2-2",0.832356688,832.3566875,"Sub Recent","Bocas","Punta Donato","orig_df",0.6902224988
"258","Gobiidae","AT12-1-4-1",0.832517867,832.5178668,"Sub Recent","Bocas","STRI Point","orig_df",0.7443546461
"259","Gobiidae","AT14-2-2",0.832671183,832.6711827,"Sub Recent","Bocas","Punta Donato","orig_df",0.7416778748
"260","Gobiidae","AT14-2-2",0.83617576,836.1757599,"Sub Recent","Bocas","Punta Donato","orig_df",0.7290187566
"261","Gobiidae","AT14-2-2",0.838067033,838.0670332,"Sub Recent","Bocas","Punta Donato","orig_df",0.6280903944
"262","Gobiidae","AT14-2-1",0.839694056,839.6940564,"Sub Recent","Bocas","Punta Donato","orig_df",0.58099026
"263","Gobiidae","AT14-2-1",0.842792363,842.7923626,"Sub Recent","Bocas","Punta Donato","orig_df",0.7439587622
"264","Gobiidae","AT14-3-4",0.8433938,843.3938002,"Sub Recent","Bocas","Cayo Adriana","orig_df",0.6946633632
"265","Gobiidae","AT14-2-1",0.844076154,844.0761538,"Sub Recent","Bocas","Punta Donato","orig_df",0.563578855
"266","Gobiidae","AT12-1-3-1",0.84661207,846.6120703,"Sub Recent","Bocas","STRI Point","orig_df",0.7343152523
"267","Gobiidae","AT14-3-6",0.847114707,847.1147065,"Sub Recent","Bocas","Cayo Adriana","orig_df",0.7329083483
"268","Gobiidae","AT14-2-2",0.847468919,847.4689192,"Sub Recent","Bocas","Punta Donato","orig_df",0.6163444273
"269","Gobiidae","AT14-2-1",0.849452336,849.4523364,"Sub Recent","Bocas","Punta Donato","orig_df",0.6438482927
"270","Gobiidae","AT12-1-4-1",0.849958974,849.9589736,"Sub Recent","Bocas","STRI Point","orig_df",0.7399536866
"271","Gobiidae","AT12-1-3-1",0.850750617,850.7506167,"Sub Recent","Bocas","STRI Point","orig_df",0.6768786958
"272","Gobiidae","AT12-1-1-1",0.850877864,850.8778635,"Sub Recent","Bocas","STRI Point","orig_df",0.740371899
"273","Gobiidae","AT14-2-1",0.853316063,853.3160626,"Sub Recent","Bocas","Punta Donato","orig_df",0.718920032
"274","Gobiidae","AT14-2-2",0.855998867,855.9988673,"Sub Recent","Bocas","Punta Donato","orig_df",0.7505092044
"275","Gobiidae","AT14-2-2",0.858940362,858.940362,"Sub Recent","Bocas","Punta Donato","orig_df",0.6165570179
"276","Gobiidae","AT14-2-2",0.861573694,861.5736943,"Sub Recent","Bocas","Punta Donato","orig_df",0.6906409633
"277","Gobiidae","AT12-1-3-1",0.86196132,861.9613195,"Sub Recent","Bocas","STRI Point","orig_df",0.733038647
"278","Gobiidae","AT14-2-2",0.862321797,862.3217968,"Sub Recent","Bocas","Punta Donato","orig_df",0.617746707
"279","Gobiidae","AT14-1-2",0.863128582,863.1285824,"Sub Recent","Bocas","Casa Blanca","orig_df",0.7000305016
"280","Gobiidae","AT14-2-1",0.863633597,863.633597,"Sub Recent","Bocas","Punta Donato","orig_df",1.017736828
"281","Gobiidae","AT14-2-2",0.864537414,864.5374142,"Sub Recent","Bocas","Punta Donato","orig_df",0.7364552826
"282","Gobiidae","AT14-2-2",0.86473335,864.7333499,"Sub Recent","Bocas","Punta Donato","orig_df",0.8068775871
"283","Gobiidae","AT12-1-4-1",0.864970578,864.9705783,"Sub Recent","Bocas","STRI Point","orig_df",0.7078806359
"284","Gobiidae","AT12-1-4-1",0.866783712,866.7837118,"Sub Recent","Bocas","STRI Point","orig_df",0.7401633678
"285","Gobiidae","AT14-2-2",0.867658326,867.6583264,"Sub Recent","Bocas","Punta Donato","orig_df",0.6887051914
"286","Gobiidae","AT14-2-2",0.869210113,869.2101133,"Sub Recent","Bocas","Punta Donato","orig_df",0.9106622679
"287","Gobiidae","AT14-2-1",0.869368144,869.3681436,"Sub Recent","Bocas","Punta Donato","orig_df",0.8606712443
"288","Gobiidae","AT14-2-2",0.870354838,870.354838,"Sub Recent","Bocas","Punta Donato","orig_df",0.6255983502
"289","Gobiidae","AT14-2-1",0.872392411,872.3924106,"Sub Recent","Bocas","Punta Donato","orig_df",0.6560501965
"290","Gobiidae","AT14-2-1",0.872637257,872.637257,"Sub Recent","Bocas","Punta Donato","orig_df",0.6832840659
"291","Gobiidae","AT12-1-4-1",0.87322542,873.2254204,"Sub Recent","Bocas","STRI Point","orig_df",0.7899332752
"292","Gobiidae","AT14-1-2",0.874147638,874.1476377,"Sub Recent","Bocas","Casa Blanca","orig_df",0.7132795693
"293","Gobiidae","AT14-2-2",0.874942934,874.9429344,"Sub Recent","Bocas","Punta Donato","orig_df",0.7084196763
"294","Gobiidae","AT12-1-4-1",0.876215569,876.2155691,"Sub Recent","Bocas","STRI Point","orig_df",0.6982533318
"295","Gobiidae","AT12-1-4-1",0.876732711,876.7327111,"Sub Recent","Bocas","STRI Point","orig_df",0.7395829381
"296","Gobiidae","AT14-2-2",0.876931159,876.931159,"Sub Recent","Bocas","Punta Donato","orig_df",0.701014875
"297","Gobiidae","AT14-2-1",0.877183321,877.183321,"Sub Recent","Bocas","Punta Donato","orig_df",0.762119481
"298","Gobiidae","AT14-2-2",0.879538523,879.5385226,"Sub Recent","Bocas","Punta Donato","orig_df",0.6682258258
"299","Gobiidae","AT14-2-1",0.879564035,879.5640354,"Sub Recent","Bocas","Punta Donato","orig_df",0.8840003941
"300","Gobiidae","AT12-1-4-1",0.881535079,881.5350793,"Sub Recent","Bocas","STRI Point","orig_df",0.7627764889
"301","Gobiidae","AT12-1-4-1",0.882007481,882.0074811,"Sub Recent","Bocas","STRI Point","orig_df",0.750451904
"302","Gobiidae","AT14-2-2",0.882540165,882.5401648,"Sub Recent","Bocas","Punta Donato","orig_df",0.6577886887
"303","Gobiidae","AT12-1-4-1",0.882831933,882.8319328,"Sub Recent","Bocas","STRI Point","orig_df",0.7220343068
"304","Gobiidae","AT14-2-2",0.887522975,887.5229754,"Sub Recent","Bocas","Punta Donato","orig_df",0.7333084912
"305","Gobiidae","AT12-1-4-1",0.887737624,887.7376239,"Sub Recent","Bocas","STRI Point","orig_df",0.7089883088
"306","Gobiidae","AT14-2-1",0.889002327,889.002327,"Sub Recent","Bocas","Punta Donato","orig_df",0.7856072164
"307","Gobiidae","AT14-3-6",0.891548059,891.5480591,"Sub Recent","Bocas","Cayo Adriana","orig_df",0.7275395538
"308","Gobiidae","AT12-1-3-1",0.891813476,891.8134756,"Sub Recent","Bocas","STRI Point","orig_df",0.7351090945
"309","Gobiidae","AT14-3-6",0.891859068,891.8590683,"Sub Recent","Bocas","Cayo Adriana","orig_df",0.6947480704
"310","Gobiidae","AT14-2-1",0.89464385,894.6438496,"Sub Recent","Bocas","Punta Donato","orig_df",0.715048738
"311","Gobiidae","AT14-2-2",0.895196503,895.1965026,"Sub Recent","Bocas","Punta Donato","orig_df",0.9978915796
"312","Gobiidae","AT14-1-2",0.896059096,896.0590957,"Sub Recent","Bocas","Casa Blanca","orig_df",0.751086918
"313","Gobiidae","AT14-2-2",0.896783631,896.7836307,"Sub Recent","Bocas","Punta Donato","orig_df",0.5816281801
"314","Gobiidae","AT14-1-2",0.896939849,896.9398485,"Sub Recent","Bocas","Casa Blanca","orig_df",0.7424088156
"315","Gobiidae","AT14-2-2",0.897845883,897.8458827,"Sub Recent","Bocas","Punta Donato","orig_df",0.7534918095
"316","Gobiidae","AT14-2-2",0.900878299,900.8782988,"Sub Recent","Bocas","Punta Donato","orig_df",0.6124743054
"317","Gobiidae","AT12-1-4-1",0.903032833,903.0328325,"Sub Recent","Bocas","STRI Point","orig_df",0.8051613412
"318","Gobiidae","AT14-1-8",0.903049255,903.0492552,"Sub Recent","Bocas","Casa Blanca","orig_df",0.734171656
"319","Gobiidae","AT14-3-4",0.903539892,903.5398919,"Sub Recent","Bocas","Cayo Adriana","orig_df",0.7979961501
"320","Gobiidae","AT12-1-3-1",0.904127794,904.1277944,"Sub Recent","Bocas","STRI Point","orig_df",0.7839311763
"321","Gobiidae","AT14-3-4",0.904563439,904.5634391,"Sub Recent","Bocas","Cayo Adriana","orig_df",0.7479299894
"322","Gobiidae","AT14-3-4",0.905035337,905.0353372,"Sub Recent","Bocas","Cayo Adriana","orig_df",0.740353033
"323","Gobiidae","AT12-1-4-1",0.905517508,905.5175083,"Sub Recent","Bocas","STRI Point","orig_df",0.7505113788
"324","Gobiidae","AT14-2-2",0.905916949,905.9169494,"Sub Recent","Bocas","Punta Donato","orig_df",1.001538601
"325","Gobiidae","AT12-1-4-1",0.906316213,906.316213,"Sub Recent","Bocas","STRI Point","orig_df",0.7555856436
"326","Gobiidae","AT14-2-2",0.907327504,907.327504,"Sub Recent","Bocas","Punta Donato","orig_df",0.8911144043
"327","Gobiidae","AT14-3-4",0.910725147,910.7251468,"Sub Recent","Bocas","Cayo Adriana","orig_df",0.7716136502
"328","Gobiidae","AT14-2-2",0.911074069,911.0740688,"Sub Recent","Bocas","Punta Donato","orig_df",0.7926555321
"329","Gobiidae","AT12-1-4-1",0.911584193,911.584193,"Sub Recent","Bocas","STRI Point","orig_df",0.7178143957
"330","Gobiidae","AT14-2-1",0.912554001,912.5540012,"Sub Recent","Bocas","Punta Donato","orig_df",0.66197205
"331","Gobiidae","AT14-2-1",0.912895733,912.895733,"Sub Recent","Bocas","Punta Donato","orig_df",0.7152025208
"332","Gobiidae","AT12-1-2-2",0.914917348,914.9173475,"Sub Recent","Bocas","STRI Point","orig_df",0.4948533701
"333","Gobiidae","AT12-1-4-1",0.916446135,916.4461346,"Sub Recent","Bocas","STRI Point","orig_df",0.7150201558
"334","Gobiidae","AT12-1-3-1",0.916630469,916.6304689,"Sub Recent","Bocas","STRI Point","orig_df",0.8032582394
"335","Gobiidae","AT14-2-2",0.917807859,917.8078591,"Sub Recent","Bocas","Punta Donato","orig_df",0.7757225673
"336","Gobiidae","AT14-2-1",0.918962705,918.9627049,"Sub Recent","Bocas","Punta Donato","orig_df",0.5432132353
"337","Gobiidae","AT14-2-2",0.92027999,920.2799898,"Sub Recent","Bocas","Punta Donato","orig_df",0.6806275043
"338","Gobiidae","AT14-2-1",0.920730753,920.7307525,"Sub Recent","Bocas","Punta Donato","orig_df",0.7113426423
"339","Gobiidae","AT12-1-3-1",0.921241356,921.2413558,"Sub Recent","Bocas","STRI Point","orig_df",0.7831085902
"340","Gobiidae","AT14-2-2",0.921351231,921.3512308,"Sub Recent","Bocas","Punta Donato","orig_df",0.6880146785
"341","Gobiidae","AT14-2-2",0.923200222,923.2002223,"Sub Recent","Bocas","Punta Donato","orig_df",0.650103059
"342","Gobiidae","AT12-1-3-1",0.923417487,923.4174865,"Sub Recent","Bocas","STRI Point","orig_df",0.7724355765
"343","Gobiidae","AT12-1-4-1",0.924613956,924.6139555,"Sub Recent","Bocas","STRI Point","orig_df",0.7959014189
"344","Gobiidae","AT14-2-2",0.925314446,925.3144464,"Sub Recent","Bocas","Punta Donato","orig_df",0.8104907812
"345","Gobiidae","AT14-2-2",0.92631031,926.3103096,"Sub Recent","Bocas","Punta Donato","orig_df",0.5798435793
"346","Gobiidae","AT12-1-3-1",0.928299981,928.2999808,"Sub Recent","Bocas","STRI Point","orig_df",0.7622216943
"347","Gobiidae","AT14-2-2",0.929479527,929.4795266,"Sub Recent","Bocas","Punta Donato","orig_df",1.116378997
"348","Gobiidae","AT14-1-8",0.931168049,931.1680488,"Sub Recent","Bocas","Casa Blanca","orig_df",0.7915127634
"349","Gobiidae","AT14-2-2",0.933996303,933.9963034,"Sub Recent","Bocas","Punta Donato","orig_df",0.7121579407
"350","Gobiidae","AT12-1-4-1",0.934238064,934.2380643,"Sub Recent","Bocas","STRI Point","orig_df",0.8402549656
"351","Gobiidae","AT14-2-1",0.934605248,934.6052482,"Sub Recent","Bocas","Punta Donato","orig_df",0.6034496008
"352","Gobiidae","AT14-2-2",0.934831714,934.8317143,"Sub Recent","Bocas","Punta Donato","orig_df",0.732162681
"353","Gobiidae","AT12-1-3-1",0.935353079,935.3530786,"Sub Recent","Bocas","STRI Point","orig_df",0.7674847994
"354","Gobiidae","AT14-2-2",0.93580818,935.8081801,"Sub Recent","Bocas","Punta Donato","orig_df",0.968128997
"355","Gobiidae","AT14-3-6",0.939297984,939.2979844,"Sub Recent","Bocas","Cayo Adriana","orig_df",0.7507849676
"356","Gobiidae","AT14-1-2",0.939477128,939.4771283,"Sub Recent","Bocas","Casa Blanca","orig_df",0.8176684737
"357","Gobiidae","AT14-2-2",0.939479916,939.479916,"Sub Recent","Bocas","Punta Donato","orig_df",0.8224570985
"358","Gobiidae","AT14-2-2",0.940568847,940.5688467,"Sub Recent","Bocas","Punta Donato","orig_df",0.9377953626
"359","Gobiidae","AT14-2-1",0.942593826,942.5938262,"Sub Recent","Bocas","Punta Donato","orig_df",0.8412174003
"360","Gobiidae","AT12-1-1-1",0.94286711,942.8671101,"Sub Recent","Bocas","STRI Point","orig_df",0.8894698224
"361","Gobiidae","AT14-2-1",0.942994789,942.9947887,"Sub Recent","Bocas","Punta Donato","orig_df",0.827189967
"362","Gobiidae","AT12-1-4-1",0.947289094,947.2890937,"Sub Recent","Bocas","STRI Point","orig_df",0.8151224648
"363","Gobiidae","AT12-1-3-1",0.947358563,947.3585628,"Sub Recent","Bocas","STRI Point","orig_df",0.8186865129
"364","Gobiidae","AT14-2-2",0.950541556,950.5415559,"Sub Recent","Bocas","Punta Donato","orig_df",0.7503549874
"365","Gobiidae","AT12-1-3-1",0.95138162,951.3816204,"Sub Recent","Bocas","STRI Point","orig_df",0.7727511274
"366","Gobiidae","AT12-1-3-1",0.9544432,954.4432004,"Sub Recent","Bocas","STRI Point","orig_df",0.8462395051
"367","Gobiidae","AT14-2-2",0.954543793,954.5437928,"Sub Recent","Bocas","Punta Donato","orig_df",0.5845713762
"368","Gobiidae","AT14-2-2",0.956548679,956.5486787,"Sub Recent","Bocas","Punta Donato","orig_df",0.6554897898
"369","Gobiidae","AT12-1-4-1",0.957364971,957.364971,"Sub Recent","Bocas","STRI Point","orig_df",0.8028214398
"370","Gobiidae","AT14-2-2",0.957432566,957.4325655,"Sub Recent","Bocas","Punta Donato","orig_df",0.7979935616
"371","Gobiidae","AT12-1-4-1",0.960072325,960.072325,"Sub Recent","Bocas","STRI Point","orig_df",0.7642492377
"372","Gobiidae","AT14-2-2",0.961239297,961.2392971,"Sub Recent","Bocas","Punta Donato","orig_df",0.9131519964
"373","Gobiidae","AT12-1-2-1",0.965037373,965.0373726,"Sub Recent","Bocas","STRI Point","orig_df",0.8730467157
"374","Gobiidae","AT14-1-8",0.96522458,965.2245802,"Sub Recent","Bocas","Casa Blanca","orig_df",0.7955488866
"375","Gobiidae","AT14-1-8",0.965700991,965.7009912,"Sub Recent","Bocas","Casa Blanca","orig_df",0.8083450576
"376","Gobiidae","AT12-1-4-1",0.966617104,966.6171035,"Sub Recent","Bocas","STRI Point","orig_df",0.8316475667
"377","Gobiidae","AT14-2-1",0.966732036,966.7320358,"Sub Recent","Bocas","Punta Donato","orig_df",0.7636566278
"378","Gobiidae","AT12-1-3-1",0.966995325,966.9953246,"Sub Recent","Bocas","STRI Point","orig_df",0.7580616913
"379","Gobiidae","AT12-1-4-1",0.968209822,968.2098224,"Sub Recent","Bocas","STRI Point","orig_df",0.7941056811
"380","Gobiidae","AT14-2-2",0.968988429,968.9884292,"Sub Recent","Bocas","Punta Donato","orig_df",0.605622336
"381","Gobiidae","AT14-1-8",0.969283265,969.2832649,"Sub Recent","Bocas","Casa Blanca","orig_df",0.8489670908
"382","Gobiidae","AT12-1-4-1",0.969407701,969.4077005,"Sub Recent","Bocas","STRI Point","orig_df",0.8695455603
"383","Gobiidae","AT12-1-4-1",0.969510278,969.5102783,"Sub Recent","Bocas","STRI Point","orig_df",0.8215241548
"384","Gobiidae","AT12-1-4-1",0.970254109,970.2541094,"Sub Recent","Bocas","STRI Point","orig_df",0.7740884828
"385","Gobiidae","AT14-2-2",0.97165537,971.6553699,"Sub Recent","Bocas","Punta Donato","orig_df",0.84388465
"386","Gobiidae","AT14-2-1",0.972395055,972.3950551,"Sub Recent","Bocas","Punta Donato","orig_df",0.9436753053
"387","Gobiidae","AT12-1-2-2",0.972399268,972.3992678,"Sub Recent","Bocas","STRI Point","orig_df",0.8932060285
"388","Gobiidae","AT12-1-1-1",0.972491204,972.4912042,"Sub Recent","Bocas","STRI Point","orig_df",0.8894880051
"389","Gobiidae","AT14-2-2",0.972844496,972.8444964,"Sub Recent","Bocas","Punta Donato","orig_df",0.9991352398
"390","Gobiidae","AT14-1-8",0.973935833,973.9358331,"Sub Recent","Bocas","Casa Blanca","orig_df",0.7595013957
"391","Gobiidae","AT14-2-2",0.974693969,974.6939688,"Sub Recent","Bocas","Punta Donato","orig_df",0.6459701547
"392","Gobiidae","AT14-2-2",0.974979077,974.9790768,"Sub Recent","Bocas","Punta Donato","orig_df",0.7056195504
"393","Gobiidae","AT12-1-2-2",0.975124358,975.1243577,"Sub Recent","Bocas","STRI Point","orig_df",0.8358727008
"394","Gobiidae","AT14-2-2",0.976670175,976.6701752,"Sub Recent","Bocas","Punta Donato","orig_df",0.6454308319
"395","Gobiidae","AT12-1-4-1",0.978488752,978.4887522,"Sub Recent","Bocas","STRI Point","orig_df",0.757030401
"396","Gobiidae","AT14-2-2",0.979147644,979.1476443,"Sub Recent","Bocas","Punta Donato","orig_df",0.7762279211
"397","Gobiidae","AT12-1-4-1",0.980553567,980.553567,"Sub Recent","Bocas","STRI Point","orig_df",0.8667122753
"398","Gobiidae","AT12-1-3-1",0.98104835,981.0483504,"Sub Recent","Bocas","STRI Point","orig_df",0.877920242
"399","Gobiidae","AT12-1-2-2",0.981464337,981.4643367,"Sub Recent","Bocas","STRI Point","orig_df",0.8771207326
"400","Gobiidae","AT12-1-2-2",0.982460614,982.460614,"Sub Recent","Bocas","STRI Point","orig_df",0.8642661762
"401","Gobiidae","AT14-1-8",0.982489098,982.4890978,"Sub Recent","Bocas","Casa Blanca","orig_df",0.7995282756
"402","Gobiidae","AT12-1-3-1",0.983110047,983.1100465,"Sub Recent","Bocas","STRI Point","orig_df",0.8331638188
"403","Gobiidae","AT12-1-2-2",0.983150257,983.150257,"Sub Recent","Bocas","STRI Point","orig_df",0.8259017125
"404","Gobiidae","AT12-1-2-2",0.983657712,983.657712,"Sub Recent","Bocas","STRI Point","orig_df",0.8796290124
"405","Gobiidae","AT12-1-4-1",0.983887385,983.8873846,"Sub Recent","Bocas","STRI Point","orig_df",0.8587710323
"406","Gobiidae","AT14-2-2",0.984753699,984.7536988,"Sub Recent","Bocas","Punta Donato","orig_df",0.6218550124
"407","Gobiidae","AT14-2-1",0.984907368,984.9073677,"Sub Recent","Bocas","Punta Donato","orig_df",0.5875015157
"408","Gobiidae","AT12-1-4-1",0.984956946,984.9569461,"Sub Recent","Bocas","STRI Point","orig_df",0.814613111
"409","Gobiidae","AT12-1-2-2",0.985337396,985.3373961,"Sub Recent","Bocas","STRI Point","orig_df",0.9048965856
"410","Gobiidae","AT14-2-1",0.986079086,986.0790861,"Sub Recent","Bocas","Punta Donato","orig_df",0.8692320273
"411","Gobiidae","AT14-2-1",0.98611173,986.1117296,"Sub Recent","Bocas","Punta Donato","orig_df",0.5860274322
"412","Gobiidae","AT14-1-8",0.986457646,986.4576455,"Sub Recent","Bocas","Casa Blanca","orig_df",0.8239771719
"413","Gobiidae","AT12-1-2-2",0.986623988,986.6239881,"Sub Recent","Bocas","STRI Point","orig_df",0.8684778071
"414","Gobiidae","AT12-1-2-1",0.988040507,988.0405068,"Sub Recent","Bocas","STRI Point","orig_df",0.9333313068
"415","Gobiidae","AT12-1-2-2",0.988746249,988.7462487,"Sub Recent","Bocas","STRI Point","orig_df",0.8686484089
"416","Gobiidae","AT14-2-2",0.989210083,989.2100828,"Sub Recent","Bocas","Punta Donato","orig_df",0.9158758279
"417","Gobiidae","AT14-2-1",0.99098403,990.9840295,"Sub Recent","Bocas","Punta Donato","orig_df",0.6105390796
"418","Gobiidae","AT14-1-2",0.991872607,991.872607,"Sub Recent","Bocas","Casa Blanca","orig_df",0.8420734708
"419","Gobiidae","AT14-2-1",0.992396637,992.3966368,"Sub Recent","Bocas","Punta Donato","orig_df",1.071073556
"420","Gobiidae","AT14-1-2",0.998764457,998.7644573,"Sub Recent","Bocas","Casa Blanca","orig_df",0.8074974551
"421","Gobiidae","AT12-1-2-2",0.999352088,999.3520877,"Sub Recent","Bocas","STRI Point","orig_df",0.8561013793
"422","Gobiidae","AT12-1-2-1",0.999408829,999.4088291,"Sub Recent","Bocas","STRI Point","orig_df",0.8919788285
"423","Gobiidae","AT12-1-2-1",0.999454934,999.4549338,"Sub Recent","Bocas","STRI Point","orig_df",0.8977109467
"424","Gobiidae","AT12-1-2-2",0.999579428,999.5794278,"Sub Recent","Bocas","STRI Point","orig_df",0.8406041064
"425","Gobiidae","AT12-1-4-1",0.999580331,999.5803314,"Sub Recent","Bocas","STRI Point","orig_df",0.9153296355
"426","Gobiidae","AT14-2-2",1.00025748,1000.25748,"Sub Recent","Bocas","Punta Donato","orig_df",0.6834531528
"427","Gobiidae","AT12-1-2-2",1.001191568,1001.191568,"Sub Recent","Bocas","STRI Point","orig_df",0.8648287189
"428","Gobiidae","AT14-3-6",1.001335632,1001.335632,"Sub Recent","Bocas","Cayo Adriana","orig_df",0.8883431598
"429","Gobiidae","AT14-2-2",1.001841984,1001.841984,"Sub Recent","Bocas","Punta Donato","orig_df",0.9054338455
"430","Gobiidae","AT14-1-2",1.002148863,1002.148863,"Sub Recent","Bocas","Casa Blanca","orig_df",0.9001522709
"431","Gobiidae","AT14-2-2",1.002780403,1002.780403,"Sub Recent","Bocas","Punta Donato","orig_df",1.202705826
"432","Gobiidae","AT12-1-1-1",1.004068399,1004.068399,"Sub Recent","Bocas","STRI Point","orig_df",0.909324138
"433","Gobiidae","AT12-1-3-1",1.00431498,1004.31498,"Sub Recent","Bocas","STRI Point","orig_df",0.8682059775
"434","Gobiidae","AT12-1-3-1",1.004507708,1004.507708,"Sub Recent","Bocas","STRI Point","orig_df",0.8475248361
"435","Gobiidae","AT12-1-4-1",1.005844514,1005.844514,"Sub Recent","Bocas","STRI Point","orig_df",0.8080827707
"436","Gobiidae","AT14-2-1",1.006298203,1006.298203,"Sub Recent","Bocas","Punta Donato","orig_df",0.755596452
"437","Gobiidae","AT12-1-4-1",1.00701751,1007.01751,"Sub Recent","Bocas","STRI Point","orig_df",0.8098202428
"438","Gobiidae","AT12-1-3-1",1.007445062,1007.445062,"Sub Recent","Bocas","STRI Point","orig_df",0.8583417716
"439","Gobiidae","AT14-2-1",1.008119013,1008.119013,"Sub Recent","Bocas","Punta Donato","orig_df",0.6100172107
"440","Gobiidae","AT12-1-1-1",1.00817163,1008.17163,"Sub Recent","Bocas","STRI Point","orig_df",0.8464974869
"441","Gobiidae","AT14-3-4",1.008746132,1008.746132,"Sub Recent","Bocas","Cayo Adriana","orig_df",0.8735312336
"442","Gobiidae","AT14-3-6",1.008821079,1008.821079,"Sub Recent","Bocas","Cayo Adriana","orig_df",0.7829760796
"443","Gobiidae","AT14-2-2",1.0093281,1009.3281,"Sub Recent","Bocas","Punta Donato","orig_df",0.767282525
"444","Gobiidae","AT14-2-2",1.009890196,1009.890196,"Sub Recent","Bocas","Punta Donato","orig_df",0.6517671411
"445","Gobiidae","AT14-2-2",1.010162367,1010.162367,"Sub Recent","Bocas","Punta Donato","orig_df",0.724800951
"446","Gobiidae","AT14-1-2",1.011330843,1011.330843,"Sub Recent","Bocas","Casa Blanca","orig_df",0.7743034356
"447","Gobiidae","AT14-2-2",1.011441006,1011.441006,"Sub Recent","Bocas","Punta Donato","orig_df",0.8642037244
"448","Gobiidae","AT14-1-2",1.011736837,1011.736837,"Sub Recent","Bocas","Casa Blanca","orig_df",0.8289214639
"449","Gobiidae","AT14-2-2",1.012328124,1012.328124,"Sub Recent","Bocas","Punta Donato","orig_df",0.6739252661
"450","Gobiidae","AT14-1-8",1.012434841,1012.434841,"Sub Recent","Bocas","Casa Blanca","orig_df",0.8315976508
"451","Gobiidae","AT14-2-2",1.012723253,1012.723253,"Sub Recent","Bocas","Punta Donato","orig_df",0.7617580492
"452","Gobiidae","AT14-2-2",1.014365886,1014.365886,"Sub Recent","Bocas","Punta Donato","orig_df",0.8339909347
"453","Gobiidae","AT14-1-2",1.014596565,1014.596565,"Sub Recent","Bocas","Casa Blanca","orig_df",0.8717020903
"454","Gobiidae","AT14-2-1",1.015018108,1015.018108,"Sub Recent","Bocas","Punta Donato","orig_df",0.8751585511
"455","Gobiidae","AT12-1-2-2",1.015876537,1015.876537,"Sub Recent","Bocas","STRI Point","orig_df",0.8787733247
"456","Gobiidae","AT12-1-4-1",1.015891295,1015.891295,"Sub Recent","Bocas","STRI Point","orig_df",0.8342270492
"457","Gobiidae","AT14-1-2",1.016295545,1016.295545,"Sub Recent","Bocas","Casa Blanca","orig_df",0.8502387125
"458","Gobiidae","AT12-1-4-1",1.016625969,1016.625969,"Sub Recent","Bocas","STRI Point","orig_df",0.9524787648
"459","Gobiidae","AT12-1-2-2",1.016696855,1016.696855,"Sub Recent","Bocas","STRI Point","orig_df",0.8241036312
"460","Gobiidae","AT12-1-1-1",1.016847494,1016.847494,"Sub Recent","Bocas","STRI Point","orig_df",0.8842369598
"461","Gobiidae","AT14-2-2",1.01715041,1017.15041,"Sub Recent","Bocas","Punta Donato","orig_df",0.7902178869
"462","Gobiidae","AT12-1-2-2",1.017270583,1017.270583,"Sub Recent","Bocas","STRI Point","orig_df",0.905016854
"463","Gobiidae","AT14-2-2",1.018953762,1018.953762,"Sub Recent","Bocas","Punta Donato","orig_df",0.8465498309
"464","Gobiidae","AT12-1-2-2",1.01898716,1018.98716,"Sub Recent","Bocas","STRI Point","orig_df",0.9008087331
"465","Gobiidae","AT12-1-2-2",1.019201078,1019.201078,"Sub Recent","Bocas","STRI Point","orig_df",0.8565375898
"466","Gobiidae","AT12-1-4-1",1.019798582,1019.798582,"Sub Recent","Bocas","STRI Point","orig_df",0.8252655674
"467","Gobiidae","AT14-3-4",1.020325402,1020.325402,"Sub Recent","Bocas","Cayo Adriana","orig_df",0.8137357258
"468","Gobiidae","AT14-2-1",1.02037636,1020.37636,"Sub Recent","Bocas","Punta Donato","orig_df",0.6458190586
"469","Gobiidae","AT12-1-3-1",1.022157784,1022.157784,"Sub Recent","Bocas","STRI Point","orig_df",0.8927217415
"470","Gobiidae","AT14-2-2",1.022205051,1022.205051,"Sub Recent","Bocas","Punta Donato","orig_df",0.9514598868
"471","Gobiidae","AT14-3-6",1.023116233,1023.116233,"Sub Recent","Bocas","Cayo Adriana","orig_df",0.8852226796
"472","Gobiidae","AT12-1-2-2",1.024399699,1024.399699,"Sub Recent","Bocas","STRI Point","orig_df",0.8329150211
"473","Gobiidae","AT12-1-3-1",1.024899299,1024.899299,"Sub Recent","Bocas","STRI Point","orig_df",0.8270581993
"474","Gobiidae","AT14-3-6",1.025143418,1025.143418,"Sub Recent","Bocas","Cayo Adriana","orig_df",0.8332888885
"475","Gobiidae","AT12-1-4-1",1.028259396,1028.259396,"Sub Recent","Bocas","STRI Point","orig_df",0.7344158488
"476","Gobiidae","AT14-2-1",1.028383515,1028.383515,"Sub Recent","Bocas","Punta Donato","orig_df",0.9509241296
"477","Gobiidae","AT14-1-8",1.028435928,1028.435928,"Sub Recent","Bocas","Casa Blanca","orig_df",0.8437975599
"478","Gobiidae","AT12-1-4-1",1.031073976,1031.073976,"Sub Recent","Bocas","STRI Point","orig_df",0.7995610529
"479","Gobiidae","AT14-2-2",1.034981327,1034.981327,"Sub Recent","Bocas","Punta Donato","orig_df",0.9292299595
"480","Gobiidae","AT12-1-3-1",1.035608814,1035.608814,"Sub Recent","Bocas","STRI Point","orig_df",0.9308754807
"481","Gobiidae","AT14-2-2",1.037192363,1037.192363,"Sub Recent","Bocas","Punta Donato","orig_df",0.9305322577
"482","Gobiidae","AT12-1-2-1",1.037598617,1037.598617,"Sub Recent","Bocas","STRI Point","orig_df",0.942450797
"483","Gobiidae","AT14-2-2",1.037888834,1037.888834,"Sub Recent","Bocas","Punta Donato","orig_df",0.6098970761
"484","Gobiidae","AT12-1-3-1",1.042762968,1042.762968,"Sub Recent","Bocas","STRI Point","orig_df",0.8538945854
"485","Gobiidae","AT12-1-4-1",1.04392884,1043.92884,"Sub Recent","Bocas","STRI Point","orig_df",0.88243226
"486","Gobiidae","AT12-1-4-1",1.044000303,1044.000303,"Sub Recent","Bocas","STRI Point","orig_df",0.9142344867
"487","Gobiidae","AT14-2-2",1.044167757,1044.167757,"Sub Recent","Bocas","Punta Donato","orig_df",0.6914449143
"488","Gobiidae","AT12-1-2-1",1.044970523,1044.970523,"Sub Recent","Bocas","STRI Point","orig_df",0.9441895513
"489","Gobiidae","AT12-1-4-1",1.045587504,1045.587504,"Sub Recent","Bocas","STRI Point","orig_df",0.9017521566
"490","Gobiidae","AT14-2-2",1.045738256,1045.738256,"Sub Recent","Bocas","Punta Donato","orig_df",0.7189668734
"491","Gobiidae","AT12-1-4-1",1.04581099,1045.81099,"Sub Recent","Bocas","STRI Point","orig_df",0.9197850426
"492","Gobiidae","AT12-1-3-1",1.047776162,1047.776162,"Sub Recent","Bocas","STRI Point","orig_df",0.9817343374
"493","Gobiidae","AT12-1-1-1",1.048998382,1048.998382,"Sub Recent","Bocas","STRI Point","orig_df",0.9090531793
"494","Gobiidae","AT14-3-6",1.049747283,1049.747283,"Sub Recent","Bocas","Cayo Adriana","orig_df",0.8837490066
"495","Gobiidae","AT12-1-1-1",1.052080401,1052.080401,"Sub Recent","Bocas","STRI Point","orig_df",0.8654354496
"496","Gobiidae","AT14-2-2",1.052228054,1052.228054,"Sub Recent","Bocas","Punta Donato","orig_df",0.8693830232
"497","Gobiidae","AT14-2-2",1.054109596,1054.109596,"Sub Recent","Bocas","Punta Donato","orig_df",0.7097407898
"498","Gobiidae","AT14-2-2",1.054597864,1054.597864,"Sub Recent","Bocas","Punta Donato","orig_df",0.8169937636
"499","Gobiidae","AT14-2-2",1.056561623,1056.561623,"Sub Recent","Bocas","Punta Donato","orig_df",0.6849633645
"500","Gobiidae","AT12-1-4-1",1.05672895,1056.72895,"Sub Recent","Bocas","STRI Point","orig_df",0.7446639147
"501","Gobiidae","AT14-2-2",1.057521484,1057.521484,"Sub Recent","Bocas","Punta Donato","orig_df",1.02599309
"502","Gobiidae","AT12-1-3-1",1.059753605,1059.753605,"Sub Recent","Bocas","STRI Point","orig_df",0.8169469931
"503","Gobiidae","AT12-1-2-1",1.060037466,1060.037466,"Sub Recent","Bocas","STRI Point","orig_df",0.8849551606
"504","Gobiidae","AT14-3-6",1.060219944,1060.219944,"Sub Recent","Bocas","Cayo Adriana","orig_df",0.9024754773
"505","Gobiidae","AT12-1-2-2",1.061132925,1061.132925,"Sub Recent","Bocas","STRI Point","orig_df",0.8902255491
"506","Gobiidae","AT12-1-2-1",1.061961253,1061.961253,"Sub Recent","Bocas","STRI Point","orig_df",0.9572371747
"507","Gobiidae","AT14-2-2",1.062723021,1062.723021,"Sub Recent","Bocas","Punta Donato","orig_df",0.8161069411
"508","Gobiidae","AT14-3-4",1.063605883,1063.605883,"Sub Recent","Bocas","Cayo Adriana","orig_df",0.9019439406
"509","Gobiidae","AT12-1-2-2",1.063713884,1063.713884,"Sub Recent","Bocas","STRI Point","orig_df",0.8796068294
"510","Gobiidae","AT12-1-3-1",1.066493207,1066.493207,"Sub Recent","Bocas","STRI Point","orig_df",0.9376864319
"511","Gobiidae","AT12-1-1-1",1.067191492,1067.191492,"Sub Recent","Bocas","STRI Point","orig_df",0.8992749212
"512","Gobiidae","AT12-1-2-1",1.067432574,1067.432574,"Sub Recent","Bocas","STRI Point","orig_df",0.9891930546
"513","Gobiidae","AT14-2-2",1.068413297,1068.413297,"Sub Recent","Bocas","Punta Donato","orig_df",0.8607779848
"514","Gobiidae","AT12-1-4-1",1.070613353,1070.613353,"Sub Recent","Bocas","STRI Point","orig_df",0.9231513622
"515","Gobiidae","AT14-2-1",1.070672634,1070.672634,"Sub Recent","Bocas","Punta Donato","orig_df",1.036050086
"516","Gobiidae","AT12-1-4-1",1.071752792,1071.752792,"Sub Recent","Bocas","STRI Point","orig_df",0.8774037905
"517","Gobiidae","AT14-2-2",1.072169839,1072.169839,"Sub Recent","Bocas","Punta Donato","orig_df",0.8010045308
"518","Gobiidae","AT14-1-2",1.072983845,1072.983845,"Sub Recent","Bocas","Casa Blanca","orig_df",0.8590663813
"519","Gobiidae","AT14-3-6",1.073163799,1073.163799,"Sub Recent","Bocas","Cayo Adriana","orig_df",0.9245942531
"520","Gobiidae","AT12-1-3-1",1.074378552,1074.378552,"Sub Recent","Bocas","STRI Point","orig_df",0.8521952473
"521","Gobiidae","AT14-1-2",1.074814502,1074.814502,"Sub Recent","Bocas","Casa Blanca","orig_df",0.8983775502
"522","Gobiidae","AT14-2-1",1.077576803,1077.576803,"Sub Recent","Bocas","Punta Donato","orig_df",0.9495549665
"523","Gobiidae","AT14-1-8",1.077659547,1077.659547,"Sub Recent","Bocas","Casa Blanca","orig_df",0.9907945596
"524","Gobiidae","AT14-3-6",1.079411178,1079.411178,"Sub Recent","Bocas","Cayo Adriana","orig_df",0.8804664046
"525","Gobiidae","AT12-1-2-2",1.081087149,1081.087149,"Sub Recent","Bocas","STRI Point","orig_df",0.9765659183
"526","Gobiidae","AT14-2-2",1.082294999,1082.294999,"Sub Recent","Bocas","Punta Donato","orig_df",0.8856442688
"527","Gobiidae","AT14-2-2",1.082973544,1082.973544,"Sub Recent","Bocas","Punta Donato","orig_df",0.8847531916
"528","Gobiidae","AT12-1-2-1",1.085113916,1085.113916,"Sub Recent","Bocas","STRI Point","orig_df",0.8964621183
"529","Gobiidae","AT12-1-4-1",1.085155795,1085.155795,"Sub Recent","Bocas","STRI Point","orig_df",0.8929503375
"530","Gobiidae","AT14-2-2",1.08539807,1085.39807,"Sub Recent","Bocas","Punta Donato","orig_df",0.7812165538
"531","Gobiidae","AT14-2-2",1.086881692,1086.881692,"Sub Recent","Bocas","Punta Donato","orig_df",0.8758826843
"532","Gobiidae","AT14-2-1",1.087957711,1087.957711,"Sub Recent","Bocas","Punta Donato","orig_df",0.7198304004
"533","Gobiidae","AT12-1-4-1",1.088756031,1088.756031,"Sub Recent","Bocas","STRI Point","orig_df",0.9108102807
"534","Gobiidae","AT14-1-2",1.089561963,1089.561963,"Sub Recent","Bocas","Casa Blanca","orig_df",0.8272385971
"535","Gobiidae","AT14-1-2",1.090875912,1090.875912,"Sub Recent","Bocas","Casa Blanca","orig_df",0.9279996586
"536","Gobiidae","AT14-2-1",1.090972607,1090.972607,"Sub Recent","Bocas","Punta Donato","orig_df",0.8351022914
"537","Gobiidae","AT12-1-2-2",1.091164032,1091.164032,"Sub Recent","Bocas","STRI Point","orig_df",0.9489577971
"538","Gobiidae","AT14-2-1",1.091260734,1091.260734,"Sub Recent","Bocas","Punta Donato","orig_df",0.6105224406
"539","Gobiidae","AT14-2-2",1.09190811,1091.90811,"Sub Recent","Bocas","Punta Donato","orig_df",0.8035880648
"540","Gobiidae","AT14-1-2",1.091921302,1091.921302,"Sub Recent","Bocas","Casa Blanca","orig_df",0.884399597
"541","Gobiidae","AT12-1-3-1",1.092508439,1092.508439,"Sub Recent","Bocas","STRI Point","orig_df",0.9391402757
"542","Gobiidae","AT12-1-6-1",1.092754521,1092.754521,"Sub Recent","Bocas","STRI Point","orig_df",0.8706697159
"543","Gobiidae","AT12-1-2-1",1.092991957,1092.991957,"Sub Recent","Bocas","STRI Point","orig_df",0.9638636912
"544","Gobiidae","AT12-1-4-1",1.095045281,1095.045281,"Sub Recent","Bocas","STRI Point","orig_df",0.9391983959
"545","Gobiidae","AT12-1-3-1",1.096468385,1096.468385,"Sub Recent","Bocas","STRI Point","orig_df",0.8530975647
"546","Gobiidae","AT14-1-8",1.099396253,1099.396253,"Sub Recent","Bocas","Casa Blanca","orig_df",0.8860999438
"547","Gobiidae","AT14-2-2",1.10073118,1100.73118,"Sub Recent","Bocas","Punta Donato","orig_df",0.6502183561
"548","Gobiidae","AT12-1-2-2",1.10329887,1103.29887,"Sub Recent","Bocas","STRI Point","orig_df",0.9428009682
"549","Gobiidae","AT12-1-4-1",1.104047636,1104.047636,"Sub Recent","Bocas","STRI Point","orig_df",0.8810703825
"550","Gobiidae","AT12-1-2-2",1.104114738,1104.114738,"Sub Recent","Bocas","STRI Point","orig_df",0.9552522654
"551","Gobiidae","AT12-1-3-1",1.104678257,1104.678257,"Sub Recent","Bocas","STRI Point","orig_df",1.001730257
"552","Gobiidae","AT12-1-2-2",1.10543358,1105.43358,"Sub Recent","Bocas","STRI Point","orig_df",0.8751987301
"553","Gobiidae","AT12-1-3-1",1.105535711,1105.535711,"Sub Recent","Bocas","STRI Point","orig_df",0.9760392982
"554","Gobiidae","AT14-2-1",1.105597722,1105.597722,"Sub Recent","Bocas","Punta Donato","orig_df",1.006652016
"555","Gobiidae","AT14-2-2",1.105655429,1105.655429,"Sub Recent","Bocas","Punta Donato","orig_df",0.7007485751
"556","Gobiidae","AT12-1-3-1",1.107484524,1107.484524,"Sub Recent","Bocas","STRI Point","orig_df",0.8835678249
"557","Gobiidae","AT14-2-2",1.108795861,1108.795861,"Sub Recent","Bocas","Punta Donato","orig_df",0.8865407515
"558","Gobiidae","AT14-2-2",1.109203671,1109.203671,"Sub Recent","Bocas","Punta Donato","orig_df",0.8045559079
"559","Gobiidae","AT14-2-2",1.111416759,1111.416759,"Sub Recent","Bocas","Punta Donato","orig_df",0.7001010047
"560","Gobiidae","AT14-1-8",1.111644132,1111.644132,"Sub Recent","Bocas","Casa Blanca","orig_df",0.8257091876
"561","Gobiidae","AT14-2-2",1.111664568,1111.664568,"Sub Recent","Bocas","Punta Donato","orig_df",0.8422007748
"562","Gobiidae","AT12-1-1-1",1.111930866,1111.930866,"Sub Recent","Bocas","STRI Point","orig_df",0.9654291511
"563","Gobiidae","AT12-1-4-1",1.112164415,1112.164415,"Sub Recent","Bocas","STRI Point","orig_df",0.9229233102
"564","Gobiidae","AT12-1-2-2",1.112335134,1112.335134,"Sub Recent","Bocas","STRI Point","orig_df",0.9149653484
"565","Gobiidae","AT12-1-4-1",1.11276995,1112.76995,"Sub Recent","Bocas","STRI Point","orig_df",0.9877323847
"566","Gobiidae","AT12-1-2-2",1.113561365,1113.561365,"Sub Recent","Bocas","STRI Point","orig_df",0.9488824936
"567","Gobiidae","AT14-2-2",1.114648401,1114.648401,"Sub Recent","Bocas","Punta Donato","orig_df",0.7836259901
"568","Gobiidae","AT12-1-2-2",1.114715953,1114.715953,"Sub Recent","Bocas","STRI Point","orig_df",0.9503353
"569","Gobiidae","AT12-1-1-1",1.115413233,1115.413233,"Sub Recent","Bocas","STRI Point","orig_df",0.9501921905
"570","Gobiidae","AT12-1-1-1",1.115878464,1115.878464,"Sub Recent","Bocas","STRI Point","orig_df",1.023547485
"571","Gobiidae","AT12-1-1-1",1.119466217,1119.466217,"Sub Recent","Bocas","STRI Point","orig_df",0.9685849609
"572","Gobiidae","AT14-3-6",1.120454013,1120.454013,"Sub Recent","Bocas","Cayo Adriana","orig_df",0.961491994
"573","Gobiidae","AT12-1-1-1",1.121436566,1121.436566,"Sub Recent","Bocas","STRI Point","orig_df",0.9618009235
"574","Gobiidae","AT14-2-2",1.121985181,1121.985181,"Sub Recent","Bocas","Punta Donato","orig_df",0.6197960208
"575","Gobiidae","AT12-1-4-1",1.122677705,1122.677705,"Sub Recent","Bocas","STRI Point","orig_df",0.8687777051
"576","Gobiidae","AT12-1-2-2",1.122916093,1122.916093,"Sub Recent","Bocas","STRI Point","orig_df",0.9806988793
"577","Gobiidae","AT12-1-2-1",1.124938616,1124.938616,"Sub Recent","Bocas","STRI Point","orig_df",0.9153656953
"578","Gobiidae","AT12-1-2-1",1.127292345,1127.292345,"Sub Recent","Bocas","STRI Point","orig_df",1.019157145
"579","Gobiidae","AT12-1-1-1",1.128336433,1128.336433,"Sub Recent","Bocas","STRI Point","orig_df",0.9724959235
"580","Gobiidae","AT12-1-2-1",1.128657054,1128.657054,"Sub Recent","Bocas","STRI Point","orig_df",1.008431742
"581","Gobiidae","AT14-2-2",1.129572536,1129.572536,"Sub Recent","Bocas","Punta Donato","orig_df",0.7208383071
"582","Gobiidae","AT12-1-3-1",1.12994629,1129.94629,"Sub Recent","Bocas","STRI Point","orig_df",0.9357532881
"583","Gobiidae","AT14-1-8",1.13106605,1131.06605,"Sub Recent","Bocas","Casa Blanca","orig_df",0.9274470653
"584","Gobiidae","AT12-1-6-1",1.131172046,1131.172046,"Sub Recent","Bocas","STRI Point","orig_df",0.969496584
"585","Gobiidae","AT12-1-2-1",1.131431517,1131.431517,"Sub Recent","Bocas","STRI Point","orig_df",1.02268753
"586","Gobiidae","AT12-1-2-1",1.131442729,1131.442729,"Sub Recent","Bocas","STRI Point","orig_df",1.080574754
"587","Gobiidae","AT12-1-4-1",1.131739678,1131.739678,"Sub Recent","Bocas","STRI Point","orig_df",0.9637364455
"588","Gobiidae","AT12-1-2-1",1.132602176,1132.602176,"Sub Recent","Bocas","STRI Point","orig_df",1.004280563
"589","Gobiidae","AT12-1-3-1",1.132947082,1132.947082,"Sub Recent","Bocas","STRI Point","orig_df",0.9556834104
"590","Gobiidae","AT14-2-2",1.1336629,1133.6629,"Sub Recent","Bocas","Punta Donato","orig_df",0.9665699512
"591","Gobiidae","AT14-2-2",1.133707441,1133.707441,"Sub Recent","Bocas","Punta Donato","orig_df",0.8341155572
"592","Gobiidae","AT12-1-2-1",1.13400875,1134.00875,"Sub Recent","Bocas","STRI Point","orig_df",0.9425977494
"593","Gobiidae","AT12-1-2-2",1.134090115,1134.090115,"Sub Recent","Bocas","STRI Point","orig_df",0.9461390339
"594","Gobiidae","AT12-1-3-1",1.137894283,1137.894283,"Sub Recent","Bocas","STRI Point","orig_df",0.9443264813
"595","Gobiidae","AT12-1-1-1",1.138469591,1138.469591,"Sub Recent","Bocas","STRI Point","orig_df",0.9435284421
"596","Gobiidae","AT12-1-2-2",1.139155428,1139.155428,"Sub Recent","Bocas","STRI Point","orig_df",1.039162316
"597","Gobiidae","AT12-1-2-1",1.146020546,1146.020546,"Sub Recent","Bocas","STRI Point","orig_df",0.934206015
"598","Gobiidae","AT12-1-1-1",1.148811556,1148.811556,"Sub Recent","Bocas","STRI Point","orig_df",1.048694964
"599","Gobiidae","AT14-2-2",1.149613301,1149.613301,"Sub Recent","Bocas","Punta Donato","orig_df",0.8901785071
"600","Gobiidae","AT12-1-4-1",1.150559057,1150.559057,"Sub Recent","Bocas","STRI Point","orig_df",0.9141283151
"601","Gobiidae","AT12-1-3-1",1.151687691,1151.687691,"Sub Recent","Bocas","STRI Point","orig_df",0.8489520412
"602","Gobiidae","AT12-1-2-2",1.154490202,1154.490202,"Sub Recent","Bocas","STRI Point","orig_df",1.012301359
"603","Gobiidae","AT14-2-2",1.155058113,1155.058113,"Sub Recent","Bocas","Punta Donato","orig_df",0.7167264198
"604","Gobiidae","AT14-2-2",1.155279337,1155.279337,"Sub Recent","Bocas","Punta Donato","orig_df",0.9859058362
"605","Gobiidae","AT12-1-2-2",1.155861825,1155.861825,"Sub Recent","Bocas","STRI Point","orig_df",1.032528935
"606","Gobiidae","AT14-2-2",1.157670196,1157.670196,"Sub Recent","Bocas","Punta Donato","orig_df",0.949772016
"607","Gobiidae","AT12-1-2-1",1.162604911,1162.604911,"Sub Recent","Bocas","STRI Point","orig_df",0.9934868343
"608","Gobiidae","AT12-1-2-1",1.165140617,1165.140617,"Sub Recent","Bocas","STRI Point","orig_df",0.9135320785
"609","Gobiidae","AT12-1-2-1",1.166496616,1166.496616,"Sub Recent","Bocas","STRI Point","orig_df",0.9756232897
"610","Gobiidae","AT12-1-3-1",1.167216337,1167.216337,"Sub Recent","Bocas","STRI Point","orig_df",0.9473122496
"611","Gobiidae","AT12-1-2-2",1.167322329,1167.322329,"Sub Recent","Bocas","STRI Point","orig_df",0.9822823869
"612","Gobiidae","AT12-1-2-1",1.168378704,1168.378704,"Sub Recent","Bocas","STRI Point","orig_df",1.068114127
"613","Gobiidae","AT12-1-2-2",1.171231142,1171.231142,"Sub Recent","Bocas","STRI Point","orig_df",0.9205909189
"614","Gobiidae","AT14-2-2",1.171803307,1171.803307,"Sub Recent","Bocas","Punta Donato","orig_df",0.8024978493
"615","Gobiidae","AT12-1-2-2",1.172777892,1172.777892,"Sub Recent","Bocas","STRI Point","orig_df",0.9866339992
"616","Gobiidae","AT14-1-2",1.173212761,1173.212761,"Sub Recent","Bocas","Casa Blanca","orig_df",0.8592379843
"617","Gobiidae","AT12-1-2-1",1.173560152,1173.560152,"Sub Recent","Bocas","STRI Point","orig_df",1.04947618
"618","Gobiidae","AT12-1-2-2",1.173730235,1173.730235,"Sub Recent","Bocas","STRI Point","orig_df",1.042565155
"619","Gobiidae","AT14-2-2",1.174897633,1174.897633,"Sub Recent","Bocas","Punta Donato","orig_df",0.7557066803
"620","Gobiidae","AT12-1-4-1",1.176434008,1176.434008,"Sub Recent","Bocas","STRI Point","orig_df",1.030011353
"621","Gobiidae","AT12-1-2-1",1.176529153,1176.529153,"Sub Recent","Bocas","STRI Point","orig_df",1.001592348
"622","Gobiidae","AT12-1-2-2",1.17675401,1176.75401,"Sub Recent","Bocas","STRI Point","orig_df",0.9826579156
"623","Gobiidae","AT12-1-2-1",1.177851881,1177.851881,"Sub Recent","Bocas","STRI Point","orig_df",1.06040074
"624","Gobiidae","AT14-2-1",1.178212465,1178.212465,"Sub Recent","Bocas","Punta Donato","orig_df",1.069450253
"625","Gobiidae","AT12-1-2-2",1.17848258,1178.48258,"Sub Recent","Bocas","STRI Point","orig_df",1.070293943
"626","Gobiidae","AT12-1-6-1",1.178491114,1178.491114,"Sub Recent","Bocas","STRI Point","orig_df",0.9790990565
"627","Gobiidae","AT14-1-2",1.180068474,1180.068474,"Sub Recent","Bocas","Casa Blanca","orig_df",0.9562769565
"628","Gobiidae","AT12-1-3-1",1.180671659,1180.671659,"Sub Recent","Bocas","STRI Point","orig_df",1.022749971
"629","Gobiidae","AT14-2-2",1.184185274,1184.185274,"Sub Recent","Bocas","Punta Donato","orig_df",0.8643042613
"630","Gobiidae","AT14-1-8",1.184642914,1184.642914,"Sub Recent","Bocas","Casa Blanca","orig_df",1.064157478
"631","Gobiidae","AT12-1-3-1",1.185968924,1185.968924,"Sub Recent","Bocas","STRI Point","orig_df",0.9833960862
"632","Gobiidae","AT14-2-2",1.187654494,1187.654494,"Sub Recent","Bocas","Punta Donato","orig_df",1.100241147
"633","Gobiidae","AT12-1-2-2",1.187719661,1187.719661,"Sub Recent","Bocas","STRI Point","orig_df",1.032684575
"634","Gobiidae","AT14-3-4",1.190886162,1190.886162,"Sub Recent","Bocas","Cayo Adriana","orig_df",1.020086399
"635","Gobiidae","AT12-1-2-1",1.193512582,1193.512582,"Sub Recent","Bocas","STRI Point","orig_df",1.090315426
"636","Gobiidae","AT14-2-1",1.196061729,1196.061729,"Sub Recent","Bocas","Punta Donato","orig_df",0.8553802752
"637","Gobiidae","AT14-2-2",1.199300736,1199.300736,"Sub Recent","Bocas","Punta Donato","orig_df",0.872699011
"638","Gobiidae","AT12-1-2-2",1.200536789,1200.536789,"Sub Recent","Bocas","STRI Point","orig_df",1.018440782
"639","Gobiidae","AT12-1-2-1",1.201467261,1201.467261,"Sub Recent","Bocas","STRI Point","orig_df",0.9814959993
"640","Gobiidae","AT14-1-2",1.2024152,1202.4152,"Sub Recent","Bocas","Casa Blanca","orig_df",0.8922257768
"641","Gobiidae","AT12-1-4-1",1.206943819,1206.943819,"Sub Recent","Bocas","STRI Point","orig_df",1.047607376
"642","Gobiidae","AT12-1-2-2",1.209198608,1209.198608,"Sub Recent","Bocas","STRI Point","orig_df",1.096500992
"643","Gobiidae","AT12-1-2-1",1.210011753,1210.011753,"Sub Recent","Bocas","STRI Point","orig_df",1.117700687
"644","Gobiidae","AT14-1-2",1.213217636,1213.217636,"Sub Recent","Bocas","Casa Blanca","orig_df",0.9866836397
"645","Gobiidae","AT14-2-2",1.213291896,1213.291896,"Sub Recent","Bocas","Punta Donato","orig_df",0.8542646669
"646","Gobiidae","AT12-1-1-1",1.213960831,1213.960831,"Sub Recent","Bocas","STRI Point","orig_df",1.078325795
"647","Gobiidae","AT12-1-2-1",1.21413538,1214.13538,"Sub Recent","Bocas","STRI Point","orig_df",1.094322433
"648","Gobiidae","AT12-1-2-2",1.215188948,1215.188948,"Sub Recent","Bocas","STRI Point","orig_df",1.051000222
"649","Gobiidae","AT14-3-4",1.216740107,1216.740107,"Sub Recent","Bocas","Cayo Adriana","orig_df",0.9634616605
"650","Gobiidae","AT12-1-3-1",1.216789556,1216.789556,"Sub Recent","Bocas","STRI Point","orig_df",1.107355678
"651","Gobiidae","AT12-1-2-1",1.222574709,1222.574709,"Sub Recent","Bocas","STRI Point","orig_df",1.057375536
"652","Gobiidae","AT12-1-2-1",1.22624978,1226.24978,"Sub Recent","Bocas","STRI Point","orig_df",1.042063691
"653","Gobiidae","AT12-1-2-1",1.229553314,1229.553314,"Sub Recent","Bocas","STRI Point","orig_df",1.065730422
"654","Gobiidae","AT12-1-2-1",1.230046884,1230.046884,"Sub Recent","Bocas","STRI Point","orig_df",1.047648369
"655","Gobiidae","AT14-2-2",1.23472891,1234.72891,"Sub Recent","Bocas","Punta Donato","orig_df",1.006915417
"656","Gobiidae","AT14-2-2",1.238393595,1238.393595,"Sub Recent","Bocas","Punta Donato","orig_df",0.9948178467
"657","Gobiidae","AT12-1-2-1",1.239179563,1239.179563,"Sub Recent","Bocas","STRI Point","orig_df",1.013347066
"658","Gobiidae","AT14-2-1",1.241858344,1241.858344,"Sub Recent","Bocas","Punta Donato","orig_df",0.6778853058
"659","Gobiidae","AT14-2-2",1.242052098,1242.052098,"Sub Recent","Bocas","Punta Donato","orig_df",0.7527271934
"660","Gobiidae","AT14-2-2",1.242183293,1242.183293,"Sub Recent","Bocas","Punta Donato","orig_df",0.7501154835
"661","Gobiidae","AT12-1-3-1",1.242683038,1242.683038,"Sub Recent","Bocas","STRI Point","orig_df",1.038893148
"662","Gobiidae","AT14-2-2",1.243076138,1243.076138,"Sub Recent","Bocas","Punta Donato","orig_df",0.7954125519
"663","Gobiidae","AT14-2-1",1.243129172,1243.129172,"Sub Recent","Bocas","Punta Donato","orig_df",1.103329989
"664","Gobiidae","AT14-2-2",1.243204733,1243.204733,"Sub Recent","Bocas","Punta Donato","orig_df",0.8512414353
"665","Gobiidae","AT12-1-2-1",1.244741414,1244.741414,"Sub Recent","Bocas","STRI Point","orig_df",1.115733096
"666","Gobiidae","AT12-1-2-1",1.249972995,1249.972995,"Sub Recent","Bocas","STRI Point","orig_df",1.104770649
"667","Gobiidae","AT12-1-2-2",1.25553104,1255.53104,"Sub Recent","Bocas","STRI Point","orig_df",1.071394988
"668","Gobiidae","AT12-1-2-2",1.255604238,1255.604238,"Sub Recent","Bocas","STRI Point","orig_df",1.039377621
"669","Gobiidae","AT12-1-2-1",1.255983163,1255.983163,"Sub Recent","Bocas","STRI Point","orig_df",1.089242042
"670","Gobiidae","AT12-1-2-1",1.25693213,1256.93213,"Sub Recent","Bocas","STRI Point","orig_df",1.047259212
"671","Gobiidae","AT12-1-1-1",1.257552559,1257.552559,"Sub Recent","Bocas","STRI Point","orig_df",0.9208669267
"672","Gobiidae","AT14-1-8",1.264695642,1264.695642,"Sub Recent","Bocas","Casa Blanca","orig_df",1.039274493
"673","Gobiidae","AT12-1-6-1",1.26552861,1265.52861,"Sub Recent","Bocas","STRI Point","orig_df",1.066906685
"674","Gobiidae","AT12-1-2-2",1.266554922,1266.554922,"Sub Recent","Bocas","STRI Point","orig_df",1.105480131
"675","Gobiidae","AT12-1-3-1",1.271079448,1271.079448,"Sub Recent","Bocas","STRI Point","orig_df",1.038338962
"676","Gobiidae","AT12-1-1-1",1.271698083,1271.698083,"Sub Recent","Bocas","STRI Point","orig_df",0.9837868184
"677","Gobiidae","AT12-1-4-1",1.272908462,1272.908462,"Sub Recent","Bocas","STRI Point","orig_df",1.100810318
"678","Gobiidae","AT14-2-2",1.273013826,1273.013826,"Sub Recent","Bocas","Punta Donato","orig_df",1.054064167
"679","Gobiidae","AT12-1-2-1",1.273996442,1273.996442,"Sub Recent","Bocas","STRI Point","orig_df",1.156834777
"680","Gobiidae","AT12-1-2-1",1.277634996,1277.634996,"Sub Recent","Bocas","STRI Point","orig_df",1.099716598
"681","Gobiidae","AT12-1-2-1",1.278309497,1278.309497,"Sub Recent","Bocas","STRI Point","orig_df",1.057447363
"682","Gobiidae","AT12-1-1-1",1.278465238,1278.465238,"Sub Recent","Bocas","STRI Point","orig_df",1.059078223
"683","Gobiidae","AT12-1-2-1",1.283449049,1283.449049,"Sub Recent","Bocas","STRI Point","orig_df",1.202407171
"684","Gobiidae","AT12-1-2-1",1.287067185,1287.067185,"Sub Recent","Bocas","STRI Point","orig_df",1.002422713
"685","Gobiidae","AT12-1-3-1",1.288367207,1288.367207,"Sub Recent","Bocas","STRI Point","orig_df",1.115366582
"686","Gobiidae","AT14-3-6",1.28955696,1289.55696,"Sub Recent","Bocas","Cayo Adriana","orig_df",1.035482002
"687","Gobiidae","AT14-2-2",1.292833627,1292.833627,"Sub Recent","Bocas","Punta Donato","orig_df",0.9297192874
"688","Gobiidae","AT12-1-2-1",1.29292801,1292.92801,"Sub Recent","Bocas","STRI Point","orig_df",1.189170537
"689","Gobiidae","AT12-1-4-1",1.294493646,1294.493646,"Sub Recent","Bocas","STRI Point","orig_df",1.055214586
"690","Gobiidae","AT14-3-4",1.296579124,1296.579124,"Sub Recent","Bocas","Cayo Adriana","orig_df",1.163039579
"691","Gobiidae","AT12-1-1-1",1.297199458,1297.199458,"Sub Recent","Bocas","STRI Point","orig_df",0.9752359169
"692","Gobiidae","AT12-1-2-2",1.298292429,1298.292429,"Sub Recent","Bocas","STRI Point","orig_df",1.013889164
"693","Gobiidae","AT14-2-2",1.305190677,1305.190677,"Sub Recent","Bocas","Punta Donato","orig_df",0.797907879
"694","Gobiidae","AT14-3-6",1.305725597,1305.725597,"Sub Recent","Bocas","Cayo Adriana","orig_df",1.106575323
"695","Gobiidae","AT14-3-6",1.311516684,1311.516684,"Sub Recent","Bocas","Cayo Adriana","orig_df",1.027908776
"696","Gobiidae","AT14-1-8",1.311684083,1311.684083,"Sub Recent","Bocas","Casa Blanca","orig_df",1.043742006
"697","Gobiidae","AT12-1-1-1",1.315155888,1315.155888,"Sub Recent","Bocas","STRI Point","orig_df",1.034727626
"698","Gobiidae","AT14-2-1",1.319386362,1319.386362,"Sub Recent","Bocas","Punta Donato","orig_df",0.8515818742
"699","Gobiidae","AT14-1-2",1.320099363,1320.099363,"Sub Recent","Bocas","Casa Blanca","orig_df",1.091328264
"700","Gobiidae","AT12-1-2-1",1.323657556,1323.657556,"Sub Recent","Bocas","STRI Point","orig_df",1.118257998
"701","Gobiidae","AT12-1-6-1",1.329180348,1329.180348,"Sub Recent","Bocas","STRI Point","orig_df",1.036394376
"702","Gobiidae","AT12-1-2-2",1.334177653,1334.177653,"Sub Recent","Bocas","STRI Point","orig_df",1.122765347
"703","Gobiidae","AT12-1-1-1",1.33681579,1336.81579,"Sub Recent","Bocas","STRI Point","orig_df",1.094813366
"704","Gobiidae","AT12-1-3-1",1.34541324,1345.41324,"Sub Recent","Bocas","STRI Point","orig_df",1.121314067
"705","Gobiidae","AT14-3-6",1.356678793,1356.678793,"Sub Recent","Bocas","Cayo Adriana","orig_df",1.052765514
"706","Gobiidae","AT14-1-2",1.356830315,1356.830315,"Sub Recent","Bocas","Casa Blanca","orig_df",1.136723989
"707","Gobiidae","AT12-1-6-1",1.357709846,1357.709846,"Sub Recent","Bocas","STRI Point","orig_df",1.109104932
"708","Gobiidae","AT12-1-2-1",1.36159103,1361.59103,"Sub Recent","Bocas","STRI Point","orig_df",1.115695801
"709","Gobiidae","AT14-1-2",1.361729536,1361.729536,"Sub Recent","Bocas","Casa Blanca","orig_df",1.101211418
"710","Gobiidae","AT14-1-2",1.365799517,1365.799517,"Sub Recent","Bocas","Casa Blanca","orig_df",1.130819473
"711","Gobiidae","AT14-1-8",1.366760104,1366.760104,"Sub Recent","Bocas","Casa Blanca","orig_df",1.197196587
"712","Gobiidae","AT14-1-2",1.367589222,1367.589222,"Sub Recent","Bocas","Casa Blanca","orig_df",1.134627826
"713","Gobiidae","AT12-1-2-1",1.381575614,1381.575614,"Sub Recent","Bocas","STRI Point","orig_df",1.194481468
"714","Gobiidae","AT12-1-3-1",1.389075428,1389.075428,"Sub Recent","Bocas","STRI Point","orig_df",1.175568173
"715","Gobiidae","AT12-1-3-1",1.395100382,1395.100382,"Sub Recent","Bocas","STRI Point","orig_df",1.088964791
"716","Gobiidae","AT14-3-6",1.402596599,1402.596599,"Sub Recent","Bocas","Cayo Adriana","orig_df",1.13261988
"717","Gobiidae","AT12-1-2-2",1.422087086,1422.087086,"Sub Recent","Bocas","STRI Point","orig_df",1.157688412
"718","Gobiidae","AT12-1-2-2",1.43111842,1431.11842,"Sub Recent","Bocas","STRI Point","orig_df",1.158443573
"719","Gobiidae","AT14-3-6",1.436084091,1436.084091,"Sub Recent","Bocas","Cayo Adriana","orig_df",1.152257741
"720","Gobiidae","AT12-1-2-1",1.444005755,1444.005755,"Sub Recent","Bocas","STRI Point","orig_df",1.205455349
"721","Gobiidae","AT14-3-4",1.47671575,1476.71575,"Sub Recent","Bocas","Cayo Adriana","orig_df",1.144394561
"722","Gobiidae","AT14-1-2",1.489726228,1489.726228,"Sub Recent","Bocas","Casa Blanca","orig_df",1.241123544
"723","Gobiidae","AT12-1-2-1",1.49305263,1493.05263,"Sub Recent","Bocas","STRI Point","orig_df",1.210420176
"724","Gobiidae","AT12-1-2-2",1.500621488,1500.621488,"Sub Recent","Bocas","STRI Point","orig_df",1.308428327
"725","Gobiidae","AT14-1-2",1.512955374,1512.955374,"Sub Recent","Bocas","Casa Blanca","orig_df",1.272614739
"726","Gobiidae","AT14-1-8",1.517655802,1517.655802,"Sub Recent","Bocas","Casa Blanca","orig_df",1.299011423
"727","Gobiidae","AT12-1-2-2",1.524998838,1524.998838,"Sub Recent","Bocas","STRI Point","orig_df",1.276825008
"728","Gobiidae","AT12-1-2-1",1.529719426,1529.719426,"Sub Recent","Bocas","STRI Point","orig_df",1.281319824
"729","Gobiidae","AT12-1-2-2",1.531300904,1531.300904,"Sub Recent","Bocas","STRI Point","orig_df",1.379542858
"730","Gobiidae","AT12-1-1-1",1.553749367,1553.749367,"Sub Recent","Bocas","STRI Point","orig_df",1.315635763
"731","Gobiidae","AT12-1-2-1",1.554102462,1554.102462,"Sub Recent","Bocas","STRI Point","orig_df",1.254580098
"732","Gobiidae","AT14-1-8",1.568265765,1568.265765,"Sub Recent","Bocas","Casa Blanca","orig_df",1.271514626
"733","Gobiidae","AT12-1-1-1",1.611297529,1611.297529,"Sub Recent","Bocas","STRI Point","orig_df",1.287279228
"734","Gobiidae","AT14-1-8",1.612358876,1612.358876,"Sub Recent","Bocas","Casa Blanca","orig_df",1.35810897
"735","Gobiidae","AT14-1-2",1.630687572,1630.687572,"Sub Recent","Bocas","Casa Blanca","orig_df",1.346778896
"736","Gobiidae","AT12-1-1-1",1.644821946,1644.821946,"Sub Recent","Bocas","STRI Point","orig_df",1.295135632
"737","Gobiidae","AT12-1-2-1",1.672451347,1672.451347,"Sub Recent","Bocas","STRI Point","orig_df",1.152677191
"738","Gobiidae","AT12-1-2-1",1.704475817,1704.475817,"Sub Recent","Bocas","STRI Point","orig_df",1.081824692
"739","Gobiidae","AT12-1-6-1",1.710174271,1710.174271,"Sub Recent","Bocas","STRI Point","orig_df",1.437809139
"740","Gobiidae","AT12-1-6-1",1.711456929,1711.456929,"Sub Recent","Bocas","STRI Point","orig_df",1.400701314
"741","Gobiidae","AT14-1-8",1.711791278,1711.791278,"Sub Recent","Bocas","Casa Blanca","orig_df",1.268882663
"742","Gobiidae","AT14-1-8",1.741097602,1741.097602,"Sub Recent","Bocas","Casa Blanca","orig_df",1.383087015
"743","Gobiidae","AT14-1-8",1.751240841,1751.240841,"Sub Recent","Bocas","Casa Blanca","orig_df",1.546161996
"744","Gobiidae","AT14-1-8",1.753688525,1753.688525,"Sub Recent","Bocas","Casa Blanca","orig_df",1.502569793
"745","Gobiidae","AT14-1-8",1.768140782,1768.140782,"Sub Recent","Bocas","Casa Blanca","orig_df",1.456294174
"746","Gobiidae","AT14-1-8",1.786488829,1786.488829,"Sub Recent","Bocas","Casa Blanca","orig_df",1.556938197
"747","Gobiidae","AT14-3-6",1.818656841,1818.656841,"Sub Recent","Bocas","Cayo Adriana","orig_df",1.503882173
"748","Gobiidae","AT12-1-6-1",1.81926817,1819.26817,"Sub Recent","Bocas","STRI Point","orig_df",1.459313358
"749","Gobiidae","AT14-1-2",1.852539637,1852.539637,"Sub Recent","Bocas","Casa Blanca","orig_df",1.450640948
"750","Gobiidae","AT12-1-1-1",1.85472155,1854.72155,"Sub Recent","Bocas","STRI Point","orig_df",1.443668432
"751","Gobiidae","AT14-1-8",1.872151755,1872.151755,"Sub Recent","Bocas","Casa Blanca","orig_df",1.584735582
"752","Gobiidae","AT14-3-6",1.911464171,1911.464171,"Sub Recent","Bocas","Cayo Adriana","orig_df",1.473972454
"753","Gobiidae","AT12-1-2-2",1.923102575,1923.102575,"Sub Recent","Bocas","STRI Point","orig_df",1.586088803
"754","Gobiidae","AT12-1-2-1",1.957448478,1957.448478,"Sub Recent","Bocas","STRI Point","orig_df",1.789356954
"755","Gobiidae","AT12-1-2-2",1.97595919,1975.95919,"Sub Recent","Bocas","STRI Point","orig_df",1.750334411
"756","Gobiidae","AT12-1-6-1",1.982052758,1982.052758,"Sub Recent","Bocas","STRI Point","orig_df",1.687449261
"757","Gobiidae","AT14-1-2",2.016928387,2016.928387,"Sub Recent","Bocas","Casa Blanca","orig_df",1.714769234
"758","Gobiidae","AT14-3-4",2.127921012,2127.921012,"Sub Recent","Bocas","Cayo Adriana","orig_df",1.785289403
"759","Gobiidae","AT12-1-2-1",2.500861506,2500.861506,"Sub Recent","Bocas","STRI Point","orig_df",2.147604795
"760","Haemulidae","AT13-12-1-2",1.823589644,1823.589644,"Sub Recent","Bocas","Casa Blanca","orig_df",1.323350011
"761","Haemulidae","AT13-12-1-2",2.200757517,2200.757517,"Sub Recent","Bocas","Casa Blanca","orig_df",1.39329985
"762","Haemulidae","AT14-3-1",2.291687931,2291.687931,"Sub Recent","Bocas","Cayo Adriana","orig_df",1.367837229
"763","Haemulidae","AT13-10-5",2.62503451,2625.03451,"Sub Recent","Bocas","Punta Caracol","orig_df",1.71047662
"764","Haemulidae","AT13-12-1-2",2.705447595,2705.447595,"Sub Recent","Bocas","Casa Blanca","orig_df",1.849724684
"765","Haemulidae","AT13-10-5",3.001159319,3001.159319,"Sub Recent","Bocas","Punta Caracol","orig_df",2.211317842
"766","Haemulidae","AT14-3-1",3.318066241,3318.066241,"Sub Recent","Bocas","Cayo Adriana","orig_df",2.01362617
"767","Haemulidae","AT13-12-1-2",4.09094071,4090.94071,"Sub Recent","Bocas","Casa Blanca","orig_df",2.594288288
"768","Pomacentridae","AT13-10-2-1",1.32,1320,"Sub Recent","Bocas","Punta Caracol",NA,NA
"769","Pomacentridae","AT13-10-3-2",2.51,2510,"Sub Recent","Bocas","Punta Caracol",NA,NA
"770","Pomacentridae","AT13-10-4-1",1.79,1790,"Sub Recent","Bocas","Punta Caracol",NA,NA
"771","Pomacentridae","AT13-10-5-1",1.64,1640,"Sub Recent","Bocas","Punta Caracol",NA,NA
"772","Pomacentridae","AT14-1-3",1.58,1580,"Sub Recent","Bocas","Casa Blanca",NA,NA
"773","Pomacentridae","AT14-1-8",1.51,1510,"Sub Recent","Bocas","Casa Blanca",NA,NA
"774","Pomacentridae","AT14-2-1",2.49,2490,"Sub Recent","Bocas","Punta Donato",NA,NA
"775","Apogonidae","AT14-2-2",0.95612544,956.1254397,"Sub Recent","Bocas","Punta Donato",NA,0.3823862008
"776","Apogonidae","AT14-2-2",0.960898159,960.8981593,"Sub Recent","Bocas","Punta Donato",NA,0.7170708572
"777","Apogonidae","AT14-2-2",1.018537819,1018.537819,"Sub Recent","Bocas","Punta Donato",NA,0.6990807196
"778","Apogonidae","AT14-2-2",1.067609711,1067.609711,"Sub Recent","Bocas","Punta Donato",NA,0.7919812523
"779","Apogonidae","AT14-2-2",1.076022836,1076.022836,"Sub Recent","Bocas","Punta Donato",NA,0.8542800749
"780","Apogonidae","AT14-2-2",1.085588381,1085.588381,"Sub Recent","Bocas","Punta Donato",NA,0.8073079346
"781","Apogonidae","AT14-2-2",1.094609367,1094.609367,"Sub Recent","Bocas","Punta Donato",NA,0.7393405037
"782","Apogonidae","AT14-2-2",1.099148823,1099.148823,"Sub Recent","Bocas","Punta Donato",NA,0.8127486463
"783","Apogonidae","AT14-2-2",1.109975229,1109.975229,"Sub Recent","Bocas","Punta Donato",NA,0.8489800187
"784","Apogonidae","AT14-2-2",1.124328058,1124.328058,"Sub Recent","Bocas","Punta Donato",NA,0.8810711359
"785","Apogonidae","AT14-2-2",1.147113687,1147.113687,"Sub Recent","Bocas","Punta Donato",NA,0.874159448
"786","Apogonidae","AT14-2-2",1.150507199,1150.507199,"Sub Recent","Bocas","Punta Donato",NA,0.9176369413
"787","Apogonidae","AT14-2-2",1.155843069,1155.843069,"Sub Recent","Bocas","Punta Donato",NA,0.8824812255
"788","Apogonidae","AT14-2-2",1.170888635,1170.888635,"Sub Recent","Bocas","Punta Donato",NA,0.7843882615
"789","Apogonidae","AT14-2-2",1.193902792,1193.902792,"Sub Recent","Bocas","Punta Donato",NA,0.8387427198
"790","Apogonidae","AT14-2-2",1.199358573,1199.358573,"Sub Recent","Bocas","Punta Donato",NA,0.774141678
"791","Apogonidae","AT14-2-2",1.239766879,1239.766879,"Sub Recent","Bocas","Punta Donato",NA,0.8924962142
"792","Engraulidae","AT14-2-2",1.679206665,1679.206665,"Sub Recent","Bocas","Punta Donato",NA,0.9507650068
"793","Engraulidae","AT14-2-2",1.766607387,1766.607387,"Sub Recent","Bocas","Punta Donato",NA,1.286522115
"794","Engraulidae","AT14-2-2",1.782414773,1782.414773,"Sub Recent","Bocas","Punta Donato",NA,1.071085507
"795","Engraulidae","AT14-2-2",1.786969496,1786.969496,"Sub Recent","Bocas","Punta Donato",NA,1.023164099
"796","Engraulidae","AT14-2-2",1.800772235,1800.772235,"Sub Recent","Bocas","Punta Donato",NA,1.105713601
"797","Engraulidae","AT14-2-2",1.905428901,1905.428901,"Sub Recent","Bocas","Punta Donato",NA,1.039926017
"798","Engraulidae","AT14-2-2",2.042450338,2042.450338,"Sub Recent","Bocas","Punta Donato",NA,1.154777782
"799","Engraulidae","AT14-2-2",2.128804609,2128.804609,"Sub Recent","Bocas","Punta Donato",NA,1.178804083
"800","Engraulidae","AT14-2-2",2.129690928,2129.690928,"Sub Recent","Bocas","Punta Donato",NA,1.411285134
"801","Engraulidae","AT14-2-2",2.136173167,2136.173167,"Sub Recent","Bocas","Punta Donato",NA,1.071220691
"802","Engraulidae","AT14-2-2",2.206866958,2206.866958,"Sub Recent","Bocas","Punta Donato",NA,1.397833647
"803","Engraulidae","AT14-2-2",2.368319079,2368.319079,"Sub Recent","Bocas","Punta Donato",NA,1.116015549
"804","Engraulidae","AT14-2-2",2.414856475,2414.856475,"Sub Recent","Bocas","Punta Donato",NA,1.724293443
"805","Engraulidae","AT14-2-2",2.554453316,2554.453316,"Sub Recent","Bocas","Punta Donato",NA,1.747031537
"806","Engraulidae","AT14-2-2",2.597832384,2597.832384,"Sub Recent","Bocas","Punta Donato",NA,1.674913522
"807","Engraulidae","AT14-2-2",2.687330708,2687.330708,"Sub Recent","Bocas","Punta Donato",NA,1.802913017
"808","Bythitidae","AT13-10-3-2",2.044715,2044.715,"Sub Recent","Bocas","Punta Caracol","new_2025",1.03252
"809","Bythitidae","AT13-10-3-2",1.862663,1862.663,"Sub Recent","Bocas","Punta Caracol","new_2025",0.955112
"810","Bythitidae","AT14-1-2",1.589001,1589.001,"Sub Recent","Bocas","Casa Blanca","new_2025",0.729697
"811","Bythitidae","AT14-1-2",2.284567,2284.567,"Sub Recent","Bocas","Casa Blanca","new_2025",1.073294
"812","Bythitidae","AT14-3-3",2.211921,2211.921,"Sub Recent","Bocas","Cayo Adriana","new_2025",1.092835
"813","Bythitidae","AT14-3-5",2.508636,2508.636,"Sub Recent","Bocas","Cayo Adriana","new_2025",1.206559
"814","Bythitidae","AT14-3-5",1.876843,1876.843,"Sub Recent","Bocas","Cayo Adriana","new_2025",0.963028
"815","Bythitidae","AT14-3-5",2.077438,2077.438,"Sub Recent","Bocas","Cayo Adriana","new_2025",1.039903
"816","Bythitidae","AT14-2-1",3.447232,3447.232,"Sub Recent","Bocas","Punta Donato","new_2025",1.567733
"817","Bythitidae","AT14-2-1",1.871451,1871.451,"Sub Recent","Bocas","Punta Donato","new_2025",0.989896
"818","Bythitidae","AT14-3-1",2.112509,2112.509,"Sub Recent","Bocas","Cayo Adriana","new_2025",1.124944
"819","Bythitidae","AT14-3-1",2.535147,2535.147,"Sub Recent","Bocas","Cayo Adriana","new_2025",1.158224
"820","Bythitidae","AT14-1-7",1.450573,1450.573,"Sub Recent","Bocas","Casa Blanca","new_2025",0.671133
"821","Bythitidae","AT14-1-5",1.86283,1862.83,"Sub Recent","Bocas","Casa Blanca","new_2025",0.946021
"822","Bythitidae","AT14-1-8",1.680012,1680.012,"Sub Recent","Bocas","Casa Blanca","new_2025",0.884474
"823","Bythitidae","AT13-12-4-1",2.414353,2414.353,"Sub Recent","Bocas","Casa Blanca","new_2025",1.078657
"824","Bythitidae","AT13-12-4-2",2.766129,2766.129,"Sub Recent","Bocas","Casa Blanca","new_2025",1.502016
"825","Bythitidae","AT14-3-6",2.282258,2282.258,"Sub Recent","Bocas","Cayo Adriana","new_2025",1.181458
"826","Bythitidae","AT12-1-2-2",3.580645,3580.645,"Sub Recent","Bocas","STRI Point","new_2025",1.75
"827","Bythitidae","AT12-1-3-1",1.119407,1119.407,"Sub Recent","Bocas","STRI Point","new_2025",0.608233
"828","Bythitidae","AT12-1-5-1",2.044657,2044.657,"Sub Recent","Bocas","STRI Point","new_2025",1.006951
"829","Bythitidae","AT12-1-6-1",2.794077,2794.077,"Sub Recent","Bocas","STRI Point","new_2025",1.315213
"830","Bythitidae","AT13-10-4-2",1.978495,1978.495,"Sub Recent","Bocas","Punta Caracol","new_2025",0.938172
"831","Bythitidae","AT13-12-3-1",2.046271,2046.271,"Sub Recent","Bocas","Casa Blanca","new_2025",0.897849
"832","Bythitidae","AT13-10-5-1",2.043011,2043.011,"Sub Recent","Bocas","Punta Caracol","new_2025",1.026882
"833","Bythitidae","AT12-1-2-1",3.381601,3381.601,"Sub Recent","Bocas","STRI Point","new_2025",1.554696
"834","Bythitidae","AT12-1-2-1",1.260764,1260.764,"Sub Recent","Bocas","STRI Point","new_2025",0.705931
"835","Bythitidae","AT13-10-1-1",1.830645,1830.645,"Sub Recent","Bocas","Punta Caracol","new_2025",0.869624
"836","Bythitidae","AT13-10-1-1",2.375,2375,"Sub Recent","Bocas","Punta Caracol","new_2025",1.111559
"837","Bythitidae","AT13-10-3-1",1.177729,1177.729,"Sub Recent","Bocas","Punta Caracol","new_2025",0.635717
"838","Bythitidae","AT13-12-3-2",2.510931,2510.931,"Sub Recent","Bocas","Casa Blanca","new_2025",1.096604
"839","Bythitidae","AT13-12-3-2",NA,NA,"Sub Recent","Bocas","Casa Blanca","new_2025",0.74822
"840","Serranidae","AT14-1-8",1.990747,1990.747,"Sub Recent","Bocas","Casa Blanca","new_2025",0.767189
"841","Serranidae","AT14-3-3",2.685484,2685.484,"Sub Recent","Bocas","Cayo Adriana","new_2025",1.58871
"842","Serranidae","AT14-3-6",2.008065,2008.065,"Sub Recent","Bocas","Cayo Adriana","new_2025",1.104839
"843","Serranidae","AT14-2-5",1.559457,1559.457,"Sub Recent","Bocas","Punta Donato","new_2025",0.675208
"844","Haemulidae","AT14-2-4",2.374396,2374.396,"Sub Recent","Bocas","Punta Donato","new_2025",1.503333
"845","Bregmacerotidae","AT13-12-3-2",1.419355,1419.355,"Sub Recent","Bocas","Casa Blanca","new_2025",1.47379
"846","Bregmacerotidae","AT14-2-1",1.366873,1366.873,"Sub Recent","Bocas","Punta Donato","new_2025",1.180602
"847","Bregmacerotidae","AT14-1-2",1.532258,1532.258,"Sub Recent","Bocas","Casa Blanca","new_2025",1.471774
"848","Bregmacerotidae","AT14-1-8",1.064516,1064.516,"Sub Recent","Bocas","Casa Blanca","new_2025",1.155914
"849","Gerreidae","AT13-10-3-2",1.767316,1767.316,"Sub Recent","Bocas","Punta Caracol","new_2025",1.26698
"850","Gerreidae","AT14-3-4",3.545482,3545.482,"Sub Recent","Bocas","Cayo Adriana","new_2025",2.323331
"851","Labridae","AT13-12-3-2",1.112903,1112.903,"Sub Recent","Bocas","Casa Blanca","new_2025",0.745968
"852","Labridae","AT13-12-4-1",NA,NA,"Sub Recent","Bocas","Casa Blanca","new_2025",0.639785
"853","Labridae","AT13-12-4-1",NA,NA,"Sub Recent","Bocas","Casa Blanca","new_2025",1.035646
"854","Labridae","AT14-1-1",1.464334,1464.334,"Sub Recent","Bocas","Casa Blanca","new_2025",0.896366
"855","Labridae","AT14-3-4",1.176312,1176.312,"Sub Recent","Bocas","Cayo Adriana","new_2025",0.812921
"856","Labridae","AT12-1-2-1",1.24521,1245.21,"Sub Recent","Bocas","STRI Point","new_2025",0.872052
"857","Labridae","AT12-1-2-2",1.126778,1126.778,"Sub Recent","Bocas","STRI Point","new_2025",0.740635
"858","Clupeidae","AT12-1-3-1",1.738146,1738.146,"Sub Recent","Bocas","STRI Point","new_2025",1.02205
"859","Clupeidae","AT12-1-3-1",1.165936,1165.936,"Sub Recent","Bocas","STRI Point","new_2025",0.655599
"860","Clupeidae","AT14-1-1",1.217117,1217.117,"Sub Recent","Bocas","Casa Blanca","new_2025",0.634948
"861","Clupeidae","AT14-1-1",0.959693,959.693,"Sub Recent","Bocas","Casa Blanca","new_2025",0.56505
"862","Clupeidae","AT14-1-2",1.227966,1227.966,"Sub Recent","Bocas","Casa Blanca","new_2025",0.728339
"863","Clupeidae","AT14-1-2",1.226092,1226.092,"Sub Recent","Bocas","Casa Blanca","new_2025",0.686217
"864","Clupeidae","AT14-1-3",1.288581,1288.581,"Sub Recent","Bocas","Casa Blanca","new_2025",0.732468
"865","Clupeidae","AT14-1-3",1.127002,1127.002,"Sub Recent","Bocas","Casa Blanca","new_2025",0.599443
"866","Clupeidae","AT14-1-7",1.901174,1901.174,"Sub Recent","Bocas","Casa Blanca","new_2025",1.094538
"867","Clupeidae","AT14-1-8",1.30022,1300.22,"Sub Recent","Bocas","Casa Blanca","new_2025",0.703557
"868","Clupeidae","AT14-1-8",1.028566,1028.566,"Sub Recent","Bocas","Casa Blanca","new_2025",0.625272
"869","Clupeidae","AT14-2-5",1.471272,1471.272,"Sub Recent","Bocas","Punta Donato","new_2025",0.934003
"870","Clupeidae","AT14-3-1",1.211071,1211.071,"Sub Recent","Bocas","Cayo Adriana","new_2025",0.738606
"871","Clupeidae","AT14-3-3",1.045611,1045.611,"Sub Recent","Bocas","Cayo Adriana","new_2025",0.642363
"872","Clupeidae","AT14-3-5",1.226532,1226.532,"Sub Recent","Bocas","Cayo Adriana","new_2025",0.671943
"873","Clupeidae","AT14-3-5",0.944103,944.103,"Sub Recent","Bocas","Cayo Adriana","new_2025",0.542349
"874","Clupeidae","AT14-3-5",1.141748,1141.748,"Sub Recent","Bocas","Cayo Adriana","new_2025",0.662779
"875","Clupeidae","AT14-3-5",1.075002,1075.002,"Sub Recent","Bocas","Cayo Adriana","new_2025",0.625263
"876","Clupeidae","AT13-10-3-1",1.300202,1300.202,"Sub Recent","Bocas","Punta Caracol","new_2025",0.744497
"877","Clupeidae","AT13-10-4-1",0.900476,900.476,"Sub Recent","Bocas","Punta Caracol","new_2025",0.588607
"878","Clupeidae","AT13-12-1-1",1.082054,1082.054,"Sub Recent","Bocas","Casa Blanca","new_2025",0.729865
"879","Clupeidae","AT13-12-1-1",1.127744,1127.744,"Sub Recent","Bocas","Casa Blanca","new_2025",0.651557
"880","Clupeidae","AT13-10-4-2",1.232346,1232.346,"Sub Recent","Bocas","Punta Caracol","new_2025",0.662963
"881","Clupeidae","AT13-12-2-2",1.232338,1232.338,"Sub Recent","Bocas","Casa Blanca","new_2025",0.709904
"882","Clupeidae","AT13-12-2-2",1.115508,1115.508,"Sub Recent","Bocas","Casa Blanca","new_2025",0.650994
"883","Clupeidae","AT13-12-3-2",1.048602,1048.602,"Sub Recent","Bocas","Casa Blanca","new_2025",0.602437
"884","Clupeidae","AT13-12-3-2",1.235808,1235.808,"Sub Recent","Bocas","Casa Blanca","new_2025",0.702295
"885","Clupeidae","AT13-12-4-1",NA,NA,"Sub Recent","Bocas","Casa Blanca","new_2025",1.003049
"886","Batrachoididae","AT12-1-4-1",4.092606,4092.606,"Sub Recent","Bocas","STRI Point","new_2025",2.022222
"887","Batrachoididae","AT14-3-3",2.542331,2542.331,"Sub Recent","Bocas","Cayo Adriana","new_2025",1.367849
"888","Batrachoididae","AT14-3-6",1.373724,1373.724,"Sub Recent","Bocas","Cayo Adriana","new_2025",0.83832
"889","Batrachoididae","AT14-3-6",2.015826,2015.826,"Sub Recent","Bocas","Cayo Adriana","new_2025",1.200063
"890","Synodontidae","AT13-12-3-2",NA,NA,"Sub Recent","Bocas","Casa Blanca","new_2025",1.215956
"891","Synodontidae","AT13-12-3-2",NA,NA,"Sub Recent","Bocas","Casa Blanca","new_2025",1.025893
"892","Scaridae","AT13-10-1-1",NA,NA,"Sub Recent","Bocas","Punta Caracol","new_2025",1.136171
"893","Scaridae","AT13-10-1-2",1.602571,1602.571,"Sub Recent","Bocas","Punta Caracol","new_2025",1.016643
"894","Scaridae","AT14-1-5",2.852923,2852.923,"Sub Recent","Bocas","Casa Blanca","new_2025",1.784876
"895","Scaridae","AT14-3-1",1.063653,1063.653,"Sub Recent","Bocas","Cayo Adriana","new_2025",0.695699
"896","Scaridae","AT14-3-2",1.176696,1176.696,"Sub Recent","Bocas","Cayo Adriana","new_2025",0.81787
"897","Scaridae","AT14-3-6",2.379087,2379.087,"Sub Recent","Bocas","Cayo Adriana","new_2025",1.399427
"898","Atherinidae","AT14-1-2",1.322996,1322.996,"Sub Recent","Bocas","Casa Blanca","new_2025",1.073789
"899","Atherinidae","AT14-1-2",1.112984,1112.984,"Sub Recent","Bocas","Casa Blanca","new_2025",0.89274
"900","Atherinidae","AT14-1-2",1.310232,1310.232,"Sub Recent","Bocas","Casa Blanca","new_2025",1.023894
"901","Atherinidae","AT14-1-2",NA,NA,"Sub Recent","Bocas","Casa Blanca","new_2025",1.034615
"902","Atherinidae","AT14-1-2",1.552357,1552.357,"Sub Recent","Bocas","Casa Blanca","new_2025",1.309932
"903","Atherinidae","AT14-1-2",1.547229,1547.229,"Sub Recent","Bocas","Casa Blanca","new_2025",1.162665
"904","Atherinidae","AT14-1-2",1.618222,1618.222,"Sub Recent","Bocas","Casa Blanca","new_2025",1.295115
"905","Atherinidae","AT14-1-2",1.519626,1519.626,"Sub Recent","Bocas","Casa Blanca","new_2025",1.259746
"906","Atherinidae","AT14-1-2",1.583415,1583.415,"Sub Recent","Bocas","Casa Blanca","new_2025",1.325367
"907","Atherinidae","AT14-1-2",NA,NA,"Sub Recent","Bocas","Casa Blanca","new_2025",0.957687
"908","Atherinidae","AT14-1-2",1.967742,1967.742,"Sub Recent","Bocas","Casa Blanca","new_2025",1.818553
"909","Atherinidae","AT14-1-2",2.091463,2091.463,"Sub Recent","Bocas","Casa Blanca","new_2025",1.983871
"910","Atherinidae","AT14-1-2",2.092008,2092.008,"Sub Recent","Bocas","Casa Blanca","new_2025",1.961999
"911","Atherinidae","AT14-1-2",1.44047,1440.47,"Sub Recent","Bocas","Casa Blanca","new_2025",1.294557
"912","Atherinidae","AT14-1-2",NA,NA,"Sub Recent","Bocas","Casa Blanca","new_2025",1.333513
"913","Atherinidae","AT14-1-2",0.773295,773.295,"Sub Recent","Bocas","Casa Blanca","new_2025",0.649539
"914","Atherinidae","AT14-1-5",0.916053,916.053,"Sub Recent","Bocas","Casa Blanca","new_2025",0.789689
"915","Atherinidae","AT14-1-5",1.263354,1263.354,"Sub Recent","Bocas","Casa Blanca","new_2025",0.998136
"916","Atherinidae","AT14-1-5",1.538686,1538.686,"Sub Recent","Bocas","Casa Blanca","new_2025",1.247531
"917","Atherinidae","AT14-1-5",1.392403,1392.403,"Sub Recent","Bocas","Casa Blanca","new_2025",1.139366
"918","Atherinidae","AT14-1-5",1.990272,1990.272,"Sub Recent","Bocas","Casa Blanca","new_2025",2.038904
"919","Atherinidae","AT14-1-5",1.748152,1748.152,"Sub Recent","Bocas","Casa Blanca","new_2025",1.635234
"920","Atherinidae","AT14-1-7",0.971919,971.919,"Sub Recent","Bocas","Casa Blanca","new_2025",0.761309
"921","Atherinidae","AT14-1-7",1.238503,1238.503,"Sub Recent","Bocas","Casa Blanca","new_2025",0.941006
"922","Atherinidae","AT14-1-7",1.448512,1448.512,"Sub Recent","Bocas","Casa Blanca","new_2025",1.201304
"923","Atherinidae","AT14-1-7",1.215194,1215.194,"Sub Recent","Bocas","Casa Blanca","new_2025",0.974326
"924","Atherinidae","AT14-1-7",1.204275,1204.275,"Sub Recent","Bocas","Casa Blanca","new_2025",0.9683
"925","Atherinidae","AT14-1-7",1.284184,1284.184,"Sub Recent","Bocas","Casa Blanca","new_2025",1.139691
"926","Atherinidae","AT14-1-7",1.058647,1058.647,"Sub Recent","Bocas","Casa Blanca","new_2025",0.798014
"927","Atherinidae","AT14-1-7",1.010077,1010.077,"Sub Recent","Bocas","Casa Blanca","new_2025",NA
"928","Atherinidae","AT14-1-7",2.15469,2154.69,"Sub Recent","Bocas","Casa Blanca","new_2025",1.882155
"929","Atherinidae","AT14-1-7",1.085218,1085.218,"Sub Recent","Bocas","Casa Blanca","new_2025",0.927635
"930","Atherinidae","AT14-1-7",0.999563,999.563,"Sub Recent","Bocas","Casa Blanca","new_2025",0.840663
"931","Atherinidae","AT14-1-7",1.389256,1389.256,"Sub Recent","Bocas","Casa Blanca","new_2025",1.207776
"932","Atherinidae","AT14-1-7",1.261245,1261.245,"Sub Recent","Bocas","Casa Blanca","new_2025",1.186663
"933","Atherinidae","AT14-1-7",1.651089,1651.089,"Sub Recent","Bocas","Casa Blanca","new_2025",1.42282
"934","Atherinidae","AT14-1-7",1.633738,1633.738,"Sub Recent","Bocas","Casa Blanca","new_2025",1.427261
"935","Atherinidae","AT14-1-7",1.860126,1860.126,"Sub Recent","Bocas","Casa Blanca","new_2025",1.788533
"936","Atherinidae","AT14-1-8",2.003492,2003.492,"Sub Recent","Bocas","Casa Blanca","new_2025",1.942187
"937","Atherinidae","AT14-1-8",1.461795,1461.795,"Sub Recent","Bocas","Casa Blanca","new_2025",1.276516
"938","Atherinidae","AT14-1-8",0.913624,913.624,"Sub Recent","Bocas","Casa Blanca","new_2025",0.754971
"939","Atherinidae","AT14-1-8",1.287778,1287.778,"Sub Recent","Bocas","Casa Blanca","new_2025",1.090351
"940","Atherinidae","AT14-1-8",1.51191,1511.91,"Sub Recent","Bocas","Casa Blanca","new_2025",1.29773
"941","Atherinidae","AT14-1-1",2.113563,2113.563,"Sub Recent","Bocas","Casa Blanca","new_2025",2.180242
"942","Atherinidae","AT14-1-1",1.393121,1393.121,"Sub Recent","Bocas","Casa Blanca","new_2025",1.06894
"943","Atherinidae","AT14-2-1",1.397636,1397.636,"Sub Recent","Bocas","Punta Donato","new_2025",1.186167
"944","Atherinidae","AT14-2-1",1.738586,1738.586,"Sub Recent","Bocas","Punta Donato","new_2025",1.469206
"945","Atherinidae","AT14-2-2",1.732997,1732.997,"Sub Recent","Bocas","Punta Donato","new_2025",1.359858
"946","Atherinidae","AT14-2-4",1.529912,1529.912,"Sub Recent","Bocas","Punta Donato","new_2025",1.281435
"947","Atherinidae","AT14-2-4",1.506811,1506.811,"Sub Recent","Bocas","Punta Donato","new_2025",1.221524
"948","Atherinidae","AT14-2-4",1.340177,1340.177,"Sub Recent","Bocas","Punta Donato","new_2025",1.134175
"949","Atherinidae","AT14-3-3",1.236406,1236.406,"Sub Recent","Bocas","Cayo Adriana","new_2025",1.020029
"950","Atherinidae","AT14-3-3",1.399521,1399.521,"Sub Recent","Bocas","Cayo Adriana","new_2025",1.180146
"951","Atherinidae","AT14-3-4",1.645417,1645.417,"Sub Recent","Bocas","Cayo Adriana","new_2025",1.402513
"952","Atherinidae","AT14-3-4",1.225741,1225.741,"Sub Recent","Bocas","Cayo Adriana","new_2025",0.997711
"953","Atherinidae","AT14-3-4",1.025023,1025.023,"Sub Recent","Bocas","Cayo Adriana","new_2025",0.802014
"954","Atherinidae","AT14-3-5",1.696495,1696.495,"Sub Recent","Bocas","Cayo Adriana","new_2025",1.495711
"955","Atherinidae","AT14-3-5",1.292702,1292.702,"Sub Recent","Bocas","Cayo Adriana","new_2025",1.10761
"956","Atherinidae","AT14-3-5",0.919595,919.595,"Sub Recent","Bocas","Cayo Adriana","new_2025",0.736702
"957","Atherinidae","AT14-3-6",1.711012,1711.012,"Sub Recent","Bocas","Cayo Adriana","new_2025",1.430434
"958","Atherinidae","AT14-3-6",1.849363,1849.363,"Sub Recent","Bocas","Cayo Adriana","new_2025",1.475226
"959","Atherinidae","AT12-1-2-1",1.188094,1188.094,"Sub Recent","Bocas","STRI Point","new_2025",0.96355
"960","Atherinidae","AT12-1-2-2",1.323384,1323.384,"Sub Recent","Bocas","STRI Point","new_2025",1.00577
"961","Atherinidae","AT12-1-2-2",1.542985,1542.985,"Sub Recent","Bocas","STRI Point","new_2025",1.461367
"962","Atherinidae","AT12-1-3-1",1.392739,1392.739,"Sub Recent","Bocas","STRI Point","new_2025",1.11565
"963","Atherinidae","AT12-1-3-1",1.375092,1375.092,"Sub Recent","Bocas","STRI Point","new_2025",1.212712
"964","Atherinidae","AT12-1-3-1",1.660759,1660.759,"Sub Recent","Bocas","STRI Point","new_2025",1.402626
"965","Atherinidae","AT12-1-4-1",1.482353,1482.353,"Sub Recent","Bocas","STRI Point","new_2025",1.301849
"966","Atherinidae","AT12-1-4-1",1.154956,1154.956,"Sub Recent","Bocas","STRI Point","new_2025",0.965512
"967","Atherinidae","AT12-1-5-1",1.3377,1337.7,"Sub Recent","Bocas","STRI Point","new_2025",1.197356
"968","Atherinidae","AT12-1-5-1",1.243823,1243.823,"Sub Recent","Bocas","STRI Point","new_2025",0.996492
"969","Atherinidae","AT12-1-6-1",1.431681,1431.681,"Sub Recent","Bocas","STRI Point","new_2025",1.161345
"970","Atherinidae","AT13-10-3-1",2.080024,2080.024,"Sub Recent","Bocas","Punta Caracol","new_2025",2.028911
"971","Atherinidae","AT13-10-4-2",NA,NA,"Sub Recent","Bocas","Punta Caracol","new_2025",1.243263
"972","Atherinidae","AT13-10-2-1",NA,NA,"Sub Recent","Bocas","Punta Caracol","new_2025",1.450853
"973","Atherinidae","AT13-10-2-1",NA,NA,"Sub Recent","Bocas","Punta Caracol","new_2025",1.224901
"974","Atherinidae","AT13-10-2-1",2.267899,2267.899,"Sub Recent","Bocas","Punta Caracol","new_2025",2.030588
"975","Atherinidae","AT13-10-2-1",1.598229,1598.229,"Sub Recent","Bocas","Punta Caracol","new_2025",1.304002
"976","Atherinidae","AT13-10-3-2",1.965,1965,"Sub Recent","Bocas","Punta Caracol","new_2025",1.704063
"977","Atherinidae","AT13-10-3-2",1.165717,1165.717,"Sub Recent","Bocas","Punta Caracol","new_2025",0.921952
"978","Atherinidae","AT13-10-3-2",1.759994,1759.994,"Sub Recent","Bocas","Punta Caracol","new_2025",1.535632
"979","Atherinidae","AT13-10-3-2",1.281963,1281.963,"Sub Recent","Bocas","Punta Caracol","new_2025",1.103736
"980","Atherinidae","AT13-12-2-1",1.657074,1657.074,"Sub Recent","Bocas","Casa Blanca","new_2025",1.42295
"981","Atherinidae","AT13-12-2-1",1.647103,1647.103,"Sub Recent","Bocas","Casa Blanca","new_2025",1.385656
"982","Atherinidae","AT13-12-2-1",1.716927,1716.927,"Sub Recent","Bocas","Casa Blanca","new_2025",1.469305
"983","Atherinidae","AT13-12-2-1",1.356709,1356.709,"Sub Recent","Bocas","Casa Blanca","new_2025",1.136175
"984","Atherinidae","AT13-12-2-1",1.362147,1362.147,"Sub Recent","Bocas","Casa Blanca","new_2025",1.208352
"985","Atherinidae","AT13-12-2-1",1.45628,1456.28,"Sub Recent","Bocas","Casa Blanca","new_2025",1.221096
"986","Apogonidae","AT12-1-1-1",1.605716,1605.716,"Sub Recent","Bocas","STRI Point","new_2025",1.192141
"987","Apogonidae","AT12-1-1-1",1.007019,1007.019,"Sub Recent","Bocas","STRI Point","new_2025",0.760598
"988","Apogonidae","AT12-1-3-1",NA,NA,"Sub Recent","Bocas","STRI Point","new_2025",1.38054
"989","Apogonidae","AT12-1-3-1",1.957079,1957.079,"Sub Recent","Bocas","STRI Point","new_2025",1.337452
"990","Apogonidae","AT12-1-3-1",3.16887,3168.87,"Sub Recent","Bocas","STRI Point","new_2025",2.100033
"991","Apogonidae","AT12-1-2-2",2.00515,2005.15,"Sub Recent","Bocas","STRI Point","new_2025",1.517402
"992","Apogonidae","AT12-1-4-1",1.469966,1469.966,"Sub Recent","Bocas","STRI Point","new_2025",1.05996
"993","Apogonidae","AT12-1-4-1",1.235037,1235.037,"Sub Recent","Bocas","STRI Point","new_2025",0.913915
"994","Apogonidae","AT12-1-5-1",2.190537,2190.537,"Sub Recent","Bocas","STRI Point","new_2025",1.581632
"995","Apogonidae","AT12-1-6-1",1.537402,1537.402,"Sub Recent","Bocas","STRI Point","new_2025",1.079166
"996","Apogonidae","AT12-1-6-1",1.393617,1393.617,"Sub Recent","Bocas","STRI Point","new_2025",1.027673
"997","Apogonidae","AT13-12-4-2",2.578022,2578.022,"Sub Recent","Bocas","Casa Blanca","new_2025",1.761689
"998","Apogonidae","AT13-12-4-2",1.964531,1964.531,"Sub Recent","Bocas","Casa Blanca","new_2025",1.337438
"999","Apogonidae","AT13-12-4-2",1.053032,1053.032,"Sub Recent","Bocas","Casa Blanca","new_2025",0.749455
"1000","Apogonidae","AT13-12-4-2",1.690701,1690.701,"Sub Recent","Bocas","Casa Blanca","new_2025",0.128512
"1001","Apogonidae","AT13-12-4-2",1.820992,1820.992,"Sub Recent","Bocas","Casa Blanca","new_2025",1.376885
"1002","Apogonidae","AT13-12-4-2",1.642909,1642.909,"Sub Recent","Bocas","Casa Blanca","new_2025",1.211006
"1003","Apogonidae","AT13-12-4-2",2.05859,2058.59,"Sub Recent","Bocas","Casa Blanca","new_2025",1.498135
"1004","Apogonidae","AT13-12-4-2",NA,NA,"Sub Recent","Bocas","Casa Blanca","new_2025",0.88227
"1005","Apogonidae","AT13-12-4-2",1.824813,1824.813,"Sub Recent","Bocas","Casa Blanca","new_2025",1.38596
"1006","Apogonidae","AT13-10-1-1",1.810845,1810.845,"Sub Recent","Bocas","Punta Caracol","new_2025",1.34126
"1007","Apogonidae","AT13-10-1-2",1.964705,1964.705,"Sub Recent","Bocas","Punta Caracol","new_2025",1.414551
"1008","Apogonidae","AT13-10-3-1",2.274919,2274.919,"Sub Recent","Bocas","Punta Caracol","new_2025",1.577757
"1009","Apogonidae","AT13-10-3-2",2.347151,2347.151,"Sub Recent","Bocas","Punta Caracol","new_2025",1.626642
"1010","Apogonidae","AT13-10-3-2",1.427238,1427.238,"Sub Recent","Bocas","Punta Caracol","new_2025",1.025086
"1011","Apogonidae","AT13-10-4-1",NA,NA,"Sub Recent","Bocas","Punta Caracol","new_2025",1.818752
"1012","Apogonidae","AT13-10-4-1",1.828407,1828.407,"Sub Recent","Bocas","Punta Caracol","new_2025",1.375595
"1013","Apogonidae","AT13-10-5-2",0.906798,906.798,"Sub Recent","Bocas","Punta Caracol","new_2025",0.709973
"1014","Apogonidae","AT13-12-1-1",1.634503,1634.503,"Sub Recent","Bocas","Casa Blanca","new_2025",1.263545
"1015","Apogonidae","AT13-12-1-1",NA,NA,"Sub Recent","Bocas","Casa Blanca","new_2025",1.610169
"1016","Apogonidae","AT13-12-1-1",2.063587,2063.587,"Sub Recent","Bocas","Casa Blanca","new_2025",1.700978
"1017","Apogonidae","AT13-12-1-2",NA,NA,"Sub Recent","Bocas","Casa Blanca","new_2025",1.070367
"1018","Apogonidae","AT13-12-1-2",1.559566,1559.566,"Sub Recent","Bocas","Casa Blanca","new_2025",1.062005
"1019","Apogonidae","AT13-12-1-2",1.9139,1913.9,"Sub Recent","Bocas","Casa Blanca","new_2025",1.490024
"1020","Apogonidae","AT13-12-1-2",2.338744,2338.744,"Sub Recent","Bocas","Casa Blanca","new_2025",1.571749
"1021","Apogonidae","AT13-12-2-1",2.318917,2318.917,"Sub Recent","Bocas","Casa Blanca","new_2025",1.707793
"1022","Apogonidae","AT13-12-2-1",2.319064,2319.064,"Sub Recent","Bocas","Casa Blanca","new_2025",1.655221
"1023","Apogonidae","AT13-12-2-1",2.000492,2000.492,"Sub Recent","Bocas","Casa Blanca","new_2025",1.468191
"1024","Apogonidae","AT13-12-2-1",1.874345,1874.345,"Sub Recent","Bocas","Casa Blanca","new_2025",1.333514
"1025","Apogonidae","AT13-12-2-1",1.347673,1347.673,"Sub Recent","Bocas","Casa Blanca","new_2025",0.959719
"1026","Apogonidae","AT13-12-2-2",NA,NA,"Sub Recent","Bocas","Casa Blanca","new_2025",1.165522
"1027","Apogonidae","AT13-12-2-2",1.975186,1975.186,"Sub Recent","Bocas","Casa Blanca","new_2025",1.356449
"1028","Apogonidae","AT13-12-2-2",1.878564,1878.564,"Sub Recent","Bocas","Casa Blanca","new_2025",1.398967
"1029","Apogonidae","AT13-12-2-2",1.551625,1551.625,"Sub Recent","Bocas","Casa Blanca","new_2025",1.078544
"1030","Apogonidae","AT13-12-3-2",2.47298,2472.98,"Sub Recent","Bocas","Casa Blanca","new_2025",1.695543
"1031","Apogonidae","AT13-12-3-2",0.983627,983.627,"Sub Recent","Bocas","Casa Blanca","new_2025",0.704696
"1032","Apogonidae","AT13-12-3-2",NA,NA,"Sub Recent","Bocas","Casa Blanca","new_2025",1.326593
"1033","Apogonidae","AT13-12-3-2",1.307966,1307.966,"Sub Recent","Bocas","Casa Blanca","new_2025",0.998227
"1034","Apogonidae","AT14-3-2",3.331243,3331.243,"Sub Recent","Bocas","Cayo Adriana","new_2025",2.232826
"1035","Apogonidae","AT14-2-1",2.157287,2157.287,"Sub Recent","Bocas","Punta Donato","new_2025",1.607832
"1036","Apogonidae","AT14-2-1",NA,NA,"Sub Recent","Bocas","Punta Donato","new_2025",1.555108
"1037","Apogonidae","AT14-3-5",NA,NA,"Sub Recent","Bocas","Cayo Adriana","new_2025",1.841673
"1038","Apogonidae","AT14-3-5",2.251126,2251.126,"Sub Recent","Bocas","Cayo Adriana","new_2025",1.481425
"1039","Apogonidae","AT14-2-5",2.07356,2073.56,"Sub Recent","Bocas","Punta Donato","new_2025",1.457751
"1040","Apogonidae","AT14-2-5",1.847099,1847.099,"Sub Recent","Bocas","Punta Donato","new_2025",1.371045
"1041","Apogonidae","AT14-3-4",1.426618,1426.618,"Sub Recent","Bocas","Cayo Adriana","new_2025",0.990735
"1042","Apogonidae","AT14-3-6",NA,NA,"Sub Recent","Bocas","Cayo Adriana","new_2025",2.151723
"1043","Apogonidae","AT14-3-6",1.960888,1960.888,"Sub Recent","Bocas","Cayo Adriana","new_2025",1.341006
"1044","Apogonidae","AT14-3-1",2.011344,2011.344,"Sub Recent","Bocas","Cayo Adriana","new_2025",1.395888
"1045","Apogonidae","AT14-3-1",1.396197,1396.197,"Sub Recent","Bocas","Cayo Adriana","new_2025",0.894094
"1046","Apogonidae","AT14-3-1",2.00725,2007.25,"Sub Recent","Bocas","Cayo Adriana","new_2025",1.421539
"1047","Apogonidae","AT13-12-4-1",2.26244,2262.44,"Sub Recent","Bocas","Casa Blanca","new_2025",1.647294
"1048","Apogonidae","AT13-12-4-1",1.778269,1778.269,"Sub Recent","Bocas","Casa Blanca","new_2025",1.292457
"1049","Apogonidae","AT13-12-4-1",1.664986,1664.986,"Sub Recent","Bocas","Casa Blanca","new_2025",1.219124
"1050","Apogonidae","AT13-12-4-1",1.514284,1514.284,"Sub Recent","Bocas","Casa Blanca","new_2025",1.052709
"1051","Apogonidae","AT13-12-4-1",1.872442,1872.442,"Sub Recent","Bocas","Casa Blanca","new_2025",1.318567
"1052","Engraulidae","AT12-1-1-1",3.328776,3328.776,"Sub Recent","Bocas","STRI Point","new_2025",1.954216
"1053","Engraulidae","AT12-1-2-1",2.158373,2158.373,"Sub Recent","Bocas","STRI Point","new_2025",1.198967
"1054","Engraulidae","AT12-1-5-1",2.557342,2557.342,"Sub Recent","Bocas","STRI Point","new_2025",1.561768
"1055","Engraulidae","AT12-1-5-1",2.075197,2075.197,"Sub Recent","Bocas","STRI Point","new_2025",1.325075
"1056","Engraulidae","AT12-1-5-1",1.249098,1249.098,"Sub Recent","Bocas","STRI Point","new_2025",0.793647
"1057","Engraulidae","AT12-1-5-1",2.159522,2159.522,"Sub Recent","Bocas","STRI Point","new_2025",1.205549
"1058","Engraulidae","AT12-1-6-1",2.238776,2238.776,"Sub Recent","Bocas","STRI Point","new_2025",1.419198
"1059","Engraulidae","AT12-1-2-1",1.624099,1624.099,"Sub Recent","Bocas","STRI Point","new_2025",0.873065
"1060","Engraulidae","AT12-1-2-1",NA,NA,"Sub Recent","Bocas","STRI Point","new_2025",1.123583
"1061","Engraulidae","AT12-1-2-1",1.872114,1872.114,"Sub Recent","Bocas","STRI Point","new_2025",1.214982
"1062","Engraulidae","AT12-1-2-1",1.846031,1846.031,"Sub Recent","Bocas","STRI Point","new_2025",1.144527
"1063","Engraulidae","AT12-1-2-1",2.19014,2190.14,"Sub Recent","Bocas","STRI Point","new_2025",1.37497
"1064","Engraulidae","AT12-1-2-1",2.109423,2109.423,"Sub Recent","Bocas","STRI Point","new_2025",1.313555
"1065","Engraulidae","AT13-10-2-1",2.031355,2031.355,"Sub Recent","Bocas","Punta Caracol","new_2025",1.203849
"1066","Engraulidae","AT13-10-2-1",1.976486,1976.486,"Sub Recent","Bocas","Punta Caracol","new_2025",1.118303
"1067","Engraulidae","AT13-10-2-1",1.408611,1408.611,"Sub Recent","Bocas","Punta Caracol","new_2025",0.9791
"1068","Engraulidae","AT13-10-2-2",1.894731,1894.731,"Sub Recent","Bocas","Punta Caracol","new_2025",1.165887
"1069","Engraulidae","AT13-10-2-2",1.6778,1677.8,"Sub Recent","Bocas","Punta Caracol","new_2025",0.953016
"1070","Engraulidae","AT13-10-3-1",1.667804,1667.804,"Sub Recent","Bocas","Punta Caracol","new_2025",0.941796
"1071","Engraulidae","AT13-10-3-1",2.130789,2130.789,"Sub Recent","Bocas","Punta Caracol","new_2025",1.087213
"1072","Engraulidae","AT13-10-3-1",2.137751,2137.751,"Sub Recent","Bocas","Punta Caracol","new_2025",1.077926
"1073","Engraulidae","AT13-10-3-1",2.075566,2075.566,"Sub Recent","Bocas","Punta Caracol","new_2025",1.332103
"1074","Engraulidae","AT13-10-3-1",1.951156,1951.156,"Sub Recent","Bocas","Punta Caracol","new_2025",1.212904
"1075","Engraulidae","AT13-10-3-2",1.779899,1779.899,"Sub Recent","Bocas","Punta Caracol","new_2025",0.982585
"1076","Engraulidae","AT13-10-3-2",2.08649,2086.49,"Sub Recent","Bocas","Punta Caracol","new_2025",1.157225
"1077","Engraulidae","AT13-10-3-2",2.108215,2108.215,"Sub Recent","Bocas","Punta Caracol","new_2025",1.119026
"1078","Engraulidae","AT13-10-3-2",1.89825,1898.25,"Sub Recent","Bocas","Punta Caracol","new_2025",1.06489
"1079","Engraulidae","AT13-10-3-2",NA,NA,"Sub Recent","Bocas","Punta Caracol","new_2025",0.971816
"1080","Engraulidae","AT13-10-3-2",NA,NA,"Sub Recent","Bocas","Punta Caracol","new_2025",0.651766
"1081","Engraulidae","AT13-10-3-2",NA,NA,"Sub Recent","Bocas","Punta Caracol","new_2025",1.040276
"1082","Engraulidae","AT13-10-3-2",1.713715,1713.715,"Sub Recent","Bocas","Punta Caracol","new_2025",0.975306
"1083","Engraulidae","AT13-10-4-1",NA,NA,"Sub Recent","Bocas","Punta Caracol","new_2025",1.414519
"1084","Engraulidae","AT13-10-4-1",2.351399,2351.399,"Sub Recent","Bocas","Punta Caracol","new_2025",1.413663
"1085","Engraulidae","AT13-10-4-1",1.974368,1974.368,"Sub Recent","Bocas","Punta Caracol","new_2025",1.18082
"1086","Engraulidae","AT13-10-4-1",2.014306,2014.306,"Sub Recent","Bocas","Punta Caracol","new_2025",1.097902
"1087","Engraulidae","AT13-10-4-1",2.40454,2404.54,"Sub Recent","Bocas","Punta Caracol","new_2025",1.454064
"1088","Engraulidae","AT13-10-4-1",NA,NA,"Sub Recent","Bocas","Punta Caracol","new_2025",1.118179
"1089","Engraulidae","AT13-10-4-1",1.815801,1815.801,"Sub Recent","Bocas","Punta Caracol","new_2025",1.054041
"1090","Engraulidae","AT13-10-4-2",1.99934,1999.34,"Sub Recent","Bocas","Punta Caracol","new_2025",1.160037
"1091","Engraulidae","AT13-10-4-2",1.580916,1580.916,"Sub Recent","Bocas","Punta Caracol","new_2025",1.125299
"1092","Engraulidae","AT13-10-5-1",1.70088,1700.88,"Sub Recent","Bocas","Punta Caracol","new_2025",0.978482
"1093","Engraulidae","AT13-10-5-1",1.587809,1587.809,"Sub Recent","Bocas","Punta Caracol","new_2025",1.072859
"1094","Engraulidae","AT13-10-5-1",1.859332,1859.332,"Sub Recent","Bocas","Punta Caracol","new_2025",1.050649
"1095","Engraulidae","AT13-10-5-1",1.576419,1576.419,"Sub Recent","Bocas","Punta Caracol","new_2025",0.869372
"1096","Engraulidae","AT13-10-5-1",2.00352,2003.52,"Sub Recent","Bocas","Punta Caracol","new_2025",1.014243
"1097","Engraulidae","AT13-10-5-2",2.071485,2071.485,"Sub Recent","Bocas","Punta Caracol","new_2025",1.261484
"1098","Engraulidae","AT13-10-5-2",1.817354,1817.354,"Sub Recent","Bocas","Punta Caracol","new_2025",1.082116
"1099","Engraulidae","AT13-10-5-2",2.268641,2268.641,"Sub Recent","Bocas","Punta Caracol","new_2025",1.365017
"1100","Engraulidae","AT13-10-5-2",2.020175,2020.175,"Sub Recent","Bocas","Punta Caracol","new_2025",1.097388
"1101","Engraulidae","AT13-10-5-2",1.732067,1732.067,"Sub Recent","Bocas","Punta Caracol","new_2025",0.980196
"1102","Engraulidae","AT13-10-5-2",1.857492,1857.492,"Sub Recent","Bocas","Punta Caracol","new_2025",0.98293
"1103","Engraulidae","AT13-10-4-2",2.33586,2335.86,"Sub Recent","Bocas","Punta Caracol","new_2025",1.388594
"1104","Engraulidae","AT13-12-1-2",NA,NA,"Sub Recent","Bocas","Casa Blanca","new_2025",1.098812
"1105","Engraulidae","AT13-12-1-2",1.335447,1335.447,"Sub Recent","Bocas","Casa Blanca","new_2025",0.860388
"1106","Engraulidae","AT13-12-1-2",1.226727,1226.727,"Sub Recent","Bocas","Casa Blanca","new_2025",0.873179
"1107","Engraulidae","AT13-12-1-2",1.317866,1317.866,"Sub Recent","Bocas","Casa Blanca","new_2025",0.771952
"1108","Engraulidae","AT13-12-1-2",NA,NA,"Sub Recent","Bocas","Casa Blanca","new_2025",0.909583
"1109","Engraulidae","AT13-12-1-2",2.027848,2027.848,"Sub Recent","Bocas","Casa Blanca","new_2025",1.096754
"1110","Engraulidae","AT13-12-1-2",1.767888,1767.888,"Sub Recent","Bocas","Casa Blanca","new_2025",0.958349
"1111","Engraulidae","AT13-12-1-2",2.215436,2215.436,"Sub Recent","Bocas","Casa Blanca","new_2025",1.105198
"1112","Engraulidae","AT13-12-1-1",NA,NA,"Sub Recent","Bocas","Casa Blanca","new_2025",1.103583
"1113","Engraulidae","AT13-12-1-1",1.386182,1386.182,"Sub Recent","Bocas","Casa Blanca","new_2025",0.801125
"1114","Engraulidae","AT13-12-1-1",1.776321,1776.321,"Sub Recent","Bocas","Casa Blanca","new_2025",1.135286
"1115","Engraulidae","AT13-12-1-1",1.569694,1569.694,"Sub Recent","Bocas","Casa Blanca","new_2025",0.941382
"1116","Engraulidae","AT13-12-1-1",2.087634,2087.634,"Sub Recent","Bocas","Casa Blanca","new_2025",1.297206
"1117","Engraulidae","AT13-12-2-1",NA,NA,"Sub Recent","Bocas","Casa Blanca","new_2025",1.050704
"1118","Engraulidae","AT13-12-2-1",NA,NA,"Sub Recent","Bocas","Casa Blanca","new_2025",1.047758
"1119","Engraulidae","AT13-12-2-1",2.108336,2108.336,"Sub Recent","Bocas","Casa Blanca","new_2025",1.284772
"1120","Engraulidae","AT13-12-2-1",2.417324,2417.324,"Sub Recent","Bocas","Casa Blanca","new_2025",1.413787
"1121","Engraulidae","AT13-12-2-1",2.009309,2009.309,"Sub Recent","Bocas","Casa Blanca","new_2025",1.068533
"1122","Engraulidae","AT13-12-2-1",1.853853,1853.853,"Sub Recent","Bocas","Casa Blanca","new_2025",1.004977
"1123","Engraulidae","AT13-12-2-1",1.98492,1984.92,"Sub Recent","Bocas","Casa Blanca","new_2025",1.095221
"1124","Engraulidae","AT13-12-2-2",NA,NA,"Sub Recent","Bocas","Casa Blanca","new_2025",0.89259
"1125","Engraulidae","AT13-12-2-2",2.218012,2218.012,"Sub Recent","Bocas","Casa Blanca","new_2025",1.311381
"1126","Engraulidae","AT13-12-2-2",1.711651,1711.651,"Sub Recent","Bocas","Casa Blanca","new_2025",0.96269
"1127","Engraulidae","AT13-12-2-2",2.352568,2352.568,"Sub Recent","Bocas","Casa Blanca","new_2025",1.35765
"1128","Engraulidae","AT13-12-2-2",2.048828,2048.828,"Sub Recent","Bocas","Casa Blanca","new_2025",1.226465
"1129","Engraulidae","AT13-12-2-2",2.067201,2067.201,"Sub Recent","Bocas","Casa Blanca","new_2025",1.124203
"1130","Engraulidae","AT13-12-2-2",2.268693,2268.693,"Sub Recent","Bocas","Casa Blanca","new_2025",1.187434
"1131","Engraulidae","AT13-12-2-2",2.071118,2071.118,"Sub Recent","Bocas","Casa Blanca","new_2025",1.058193
"1132","Engraulidae","AT13-12-2-2",1.50041,1500.41,"Sub Recent","Bocas","Casa Blanca","new_2025",0.859058
"1133","Engraulidae","AT13-12-2-2",1.625594,1625.594,"Sub Recent","Bocas","Casa Blanca","new_2025",1.080363
"1134","Engraulidae","AT13-12-2-2",2.03716,2037.16,"Sub Recent","Bocas","Casa Blanca","new_2025",1.317899
"1135","Engraulidae","AT13-12-3-1",2.146716,2146.716,"Sub Recent","Bocas","Casa Blanca","new_2025",1.260246
"1136","Engraulidae","AT13-12-3-1",1.504588,1504.588,"Sub Recent","Bocas","Casa Blanca","new_2025",0.950462
"1137","Engraulidae","AT13-12-3-1",1.894103,1894.103,"Sub Recent","Bocas","Casa Blanca","new_2025",1.098365
"1138","Engraulidae","AT13-12-3-1",1.864829,1864.829,"Sub Recent","Bocas","Casa Blanca","new_2025",1.057322
"1139","Engraulidae","AT13-12-3-1",1.727241,1727.241,"Sub Recent","Bocas","Casa Blanca","new_2025",1.011784
"1140","Engraulidae","AT13-12-3-1",1.684669,1684.669,"Sub Recent","Bocas","Casa Blanca","new_2025",0.964392
"1141","Engraulidae","AT13-12-3-1",1.69748,1697.48,"Sub Recent","Bocas","Casa Blanca","new_2025",0.916464
"1142","Engraulidae","AT13-12-3-1",2.281393,2281.393,"Sub Recent","Bocas","Casa Blanca","new_2025",1.429042
"1143","Engraulidae","AT13-12-3-1",1.023819,1023.819,"Sub Recent","Bocas","Casa Blanca","new_2025",0.732446
"1144","Engraulidae","AT13-12-3-1",1.639185,1639.185,"Sub Recent","Bocas","Casa Blanca","new_2025",1.170481
"1145","Engraulidae","AT13-12-3-2",2.069221,2069.221,"Sub Recent","Bocas","Casa Blanca","new_2025",1.215587
"1146","Engraulidae","AT13-12-3-2",NA,NA,"Sub Recent","Bocas","Casa Blanca","new_2025",1.101904
"1147","Engraulidae","AT13-12-3-2",NA,NA,"Sub Recent","Bocas","Casa Blanca","new_2025",0.999853
"1148","Engraulidae","AT13-12-3-2",1.950132,1950.132,"Sub Recent","Bocas","Casa Blanca","new_2025",1.192693
"1149","Engraulidae","AT13-12-3-2",2.305412,2305.412,"Sub Recent","Bocas","Casa Blanca","new_2025",1.380978
"1150","Engraulidae","AT13-12-3-2",2.067663,2067.663,"Sub Recent","Bocas","Casa Blanca","new_2025",1.064454
"1151","Engraulidae","AT13-12-3-2",1.943422,1943.422,"Sub Recent","Bocas","Casa Blanca","new_2025",1.078044
"1152","Engraulidae","AT13-12-3-2",1.755554,1755.554,"Sub Recent","Bocas","Casa Blanca","new_2025",1.150488
"1153","Engraulidae","AT13-12-3-2",1.245075,1245.075,"Sub Recent","Bocas","Casa Blanca","new_2025",0.854656
"1154","Engraulidae","AT13-12-3-2",1.486623,1486.623,"Sub Recent","Bocas","Casa Blanca","new_2025",1.036968
"1155","Engraulidae","AT13-12-3-2",1.71472,1714.72,"Sub Recent","Bocas","Casa Blanca","new_2025",1.132921
"1156","Engraulidae","AT13-12-3-2",2.261017,2261.017,"Sub Recent","Bocas","Casa Blanca","new_2025",1.446834
"1157","Engraulidae","AT13-12-4-1",1.890584,1890.584,"Sub Recent","Bocas","Casa Blanca","new_2025",1.140042
"1158","Engraulidae","AT13-12-4-1",1.467532,1467.532,"Sub Recent","Bocas","Casa Blanca","new_2025",0.849345
"1159","Engraulidae","AT13-12-4-1",1.508586,1508.586,"Sub Recent","Bocas","Casa Blanca","new_2025",0.980916
"1160","Engraulidae","AT13-12-4-1",NA,NA,"Sub Recent","Bocas","Casa Blanca","new_2025",1.159275
"1161","Engraulidae","AT13-12-4-1",2.4375,2437.5,"Sub Recent","Bocas","Casa Blanca","new_2025",1.425739
"1162","Engraulidae","AT13-12-4-1",1.772849,1772.849,"Sub Recent","Bocas","Casa Blanca","new_2025",1.131048
"1163","Engraulidae","AT13-12-4-1",2.351164,2351.164,"Sub Recent","Bocas","Casa Blanca","new_2025",1.417635
"1164","Engraulidae","AT13-12-4-1",2.419234,2419.234,"Sub Recent","Bocas","Casa Blanca","new_2025",1.411497
"1165","Engraulidae","AT13-12-4-1",2.09207,2092.07,"Sub Recent","Bocas","Casa Blanca","new_2025",1.303763
"1166","Engraulidae","AT13-12-4-1",1.944284,1944.284,"Sub Recent","Bocas","Casa Blanca","new_2025",1.076554
"1167","Engraulidae","AT13-12-4-1",1.786894,1786.894,"Sub Recent","Bocas","Casa Blanca","new_2025",0.986965
"1168","Engraulidae","AT13-12-4-1",2.126974,2126.974,"Sub Recent","Bocas","Casa Blanca","new_2025",1.388906
"1169","Engraulidae","AT13-12-4-1",2.205645,2205.645,"Sub Recent","Bocas","Casa Blanca","new_2025",1.415994
"1170","Engraulidae","AT13-12-4-2",1.57681,1576.81,"Sub Recent","Bocas","Casa Blanca","new_2025",1.019248
"1171","Engraulidae","AT13-12-4-2",1.749607,1749.607,"Sub Recent","Bocas","Casa Blanca","new_2025",1.00979
"1172","Engraulidae","AT13-12-4-2",1.831265,1831.265,"Sub Recent","Bocas","Casa Blanca","new_2025",1.118663
"1173","Engraulidae","AT13-12-4-2",2.237943,2237.943,"Sub Recent","Bocas","Casa Blanca","new_2025",1.310055
"1174","Engraulidae","AT13-12-4-2",1.793583,1793.583,"Sub Recent","Bocas","Casa Blanca","new_2025",1.129991
"1175","Engraulidae","AT13-12-4-2",2.142946,2142.946,"Sub Recent","Bocas","Casa Blanca","new_2025",1.14209
"1176","Engraulidae","AT13-12-4-2",2.061843,2061.843,"Sub Recent","Bocas","Casa Blanca","new_2025",1.016759
"1177","Engraulidae","AT13-12-4-2",1.933835,1933.835,"Sub Recent","Bocas","Casa Blanca","new_2025",0.981793
"1178","Engraulidae","AT13-12-4-2",2.396632,2396.632,"Sub Recent","Bocas","Casa Blanca","new_2025",1.589244
"1179","Engraulidae","AT14-1-1",1.514528,1514.528,"Sub Recent","Bocas","Casa Blanca","new_2025",0.818253
"1180","Engraulidae","AT14-1-1",1.170796,1170.796,"Sub Recent","Bocas","Casa Blanca","new_2025",0.800216
"1181","Engraulidae","AT14-1-1",2.050926,2050.926,"Sub Recent","Bocas","Casa Blanca","new_2025",1.25606
"1182","Engraulidae","AT14-1-1",1.547883,1547.883,"Sub Recent","Bocas","Casa Blanca","new_2025",0.872983
"1183","Engraulidae","AT14-1-1",1.816188,1816.188,"Sub Recent","Bocas","Casa Blanca","new_2025",1.222819
"1184","Engraulidae","AT14-1-1",1.853334,1853.334,"Sub Recent","Bocas","Casa Blanca","new_2025",1.011131
"1185","Engraulidae","AT14-1-1",2.988191,2988.191,"Sub Recent","Bocas","Casa Blanca","new_2025",1.72396
"1186","Engraulidae","AT14-1-1",1.807547,1807.547,"Sub Recent","Bocas","Casa Blanca","new_2025",1.16152
"1187","Engraulidae","AT14-1-3",1.314927,1314.927,"Sub Recent","Bocas","Casa Blanca","new_2025",0.803145
"1188","Engraulidae","AT14-1-3",1.702775,1702.775,"Sub Recent","Bocas","Casa Blanca","new_2025",1.005151
"1189","Engraulidae","AT14-1-3",1.79956,1799.56,"Sub Recent","Bocas","Casa Blanca","new_2025",1.01359
"1190","Engraulidae","AT14-1-3",NA,NA,"Sub Recent","Bocas","Casa Blanca","new_2025",1.783728
"1191","Engraulidae","AT14-1-3",1.077205,1077.205,"Sub Recent","Bocas","Casa Blanca","new_2025",1.946221
"1192","Engraulidae","AT14-1-3",1.165781,1165.781,"Sub Recent","Bocas","Casa Blanca","new_2025",1.521468
"1193","Engraulidae","AT14-1-3",1.030905,1030.905,"Sub Recent","Bocas","Casa Blanca","new_2025",2.17019
"1194","Engraulidae","AT14-1-3",1.328058,1328.058,"Sub Recent","Bocas","Casa Blanca","new_2025",1.932892
"1195","Engraulidae","AT14-1-5",1.638326,1638.326,"Sub Recent","Bocas","Casa Blanca","new_2025",0.97131
"1196","Engraulidae","AT14-1-5",2.156096,2156.096,"Sub Recent","Bocas","Casa Blanca","new_2025",1.367934
"1197","Engraulidae","AT14-1-5",2.048577,2048.577,"Sub Recent","Bocas","Casa Blanca","new_2025",1.29799
"1198","Engraulidae","AT14-1-8",NA,NA,"Sub Recent","Bocas","Casa Blanca","new_2025",1.060676
"1199","Engraulidae","AT14-1-8",1.631733,1631.733,"Sub Recent","Bocas","Casa Blanca","new_2025",0.846579
"1200","Engraulidae","AT14-1-8",1.57856,1578.56,"Sub Recent","Bocas","Casa Blanca","new_2025",0.918603
"1201","Engraulidae","AT14-1-8",2.054433,2054.433,"Sub Recent","Bocas","Casa Blanca","new_2025",1.081516
"1202","Engraulidae","AT14-1-8",1.863894,1863.894,"Sub Recent","Bocas","Casa Blanca","new_2025",1.049521
"1203","Engraulidae","AT14-1-7",1.473121,1473.121,"Sub Recent","Bocas","Casa Blanca","new_2025",1.039815
"1204","Engraulidae","AT14-1-7",1.186351,1186.351,"Sub Recent","Bocas","Casa Blanca","new_2025",0.827258
"1205","Engraulidae","AT14-1-7",1.473242,1473.242,"Sub Recent","Bocas","Casa Blanca","new_2025",1.002964
"1206","Engraulidae","AT14-1-7",1.627115,1627.115,"Sub Recent","Bocas","Casa Blanca","new_2025",0.889963
"1207","Engraulidae","AT14-1-7",1.163972,1163.972,"Sub Recent","Bocas","Casa Blanca","new_2025",0.769668
"1208","Engraulidae","AT14-1-7",1.997909,1997.909,"Sub Recent","Bocas","Casa Blanca","new_2025",1.301301
"1209","Engraulidae","AT14-1-7",1.92063,1920.63,"Sub Recent","Bocas","Casa Blanca","new_2025",NA
"1210","Engraulidae","AT14-1-7",NA,NA,"Sub Recent","Bocas","Casa Blanca","new_2025",1.165452
"1211","Engraulidae","AT14-1-7",2.027128,2027.128,"Sub Recent","Bocas","Casa Blanca","new_2025",1.055984
"1212","Engraulidae","AT14-1-7",1.707455,1707.455,"Sub Recent","Bocas","Casa Blanca","new_2025",0.987998
"1213","Engraulidae","AT14-2-1",1.967888,1967.888,"Sub Recent","Bocas","Punta Donato","new_2025",1.250415
"1214","Engraulidae","AT14-2-1",NA,NA,"Sub Recent","Bocas","Punta Donato","new_2025",1.170917
"1215","Engraulidae","AT14-2-1",2.041452,2041.452,"Sub Recent","Bocas","Punta Donato","new_2025",1.205502
"1216","Engraulidae","AT14-2-1",2.076716,2076.716,"Sub Recent","Bocas","Punta Donato","new_2025",1.354069
"1217","Engraulidae","AT14-2-1",1.547892,1547.892,"Sub Recent","Bocas","Punta Donato","new_2025",1.077284
"1218","Engraulidae","AT14-2-4",1.360227,1360.227,"Sub Recent","Bocas","Punta Donato","new_2025",0.906818
"1219","Engraulidae","AT14-2-4",1.016558,1016.558,"Sub Recent","Bocas","Punta Donato","new_2025",0.769737
"1220","Engraulidae","AT14-2-4",1.145475,1145.475,"Sub Recent","Bocas","Punta Donato","new_2025",0.798839
"1221","Engraulidae","AT14-2-4",1.600759,1600.759,"Sub Recent","Bocas","Punta Donato","new_2025",1.067877
"1222","Engraulidae","AT14-3-2",2.097747,2097.747,"Sub Recent","Bocas","Cayo Adriana","new_2025",1.303508
"1223","Engraulidae","AT14-3-4",2.128592,2128.592,"Sub Recent","Bocas","Cayo Adriana","new_2025",1.376335
"1224","Engraulidae","AT14-3-4",2.338548,2338.548,"Sub Recent","Bocas","Cayo Adriana","new_2025",1.441765
"1225","Engraulidae","AT14-3-4",1.987739,1987.739,"Sub Recent","Bocas","Cayo Adriana","new_2025",1.259246
"1226","Engraulidae","AT14-3-6",NA,NA,"Sub Recent","Bocas","Cayo Adriana","new_2025",1.38955
"1227","Engraulidae","AT14-3-6",1.929135,1929.135,"Sub Recent","Bocas","Cayo Adriana","new_2025",1.308235
"1228","Engraulidae","AT14-3-5",2.073541,2073.541,"Sub Recent","Bocas","Cayo Adriana","new_2025",1.42191
"1229","Engraulidae","AT14-3-5",1.556097,1556.097,"Sub Recent","Bocas","Cayo Adriana","new_2025",1.039909
"1230","Engraulidae","AT14-3-5",2.128832,2128.832,"Sub Recent","Bocas","Cayo Adriana","new_2025",1.147517
"1231","Gobiidae","AT12-1-5-1",1.568156,1568.156,"Sub Recent","Bocas","STRI Point","new_2025",NA
"1232","Gobiidae","AT12-1-5-1",0.994442,994.442,"Sub Recent","Bocas","STRI Point","new_2025",1.002527
"1233","Gobiidae","AT12-1-5-1",1.059121,1059.121,"Sub Recent","Bocas","STRI Point","new_2025",1.094155
"1234","Gobiidae","AT12-1-5-1",1.31133,1311.33,"Sub Recent","Bocas","STRI Point","new_2025",1.264665
"1235","Gobiidae","AT12-1-5-1",0.905933,905.933,"Sub Recent","Bocas","STRI Point","new_2025",0.970909
"1236","Gobiidae","AT12-1-5-1",0.66147,661.47,"Sub Recent","Bocas","STRI Point","new_2025",0.624404
"1237","Gobiidae","AT12-1-5-1",1.251834,1251.834,"Sub Recent","Bocas","STRI Point","new_2025",1.137789
"1238","Gobiidae","AT12-1-5-1",1.592724,1592.724,"Sub Recent","Bocas","STRI Point","new_2025",1.48762
"1239","Gobiidae","AT12-1-5-1",0.865954,865.954,"Sub Recent","Bocas","STRI Point","new_2025",0.911883
"1240","Gobiidae","AT12-1-5-1",1.28376,1283.76,"Sub Recent","Bocas","STRI Point","new_2025",1.242659
"1241","Gobiidae","AT13-10-1-1",2.478003,2478.003,"Sub Recent","Bocas","Punta Caracol","new_2025",2.040992
"1242","Gobiidae","AT13-10-1-2",1.756196,1756.196,"Sub Recent","Bocas","Punta Caracol","new_2025",1.640305
"1243","Gobiidae","AT13-10-1-2",1.218703,1218.703,"Sub Recent","Bocas","Punta Caracol","new_2025",1.233217
"1244","Gobiidae","AT13-10-1-2",1.406084,1406.084,"Sub Recent","Bocas","Punta Caracol","new_2025",1.388395
"1245","Gobiidae","AT13-10-1-2",1.312385,1312.385,"Sub Recent","Bocas","Punta Caracol","new_2025",1.254407
"1246","Gobiidae","AT13-10-2-1",1.659854,1659.854,"Sub Recent","Bocas","Punta Caracol","new_2025",1.529558
"1247","Gobiidae","AT13-10-2-1",1.330478,1330.478,"Sub Recent","Bocas","Punta Caracol","new_2025",1.192905
"1248","Gobiidae","AT13-10-3-1",0.810466,810.466,"Sub Recent","Bocas","Punta Caracol","new_2025",0.953961
"1249","Gobiidae","AT13-10-3-1",1.715874,1715.874,"Sub Recent","Bocas","Punta Caracol","new_2025",1.689063
"1250","Gobiidae","AT13-10-4-1",1.228147,1228.147,"Sub Recent","Bocas","Punta Caracol","new_2025",1.058205
"1251","Gobiidae","AT13-10-4-1",1.149058,1149.058,"Sub Recent","Bocas","Punta Caracol","new_2025",1.070135
"1252","Gobiidae","AT13-10-4-2",0.897574,897.574,"Sub Recent","Bocas","Punta Caracol","new_2025",0.989218
"1253","Gobiidae","AT13-10-4-2",1.358491,1358.491,"Sub Recent","Bocas","Punta Caracol","new_2025",1.204852
"1254","Gobiidae","AT13-10-4-2",0.714286,714.286,"Sub Recent","Bocas","Punta Caracol","new_2025",0.832884
"1255","Gobiidae","AT13-10-2-2",1.355361,1355.361,"Sub Recent","Bocas","Punta Caracol","new_2025",1.286581
"1256","Gobiidae","AT13-10-2-2",0.962913,962.913,"Sub Recent","Bocas","Punta Caracol","new_2025",0.958867
"1257","Gobiidae","AT13-10-3-2",NA,NA,"Sub Recent","Bocas","Punta Caracol","new_2025",1.181389
"1258","Gobiidae","AT13-10-3-2",1.019555,1019.555,"Sub Recent","Bocas","Punta Caracol","new_2025",1.197572
"1259","Gobiidae","AT13-10-5-1",0.914363,914.363,"Sub Recent","Bocas","Punta Caracol","new_2025",0.894134
"1260","Gobiidae","AT13-10-5-2",1.505057,1505.057,"Sub Recent","Bocas","Punta Caracol","new_2025",1.343223
"1261","Gobiidae","AT13-10-5-2",1.227242,1227.242,"Sub Recent","Bocas","Punta Caracol","new_2025",1.024949
"1262","Gobiidae","AT13-12-1-1",1.983871,1983.871,"Sub Recent","Bocas","Casa Blanca","new_2025",1.653226
"1263","Gobiidae","AT13-12-1-1",1.082028,1082.028,"Sub Recent","Bocas","Casa Blanca","new_2025",0.884159
"1264","Gobiidae","AT13-12-1-1",1.169355,1169.355,"Sub Recent","Bocas","Casa Blanca","new_2025",1.177419
"1265","Gobiidae","AT13-12-1-1",1.363356,1363.356,"Sub Recent","Bocas","Casa Blanca","new_2025",1.246431
"1266","Gobiidae","AT13-12-1-1",0.717742,717.742,"Sub Recent","Bocas","Casa Blanca","new_2025",0.766129
"1267","Gobiidae","AT13-12-1-1",1.556452,1556.452,"Sub Recent","Bocas","Casa Blanca","new_2025",1.258065
"1268","Gobiidae","AT13-12-1-1",1.008154,1008.154,"Sub Recent","Bocas","Casa Blanca","new_2025",1.049686
"1269","Gobiidae","AT13-12-1-1",0.715054,715.054,"Sub Recent","Bocas","Casa Blanca","new_2025",0.830645
"1270","Gobiidae","AT13-12-1-1",0.951613,951.613,"Sub Recent","Bocas","Casa Blanca","new_2025",0.931452
"1271","Gobiidae","AT13-12-1-1",1.403145,1403.145,"Sub Recent","Bocas","Casa Blanca","new_2025",1.207808
"1272","Gobiidae","AT13-12-1-1",0.837555,837.555,"Sub Recent","Bocas","Casa Blanca","new_2025",0.872246
"1273","Gobiidae","AT13-12-1-1",0.765683,765.683,"Sub Recent","Bocas","Casa Blanca","new_2025",0.825973
"1274","Gobiidae","AT13-12-1-1",1.371489,1371.489,"Sub Recent","Bocas","Casa Blanca","new_2025",1.398723
"1275","Gobiidae","AT13-12-1-1",1.167469,1167.469,"Sub Recent","Bocas","Casa Blanca","new_2025",1.007205
"1276","Gobiidae","AT13-12-1-1",0.883469,883.469,"Sub Recent","Bocas","Casa Blanca","new_2025",0.946679
"1277","Gobiidae","AT13-12-1-1",0.758065,758.065,"Sub Recent","Bocas","Casa Blanca","new_2025",0.900538
"1278","Gobiidae","AT13-12-1-1",NA,NA,"Sub Recent","Bocas","Casa Blanca","new_2025",NA
"1279","Gobiidae","AT13-12-1-2",0.943967,943.967,"Sub Recent","Bocas","Casa Blanca","new_2025",1.177064
"1280","Gobiidae","AT13-12-1-2",1.233536,1233.536,"Sub Recent","Bocas","Casa Blanca","new_2025",1.109596
"1281","Gobiidae","AT13-12-1-2",1.146309,1146.309,"Sub Recent","Bocas","Casa Blanca","new_2025",1.119463
"1282","Gobiidae","AT13-12-1-2",1.100671,1100.671,"Sub Recent","Bocas","Casa Blanca","new_2025",1.065101
"1283","Gobiidae","AT13-12-1-2",NA,NA,"Sub Recent","Bocas","Casa Blanca","new_2025",NA
"1284","Gobiidae","AT13-12-1-2",0.812258,812.258,"Sub Recent","Bocas","Casa Blanca","new_2025",0.831624
"1285","Gobiidae","AT13-12-1-2",1.54094,1540.94,"Sub Recent","Bocas","Casa Blanca","new_2025",1.436242
"1286","Gobiidae","AT13-12-1-2",0.794631,794.631,"Sub Recent","Bocas","Casa Blanca","new_2025",0.926174
"1287","Gobiidae","AT13-12-1-2",2.008213,2008.213,"Sub Recent","Bocas","Casa Blanca","new_2025",1.930905
"1288","Gobiidae","AT13-12-1-2",1.457718,1457.718,"Sub Recent","Bocas","Casa Blanca","new_2025",1.385235
"1289","Gobiidae","AT13-12-1-2",1.409396,1409.396,"Sub Recent","Bocas","Casa Blanca","new_2025",1.283221
"1290","Gobiidae","AT13-12-1-2",1.025503,1025.503,"Sub Recent","Bocas","Casa Blanca","new_2025",0.840268
"1291","Gobiidae","AT13-12-1-2",0.801342,801.342,"Sub Recent","Bocas","Casa Blanca","new_2025",0.821477
"1292","Gobiidae","AT13-12-2-1",0.918156,918.156,"Sub Recent","Bocas","Casa Blanca","new_2025",0.914094
"1293","Gobiidae","AT13-12-2-1",NA,NA,"Sub Recent","Bocas","Casa Blanca","new_2025",1.103356
"1294","Gobiidae","AT13-12-2-1",1.200537,1200.537,"Sub Recent","Bocas","Casa Blanca","new_2025",1.099875
"1295","Gobiidae","AT13-12-2-1",0.854822,854.822,"Sub Recent","Bocas","Casa Blanca","new_2025",0.686456
"1296","Gobiidae","AT13-12-2-1",1.201497,1201.497,"Sub Recent","Bocas","Casa Blanca","new_2025",0.974896
"1297","Gobiidae","AT13-12-2-1",0.899068,899.068,"Sub Recent","Bocas","Casa Blanca","new_2025",1.01114
"1298","Gobiidae","AT13-12-2-1",NA,NA,"Sub Recent","Bocas","Casa Blanca","new_2025",1.310067
"1299","Gobiidae","AT13-12-2-1",0.853691,853.691,"Sub Recent","Bocas","Casa Blanca","new_2025",0.869799
"1300","Gobiidae","AT13-12-2-1",0.765006,765.006,"Sub Recent","Bocas","Casa Blanca","new_2025",0.881179
"1301","Gobiidae","AT13-12-2-1",1.35056,1350.56,"Sub Recent","Bocas","Casa Blanca","new_2025",1.25701
"1302","Gobiidae","AT13-12-2-1",1.023555,1023.555,"Sub Recent","Bocas","Casa Blanca","new_2025",0.948962
"1303","Gobiidae","AT13-12-2-1",0.989332,989.332,"Sub Recent","Bocas","Casa Blanca","new_2025",1.000736
"1304","Gobiidae","AT13-12-2-2",0.922961,922.961,"Sub Recent","Bocas","Casa Blanca","new_2025",0.980991
"1305","Gobiidae","AT13-12-2-2",0.974067,974.067,"Sub Recent","Bocas","Casa Blanca","new_2025",1.000453
"1306","Gobiidae","AT13-12-2-2",1.529254,1529.254,"Sub Recent","Bocas","Casa Blanca","new_2025",1.38803
"1307","Gobiidae","AT13-12-2-2",1.529254,1529.254,"Sub Recent","Bocas","Casa Blanca","new_2025",1.444519
"1308","Gobiidae","AT13-12-2-2",1.210491,1210.491,"Sub Recent","Bocas","Casa Blanca","new_2025",1.011432
"1309","Gobiidae","AT13-12-2-2",0.882313,882.313,"Sub Recent","Bocas","Casa Blanca","new_2025",0.960323
"1310","Gobiidae","AT13-12-2-2",1.413729,1413.729,"Sub Recent","Bocas","Casa Blanca","new_2025",1.382559
"1311","Gobiidae","AT13-12-2-2",1.384912,1384.912,"Sub Recent","Bocas","Casa Blanca","new_2025",1.230662
"1312","Gobiidae","AT13-12-2-2",0.796602,796.602,"Sub Recent","Bocas","Casa Blanca","new_2025",0.860188
"1313","Gobiidae","AT13-12-3-1",1.170564,1170.564,"Sub Recent","Bocas","Casa Blanca","new_2025",1.203276
"1314","Gobiidae","AT13-12-3-1",0.771505,771.505,"Sub Recent","Bocas","Casa Blanca","new_2025",0.846774
"1315","Gobiidae","AT13-12-3-1",0.897849,897.849,"Sub Recent","Bocas","Casa Blanca","new_2025",0.77957
"1316","Gobiidae","AT13-12-3-1",0.726926,726.926,"Sub Recent","Bocas","Casa Blanca","new_2025",0.785981
"1317","Gobiidae","AT13-12-3-1",1.133604,1133.604,"Sub Recent","Bocas","Casa Blanca","new_2025",1.130804
"1318","Gobiidae","AT13-12-3-1",0.932935,932.935,"Sub Recent","Bocas","Casa Blanca","new_2025",1.02957
"1319","Gobiidae","AT13-12-3-1",1.068548,1068.548,"Sub Recent","Bocas","Casa Blanca","new_2025",0.818548
"1320","Gobiidae","AT13-12-3-1",0.953056,953.056,"Sub Recent","Bocas","Casa Blanca","new_2025",1.064524
"1321","Gobiidae","AT13-12-3-1",0.965054,965.054,"Sub Recent","Bocas","Casa Blanca","new_2025",0.978495
"1322","Gobiidae","AT13-12-3-1",1.800202,1800.202,"Sub Recent","Bocas","Casa Blanca","new_2025",1.759839
"1323","Gobiidae","AT13-12-3-1",1.518458,1518.458,"Sub Recent","Bocas","Casa Blanca","new_2025",1.519595
"1324","Gobiidae","AT13-12-3-1",0.795929,795.929,"Sub Recent","Bocas","Casa Blanca","new_2025",0.993359
"1325","Gobiidae","AT13-12-3-1",1.410527,1410.527,"Sub Recent","Bocas","Casa Blanca","new_2025",1.329297
"1326","Gobiidae","AT13-12-3-1",1.092996,1092.996,"Sub Recent","Bocas","Casa Blanca","new_2025",1.337283
"1327","Gobiidae","AT13-12-3-1",1.15439,1154.39,"Sub Recent","Bocas","Casa Blanca","new_2025",1.181298
"1328","Gobiidae","AT13-12-3-1",0.807265,807.265,"Sub Recent","Bocas","Casa Blanca","new_2025",0.873865
"1329","Gobiidae","AT13-12-3-1",1.027918,1027.918,"Sub Recent","Bocas","Casa Blanca","new_2025",1.011773
"1330","Gobiidae","AT13-12-3-1",0.926337,926.337,"Sub Recent","Bocas","Casa Blanca","new_2025",0.990918
"1331","Gobiidae","AT13-12-3-2",0.972486,972.486,"Sub Recent","Bocas","Casa Blanca","new_2025",0.94002
"1332","Gobiidae","AT13-12-3-2",NA,NA,"Sub Recent","Bocas","Casa Blanca","new_2025",0.817794
"1333","Gobiidae","AT13-12-3-2",NA,NA,"Sub Recent","Bocas","Casa Blanca","new_2025",1.108178
"1334","Gobiidae","AT13-12-3-2",0.839498,839.498,"Sub Recent","Bocas","Casa Blanca","new_2025",0.901865
"1335","Gobiidae","AT13-12-3-2",1.18633,1186.33,"Sub Recent","Bocas","Casa Blanca","new_2025",1.154155
"1336","Gobiidae","AT13-12-3-2",1.455246,1455.246,"Sub Recent","Bocas","Casa Blanca","new_2025",1.439033
"1337","Gobiidae","AT13-12-3-2",0.763569,763.569,"Sub Recent","Bocas","Casa Blanca","new_2025",0.755216
"1338","Gobiidae","AT13-12-3-2",0.778269,778.269,"Sub Recent","Bocas","Casa Blanca","new_2025",0.817947
"1339","Gobiidae","AT13-12-3-2",0.907535,907.535,"Sub Recent","Bocas","Casa Blanca","new_2025",1.084882
"1340","Gobiidae","AT13-12-3-2",0.941638,941.638,"Sub Recent","Bocas","Casa Blanca","new_2025",0.957965
"1341","Gobiidae","AT13-12-3-2",0.756224,756.224,"Sub Recent","Bocas","Casa Blanca","new_2025",0.846725
"1342","Gobiidae","AT13-12-3-2",NA,NA,"Sub Recent","Bocas","Casa Blanca","new_2025",1.043743
"1343","Gobiidae","AT13-12-3-2",1.620931,1620.931,"Sub Recent","Bocas","Casa Blanca","new_2025",1.468045
"1344","Gobiidae","AT13-12-3-2",1.074979,1074.979,"Sub Recent","Bocas","Casa Blanca","new_2025",0.997852
"1345","Gobiidae","AT13-12-3-2",1.383869,1383.869,"Sub Recent","Bocas","Casa Blanca","new_2025",1.230952
"1346","Gobiidae","AT13-12-3-2",0.801836,801.836,"Sub Recent","Bocas","Casa Blanca","new_2025",0.916868
"1347","Gobiidae","AT13-12-3-2",1.719389,1719.389,"Sub Recent","Bocas","Casa Blanca","new_2025",1.542483
"1348","Gobiidae","AT13-12-3-2",0.930657,930.657,"Sub Recent","Bocas","Casa Blanca","new_2025",0.967663
"1349","Gobiidae","AT13-12-3-2",1.032572,1032.572,"Sub Recent","Bocas","Casa Blanca","new_2025",1.026746
"1350","Gobiidae","AT13-12-3-2",1.4008,1400.8,"Sub Recent","Bocas","Casa Blanca","new_2025",1.29301
"1351","Gobiidae","AT13-12-3-2",1.327854,1327.854,"Sub Recent","Bocas","Casa Blanca","new_2025",1.173846
"1352","Gobiidae","AT13-12-3-2",0.885129,885.129,"Sub Recent","Bocas","Casa Blanca","new_2025",1.049194
"1353","Gobiidae","AT13-12-4-1",0.78224,782.24,"Sub Recent","Bocas","Casa Blanca","new_2025",0.996517
"1354","Gobiidae","AT13-12-4-1",1.987969,1987.969,"Sub Recent","Bocas","Casa Blanca","new_2025",1.685706
"1355","Gobiidae","AT13-12-4-1",1.694129,1694.129,"Sub Recent","Bocas","Casa Blanca","new_2025",1.387308
"1356","Gobiidae","AT13-12-4-1",0.772867,772.867,"Sub Recent","Bocas","Casa Blanca","new_2025",0.836363
"1357","Gobiidae","AT13-12-4-1",0.685911,685.911,"Sub Recent","Bocas","Casa Blanca","new_2025",0.817453
"1358","Gobiidae","AT13-12-4-1",1.684432,1684.432,"Sub Recent","Bocas","Casa Blanca","new_2025",1.495315
"1359","Gobiidae","AT13-12-4-1",1.078544,1078.544,"Sub Recent","Bocas","Casa Blanca","new_2025",1.352941
"1360","Gobiidae","AT13-12-4-1",1.209689,1209.689,"Sub Recent","Bocas","Casa Blanca","new_2025",1.215482
"1361","Gobiidae","AT13-12-4-1",2.120983,2120.983,"Sub Recent","Bocas","Casa Blanca","new_2025",1.786309
"1362","Gobiidae","AT13-12-4-1",0.948868,948.868,"Sub Recent","Bocas","Casa Blanca","new_2025",1.000697
"1363","Gobiidae","AT13-12-4-1",1.291614,1291.614,"Sub Recent","Bocas","Casa Blanca","new_2025",1.178834
"1364","Gobiidae","AT13-12-4-1",0.829972,829.972,"Sub Recent","Bocas","Casa Blanca","new_2025",0.900616
"1365","Gobiidae","AT13-12-4-1",0.760276,760.276,"Sub Recent","Bocas","Casa Blanca","new_2025",0.843593
"1366","Gobiidae","AT13-12-4-1",0.779588,779.588,"Sub Recent","Bocas","Casa Blanca","new_2025",0.836039
"1367","Gobiidae","AT13-12-4-1",0.914073,914.073,"Sub Recent","Bocas","Casa Blanca","new_2025",1.17837
"1368","Gobiidae","AT13-12-4-1",1.213542,1213.542,"Sub Recent","Bocas","Casa Blanca","new_2025",1.159288
"1369","Gobiidae","AT13-12-4-1",1.083853,1083.853,"Sub Recent","Bocas","Casa Blanca","new_2025",1.090368
"1370","Gobiidae","AT13-12-4-1",1.099623,1099.623,"Sub Recent","Bocas","Casa Blanca","new_2025",1.014877
"1371","Gobiidae","AT13-12-4-1",1.669749,1669.749,"Sub Recent","Bocas","Casa Blanca","new_2025",1.33067
"1372","Gobiidae","AT13-12-4-1",1.432798,1432.798,"Sub Recent","Bocas","Casa Blanca","new_2025",1.206992
"1373","Gobiidae","AT13-12-4-1",0.863912,863.912,"Sub Recent","Bocas","Casa Blanca","new_2025",0.996152
"1374","Gobiidae","AT13-12-4-1",0.863188,863.188,"Sub Recent","Bocas","Casa Blanca","new_2025",1.038308
"1375","Gobiidae","AT13-12-4-1",0.885228,885.228,"Sub Recent","Bocas","Casa Blanca","new_2025",0.996
"1376","Gobiidae","AT13-12-4-1",1.09255,1092.55,"Sub Recent","Bocas","Casa Blanca","new_2025",1.087054
"1377","Gobiidae","AT13-12-4-1",1.418069,1418.069,"Sub Recent","Bocas","Casa Blanca","new_2025",1.301666
"1378","Gobiidae","AT13-12-4-1",1.426485,1426.485,"Sub Recent","Bocas","Casa Blanca","new_2025",1.202184
"1379","Gobiidae","AT13-12-4-1",0.981483,981.483,"Sub Recent","Bocas","Casa Blanca","new_2025",0.968614
"1380","Gobiidae","AT13-12-4-1",1.484439,1484.439,"Sub Recent","Bocas","Casa Blanca","new_2025",1.361039
"1381","Gobiidae","AT13-12-4-1",0.878723,878.723,"Sub Recent","Bocas","Casa Blanca","new_2025",1.003058
"1382","Gobiidae","AT13-12-4-1",1.210675,1210.675,"Sub Recent","Bocas","Casa Blanca","new_2025",1.167427
"1383","Gobiidae","AT13-12-4-1",0.881406,881.406,"Sub Recent","Bocas","Casa Blanca","new_2025",1.113367
"1384","Gobiidae","AT13-12-4-1",1.455576,1455.576,"Sub Recent","Bocas","Casa Blanca","new_2025",1.401617
"1385","Gobiidae","AT13-12-4-1",0.95701,957.01,"Sub Recent","Bocas","Casa Blanca","new_2025",1.010872
"1386","Gobiidae","AT13-12-4-2",0.806093,806.093,"Sub Recent","Bocas","Casa Blanca","new_2025",0.840371
"1387","Gobiidae","AT13-12-4-2",0.747312,747.312,"Sub Recent","Bocas","Casa Blanca","new_2025",0.814516
"1388","Gobiidae","AT13-12-4-2",0.997312,997.312,"Sub Recent","Bocas","Casa Blanca","new_2025",0.959677
"1389","Gobiidae","AT13-12-4-2",1.094086,1094.086,"Sub Recent","Bocas","Casa Blanca","new_2025",1.069892
"1390","Gobiidae","AT13-12-4-2",1.120671,1120.671,"Sub Recent","Bocas","Casa Blanca","new_2025",1.072308
"1391","Gobiidae","AT13-12-4-2",0.988052,988.052,"Sub Recent","Bocas","Casa Blanca","new_2025",1.088962
"1392","Gobiidae","AT13-12-4-2",1.711083,1711.083,"Sub Recent","Bocas","Casa Blanca","new_2025",1.568849
"1393","Gobiidae","AT13-12-4-2",1.502372,1502.372,"Sub Recent","Bocas","Casa Blanca","new_2025",1.38872
"1394","Gobiidae","AT13-12-4-2",1.828202,1828.202,"Sub Recent","Bocas","Casa Blanca","new_2025",1.735605
"1395","Gobiidae","AT13-12-4-2",1.626138,1626.138,"Sub Recent","Bocas","Casa Blanca","new_2025",1.488909
"1396","Gobiidae","AT13-12-4-2",1.124492,1124.492,"Sub Recent","Bocas","Casa Blanca","new_2025",1.105585
"1397","Gobiidae","AT13-12-4-2",1.5281,1528.1,"Sub Recent","Bocas","Casa Blanca","new_2025",1.350895
"1398","Gobiidae","AT13-12-4-2",1.137611,1137.611,"Sub Recent","Bocas","Casa Blanca","new_2025",1.169181
"1399","Gobiidae","AT13-12-4-2",1.246864,1246.864,"Sub Recent","Bocas","Casa Blanca","new_2025",1.188437
"1400","Gobiidae","AT13-12-4-2",1.037823,1037.823,"Sub Recent","Bocas","Casa Blanca","new_2025",1.017613
"1401","Gobiidae","AT13-12-4-2",1.373811,1373.811,"Sub Recent","Bocas","Casa Blanca","new_2025",1.262988
"1402","Gobiidae","AT13-12-4-2",1.448695,1448.695,"Sub Recent","Bocas","Casa Blanca","new_2025",1.307834
"1403","Gobiidae","AT14-1-1",0.634698,634.698,"Sub Recent","Bocas","Casa Blanca","new_2025",0.785966
"1404","Gobiidae","AT14-1-1",0.716692,716.692,"Sub Recent","Bocas","Casa Blanca","new_2025",0.759109
"1405","Gobiidae","AT14-1-1",0.804513,804.513,"Sub Recent","Bocas","Casa Blanca","new_2025",0.860633
"1406","Gobiidae","AT14-1-5",0.993712,993.712,"Sub Recent","Bocas","Casa Blanca","new_2025",1.022969
"1407","Gobiidae","AT14-1-5",1.254461,1254.461,"Sub Recent","Bocas","Casa Blanca","new_2025",1.253172
"1408","Gobiidae","AT14-1-7",1.663526,1663.526,"Sub Recent","Bocas","Casa Blanca","new_2025",1.405259
"1409","Gobiidae","AT14-1-7",1.483215,1483.215,"Sub Recent","Bocas","Casa Blanca","new_2025",1.33809
"1410","Gobiidae","AT14-1-7",1.068641,1068.641,"Sub Recent","Bocas","Casa Blanca","new_2025",1.033647
"1411","Gobiidae","AT14-1-7",NA,NA,"Sub Recent","Bocas","Casa Blanca","new_2025",NA
"1412","Gobiidae","AT14-1-7",0.961995,961.995,"Sub Recent","Bocas","Casa Blanca","new_2025",0.776748
"1413","Gobiidae","AT14-1-7",0.960973,960.973,"Sub Recent","Bocas","Casa Blanca","new_2025",0.791611
"1414","Gobiidae","AT14-1-7",1.736811,1736.811,"Sub Recent","Bocas","Casa Blanca","new_2025",1.716487
"1415","Gobiidae","AT14-1-7",0.970874,970.874,"Sub Recent","Bocas","Casa Blanca","new_2025",1.124831
"1416","Gobiidae","AT14-1-7",1.430841,1430.841,"Sub Recent","Bocas","Casa Blanca","new_2025",1.301686
"1417","Gobiidae","AT14-1-7",0.836324,836.324,"Sub Recent","Bocas","Casa Blanca","new_2025",0.954677
"1418","Gobiidae","AT14-1-7",1.547059,1547.059,"Sub Recent","Bocas","Casa Blanca","new_2025",1.337703
"1419","Gobiidae","AT14-1-7",0.826326,826.326,"Sub Recent","Bocas","Casa Blanca","new_2025",0.869313
"1420","Gobiidae","AT14-1-7",1.448207,1448.207,"Sub Recent","Bocas","Casa Blanca","new_2025",1.451446
"1421","Gobiidae","AT14-1-3",0.816516,816.516,"Sub Recent","Bocas","Casa Blanca","new_2025",0.816759
"1422","Gobiidae","AT14-1-3",0.939281,939.281,"Sub Recent","Bocas","Casa Blanca","new_2025",0.95617
"1423","Gobiidae","AT14-1-3",1.110773,1110.773,"Sub Recent","Bocas","Casa Blanca","new_2025",1.412123
"1424","Gobiidae","AT14-1-3",1.193668,1193.668,"Sub Recent","Bocas","Casa Blanca","new_2025",1.194399
"1425","Gobiidae","AT14-1-3",1.037388,1037.388,"Sub Recent","Bocas","Casa Blanca","new_2025",0.99579
"1426","Gobiidae","AT14-1-3",0.65806,658.06,"Sub Recent","Bocas","Casa Blanca","new_2025",0.745784
"1427","Gobiidae","AT14-1-3",0.628302,628.302,"Sub Recent","Bocas","Casa Blanca","new_2025",0.776922
"1428","Gobiidae","AT14-1-3",0.741465,741.465,"Sub Recent","Bocas","Casa Blanca","new_2025",0.795935
"1429","Gobiidae","AT14-1-3",0.940371,940.371,"Sub Recent","Bocas","Casa Blanca","new_2025",0.828622
"1430","Gobiidae","AT14-1-3",0.910482,910.482,"Sub Recent","Bocas","Casa Blanca","new_2025",0.909686
"1431","Gobiidae","AT14-1-3",0.43415,434.15,"Sub Recent","Bocas","Casa Blanca","new_2025",0.513939
"1432","Gobiidae","AT14-1-3",0.605033,605.033,"Sub Recent","Bocas","Casa Blanca","new_2025",0.652074
"1433","Gobiidae","AT14-1-3",0.970766,970.766,"Sub Recent","Bocas","Casa Blanca","new_2025",1.048639
"1434","Gobiidae","AT14-1-3",0.81922,819.22,"Sub Recent","Bocas","Casa Blanca","new_2025",0.90503
"1435","Gobiidae","AT14-1-3",0.635603,635.603,"Sub Recent","Bocas","Casa Blanca","new_2025",0.723815
"1436","Gobiidae","AT14-1-3",NA,NA,"Sub Recent","Bocas","Casa Blanca","new_2025",0.773509
"1437","Gobiidae","AT14-1-3",NA,NA,"Sub Recent","Bocas","Casa Blanca","new_2025",1.078729
"1438","Gobiidae","AT14-1-3",0.74355,743.55,"Sub Recent","Bocas","Casa Blanca","new_2025",0.782468
"1439","Gobiidae","AT14-1-3",0.569235,569.235,"Sub Recent","Bocas","Casa Blanca","new_2025",0.704301
"1440","Gobiidae","AT14-1-3",1.001344,1001.344,"Sub Recent","Bocas","Casa Blanca","new_2025",1.022681
"1441","Gobiidae","AT14-1-3",0.952541,952.541,"Sub Recent","Bocas","Casa Blanca","new_2025",0.802783
"1442","Gobiidae","AT14-1-3",0.694329,694.329,"Sub Recent","Bocas","Casa Blanca","new_2025",0.806122
"1443","Gobiidae","AT14-1-3",0.744387,744.387,"Sub Recent","Bocas","Casa Blanca","new_2025",0.731898
"1444","Gobiidae","AT14-1-3",NA,NA,"Sub Recent","Bocas","Casa Blanca","new_2025",1.017285
"1445","Gobiidae","AT14-1-3",0.834521,834.521,"Sub Recent","Bocas","Casa Blanca","new_2025",0.709152
"1446","Gobiidae","AT14-1-3",1.525512,1525.512,"Sub Recent","Bocas","Casa Blanca","new_2025",1.387545
"1447","Gobiidae","AT14-1-3",0.660755,660.755,"Sub Recent","Bocas","Casa Blanca","new_2025",0.762994
"1448","Gobiidae","AT14-1-3",0.946035,946.035,"Sub Recent","Bocas","Casa Blanca","new_2025",0.937066
"1449","Gobiidae","AT14-1-3",0.96106,961.06,"Sub Recent","Bocas","Casa Blanca","new_2025",0.97046
"1450","Gobiidae","AT14-1-3",0.686363,686.363,"Sub Recent","Bocas","Casa Blanca","new_2025",0.732066
"1451","Gobiidae","AT14-1-3",1.012322,1012.322,"Sub Recent","Bocas","Casa Blanca","new_2025",1.009959
"1452","Gobiidae","AT14-1-3",0.998787,998.787,"Sub Recent","Bocas","Casa Blanca","new_2025",0.982909
"1453","Gobiidae","AT14-1-3",0.976989,976.989,"Sub Recent","Bocas","Casa Blanca","new_2025",0.920049
"1454","Gobiidae","AT14-1-3",1.254058,1254.058,"Sub Recent","Bocas","Casa Blanca","new_2025",1.194984
"1455","Gobiidae","AT14-1-3",1.020714,1020.714,"Sub Recent","Bocas","Casa Blanca","new_2025",1.096893
"1456","Gobiidae","AT14-1-3",0.727701,727.701,"Sub Recent","Bocas","Casa Blanca","new_2025",0.873722
"1457","Gobiidae","AT14-1-3",0.877622,877.622,"Sub Recent","Bocas","Casa Blanca","new_2025",0.95659
"1458","Gobiidae","AT14-1-3",0.683016,683.016,"Sub Recent","Bocas","Casa Blanca","new_2025",0.755784
"1459","Gobiidae","AT14-1-3",0.957466,957.466,"Sub Recent","Bocas","Casa Blanca","new_2025",1.025082
"1460","Gobiidae","AT14-1-3",1.353222,1353.222,"Sub Recent","Bocas","Casa Blanca","new_2025",1.270884
"1461","Gobiidae","AT14-1-3",1.339902,1339.902,"Sub Recent","Bocas","Casa Blanca","new_2025",1.426489
"1462","Gobiidae","AT14-1-3",1.430772,1430.772,"Sub Recent","Bocas","Casa Blanca","new_2025",1.265758
"1463","Gobiidae","AT14-1-3",0.913741,913.741,"Sub Recent","Bocas","Casa Blanca","new_2025",0.929129
"1464","Gobiidae","AT14-1-3",0.747596,747.596,"Sub Recent","Bocas","Casa Blanca","new_2025",0.861003
"1465","Gobiidae","AT14-1-3",0.921203,921.203,"Sub Recent","Bocas","Casa Blanca","new_2025",0.959877
"1466","Gobiidae","AT14-1-3",0.742469,742.469,"Sub Recent","Bocas","Casa Blanca","new_2025",0.789273
"1467","Gobiidae","AT14-1-3",0.723138,723.138,"Sub Recent","Bocas","Casa Blanca","new_2025",0.810538
"1468","Gobiidae","AT14-1-3",0.964013,964.013,"Sub Recent","Bocas","Casa Blanca","new_2025",1.123391
"1469","Gobiidae","AT14-1-3",1.235829,1235.829,"Sub Recent","Bocas","Casa Blanca","new_2025",1.237113
"1470","Gobiidae","AT14-1-3",1.522407,1522.407,"Sub Recent","Bocas","Casa Blanca","new_2025",1.418479
"1471","Gobiidae","AT14-3-2",0.870157,870.157,"Sub Recent","Bocas","Cayo Adriana","new_2025",0.939099
"1472","Gobiidae","AT14-3-2",0.904506,904.506,"Sub Recent","Bocas","Cayo Adriana","new_2025",0.941033
"1473","Gobiidae","AT14-2-5",0.946796,946.796,"Sub Recent","Bocas","Punta Donato","new_2025",1.069797
"1474","Gobiidae","AT14-2-5",0.746472,746.472,"Sub Recent","Bocas","Punta Donato","new_2025",0.939516
"1475","Gobiidae","AT14-2-5",0.82795,827.95,"Sub Recent","Bocas","Punta Donato","new_2025",0.984822
"1476","Gobiidae","AT14-2-5",0.812095,812.095,"Sub Recent","Bocas","Punta Donato","new_2025",0.90576
"1477","Gobiidae","AT14-2-5",0.86872,868.72,"Sub Recent","Bocas","Punta Donato","new_2025",0.898552
"1478","Gobiidae","AT14-2-5",1.136853,1136.853,"Sub Recent","Bocas","Punta Donato","new_2025",1.254755
"1479","Gobiidae","AT14-2-5",0.765457,765.457,"Sub Recent","Bocas","Punta Donato","new_2025",0.945565
"1480","Gobiidae","AT14-2-5",1.289568,1289.568,"Sub Recent","Bocas","Punta Donato","new_2025",1.227833
"1481","Gobiidae","AT14-2-5",1.022781,1022.781,"Sub Recent","Bocas","Punta Donato","new_2025",1.27872
"1482","Gobiidae","AT14-2-5",0.649506,649.506,"Sub Recent","Bocas","Punta Donato","new_2025",0.867535
"1483","Gobiidae","AT14-2-5",0.784652,784.652,"Sub Recent","Bocas","Punta Donato","new_2025",0.895218
"1484","Gobiidae","AT14-2-5",0.864616,864.616,"Sub Recent","Bocas","Punta Donato","new_2025",0.930458
"1485","Gobiidae","AT14-2-5",0.931227,931.227,"Sub Recent","Bocas","Punta Donato","new_2025",1.163256
"1486","Gobiidae","AT14-2-5",0.895718,895.718,"Sub Recent","Bocas","Punta Donato","new_2025",1.109113
"1487","Gobiidae","AT14-2-5",0.803755,803.755,"Sub Recent","Bocas","Punta Donato","new_2025",0.951359
"1488","Gobiidae","AT14-2-5",1.115667,1115.667,"Sub Recent","Bocas","Punta Donato","new_2025",1.227899
"1489","Gobiidae","AT14-2-5",1.074065,1074.065,"Sub Recent","Bocas","Punta Donato","new_2025",1.081836
"1490","Gobiidae","AT14-2-5",1.776815,1776.815,"Sub Recent","Bocas","Punta Donato","new_2025",1.653245
"1491","Gobiidae","AT14-2-4",1.44166,1441.66,"Sub Recent","Bocas","Punta Donato","new_2025",NA
"1492","Gobiidae","AT14-2-4",0.924372,924.372,"Sub Recent","Bocas","Punta Donato","new_2025",1.146254
"1493","Gobiidae","AT14-2-4",0.955645,955.645,"Sub Recent","Bocas","Punta Donato","new_2025",1.16129
"1494","Gobiidae","AT14-2-4",0.675716,675.716,"Sub Recent","Bocas","Punta Donato","new_2025",0.825098
"1495","Gobiidae","AT14-2-4",1.492333,1492.333,"Sub Recent","Bocas","Punta Donato","new_2025",1.315204
"1496","Gobiidae","AT14-2-4",0.9946,994.6,"Sub Recent","Bocas","Punta Donato","new_2025",1.053468
"1497","Gobiidae","AT14-2-4",1.052419,1052.419,"Sub Recent","Bocas","Punta Donato","new_2025",1.243951
"1498","Gobiidae","AT14-2-4",1.190336,1190.336,"Sub Recent","Bocas","Punta Donato","new_2025",1.199663
"1499","Gobiidae","AT14-2-4",1.072316,1072.316,"Sub Recent","Bocas","Punta Donato","new_2025",1.100648
"1500","Gobiidae","AT14-2-4",0.890289,890.289,"Sub Recent","Bocas","Punta Donato","new_2025",0.990069
"1501","Gobiidae","AT14-2-4",0.635178,635.178,"Sub Recent","Bocas","Punta Donato","new_2025",0.797604
"1502","Gobiidae","AT14-2-4",1.684812,1684.812,"Sub Recent","Bocas","Punta Donato","new_2025",1.520161
"1503","Gobiidae","AT14-2-4",1.26967,1269.67,"Sub Recent","Bocas","Punta Donato","new_2025",1.195613
"1504","Gobiidae","AT14-2-4",0.745586,745.586,"Sub Recent","Bocas","Punta Donato","new_2025",1.000819
"1505","Gobiidae","AT14-2-4",0.903311,903.311,"Sub Recent","Bocas","Punta Donato","new_2025",0.87807
"1506","Gobiidae","AT14-2-4",0.663853,663.853,"Sub Recent","Bocas","Punta Donato","new_2025",0.743129
"1507","Gobiidae","AT14-2-4",0.774403,774.403,"Sub Recent","Bocas","Punta Donato","new_2025",0.829255
"1508","Gobiidae","AT14-2-4",1.5885,1588.5,"Sub Recent","Bocas","Punta Donato","new_2025",1.540689
"1509","Gobiidae","AT14-2-4",0.712873,712.873,"Sub Recent","Bocas","Punta Donato","new_2025",0.86082
"1510","Gobiidae","AT14-3-1",1.532788,1532.788,"Sub Recent","Bocas","Cayo Adriana","new_2025",1.322594
"1511","Gobiidae","AT14-3-1",1.752247,1752.247,"Sub Recent","Bocas","Cayo Adriana","new_2025",1.499637
"1512","Gobiidae","AT14-3-1",2.058285,2058.285,"Sub Recent","Bocas","Cayo Adriana","new_2025",1.988957
"1513","Gobiidae","AT14-3-1",1.035491,1035.491,"Sub Recent","Bocas","Cayo Adriana","new_2025",1.307994
"1514","Gobiidae","AT14-3-1",0.713647,713.647,"Sub Recent","Bocas","Cayo Adriana","new_2025",0.761037
"1515","Gobiidae","AT14-3-1",0.89588,895.88,"Sub Recent","Bocas","Cayo Adriana","new_2025",0.9357
"1516","Gobiidae","AT14-3-1",0.814516,814.516,"Sub Recent","Bocas","Cayo Adriana","new_2025",0.903226
"1517","Gobiidae","AT14-3-1",NA,NA,"Sub Recent","Bocas","Cayo Adriana","new_2025",0.93246
"1518","Gobiidae","AT14-3-1",1.461071,1461.071,"Sub Recent","Bocas","Cayo Adriana","new_2025",1.38719
"1519","Gobiidae","AT14-3-1",0.867085,867.085,"Sub Recent","Bocas","Cayo Adriana","new_2025",0.94459
"1520","Gobiidae","AT14-3-1",0.730053,730.053,"Sub Recent","Bocas","Cayo Adriana","new_2025",0.8347
"1521","Gobiidae","AT14-3-3",0.689038,689.038,"Sub Recent","Bocas","Cayo Adriana","new_2025",0.810057
"1522","Gobiidae","AT14-3-3",1.00504,1005.04,"Sub Recent","Bocas","Cayo Adriana","new_2025",1.178763
"1523","Gobiidae","AT14-3-3",1.286274,1286.274,"Sub Recent","Bocas","Cayo Adriana","new_2025",1.215413
"1524","Gobiidae","AT14-3-3",1.046578,1046.578,"Sub Recent","Bocas","Cayo Adriana","new_2025",1.292386
"1525","Gobiidae","AT14-3-3",NA,NA,"Sub Recent","Bocas","Cayo Adriana","new_2025",NA
"1526","Gobiidae","AT14-3-3",0.818022,818.022,"Sub Recent","Bocas","Cayo Adriana","new_2025",0.970594
"1527","Gobiidae","AT14-3-3",1.019463,1019.463,"Sub Recent","Bocas","Cayo Adriana","new_2025",1.218703
"1528","Gobiidae","AT14-3-3",1.520354,1520.354,"Sub Recent","Bocas","Cayo Adriana","new_2025",1.47759
"1529","Gobiidae","AT14-3-3",0.989188,989.188,"Sub Recent","Bocas","Cayo Adriana","new_2025",1.151464
"1530","Gobiidae","AT14-3-3",0.827066,827.066,"Sub Recent","Bocas","Cayo Adriana","new_2025",0.871917
"1531","Gobiidae","AT14-3-3",1.149184,1149.184,"Sub Recent","Bocas","Cayo Adriana","new_2025",1.052844
"1532","Gobiidae","AT14-3-3",1.475415,1475.415,"Sub Recent","Bocas","Cayo Adriana","new_2025",1.357611
"1533","Gobiidae","AT14-3-3",1.273607,1273.607,"Sub Recent","Bocas","Cayo Adriana","new_2025",1.216654
"1534","Gobiidae","AT14-3-3",1.818898,1818.898,"Sub Recent","Bocas","Cayo Adriana","new_2025",1.707022
"1535","Gobiidae","AT14-3-5",0.568824,568.824,"Sub Recent","Bocas","Cayo Adriana","new_2025",0.697213
"1536","Gobiidae","AT14-3-5",0.839301,839.301,"Sub Recent","Bocas","Cayo Adriana","new_2025",0.86747
"1537","Gobiidae","AT14-3-5",0.663224,663.224,"Sub Recent","Bocas","Cayo Adriana","new_2025",0.80485
"1538","Gobiidae","AT14-3-5",0.811767,811.767,"Sub Recent","Bocas","Cayo Adriana","new_2025",0.865133
"1539","Gobiidae","AT14-3-5",1.145105,1145.105,"Sub Recent","Bocas","Cayo Adriana","new_2025",1.07585
"1540","Gobiidae","AT14-3-5",0.797736,797.736,"Sub Recent","Bocas","Cayo Adriana","new_2025",0.889501
"1541","Gobiidae","AT14-3-5",0.959677,959.677,"Sub Recent","Bocas","Cayo Adriana","new_2025",1.08871
"1542","Gobiidae","AT14-3-5",0.930155,930.155,"Sub Recent","Bocas","Cayo Adriana","new_2025",0.961022
"1543","Gobiidae","AT14-3-5",1.065134,1065.134,"Sub Recent","Bocas","Cayo Adriana","new_2025",1.099857
"1544","Gobiidae","AT14-3-5",0.8026,802.6,"Sub Recent","Bocas","Cayo Adriana","new_2025",0.876898
"1545","Gobiidae","AT14-3-5",0.728951,728.951,"Sub Recent","Bocas","Cayo Adriana","new_2025",0.748802
"1546","Gobiidae","AT14-3-5",0.749074,749.074,"Sub Recent","Bocas","Cayo Adriana","new_2025",0.824679
"1547","Gobiidae","AT14-3-5",0.386761,386.761,"Sub Recent","Bocas","Cayo Adriana","new_2025",0.409274
"1548","Gobiidae","AT14-3-5",0.570898,570.898,"Sub Recent","Bocas","Cayo Adriana","new_2025",0.690036
"1549","Gobiidae","AT14-3-5",0.610199,610.199,"Sub Recent","Bocas","Cayo Adriana","new_2025",0.653229
"1550","Gobiidae","AT14-3-5",NA,NA,"Sub Recent","Bocas","Cayo Adriana","new_2025",NA
"1551","Gobiidae","AT14-3-5",0.494951,494.951,"Sub Recent","Bocas","Cayo Adriana","new_2025",0.558162
"1552","Gobiidae","AT14-3-5",0.762376,762.376,"Sub Recent","Bocas","Cayo Adriana","new_2025",0.797994
"1553","Gobiidae","AT14-3-5",0.624458,624.458,"Sub Recent","Bocas","Cayo Adriana","new_2025",0.69567
"1554","Gobiidae","AT14-3-5",0.964187,964.187,"Sub Recent","Bocas","Cayo Adriana","new_2025",1.022835
"1555","Gobiidae","AT14-3-5",0.657499,657.499,"Sub Recent","Bocas","Cayo Adriana","new_2025",0.684773
"1556","Gobiidae","AT14-3-5",NA,NA,"Sub Recent","Bocas","Cayo Adriana","new_2025",NA
"1557","Gobiidae","AT14-3-5",0.577754,577.754,"Sub Recent","Bocas","Cayo Adriana","new_2025",0.662458
