"","family","sample","oto_length_mm","oto_length_um","type_age","region","locality","source","oto_width_mm","fish_length_cm","n_species","n_estimates","mean_a","mean_b","group_name","sed_weight_500_kg","sed_weight_whole_sample_kg","total_oto_count","fish_weight_g"
"1","Apogonidae","AT14-2-2",0.926688172,926.6881724,"Sub Recent","Bocas","Punta Donato","orig_df",0.7170708572,1.5699568950053,3,3,0.01806,2.9928,"AT14-2_2",0.085008,0.5441,17,0.0696579260430868
"2","Apogonidae","AT14-2-2",0.944686134,944.6861343,"Sub Recent","Bocas","Punta Donato","orig_df",0.6990807196,1.60000128182954,3,3,0.01806,2.9928,"AT14-2_2",0.085008,0.5441,17,0.073724030711013
"3","Apogonidae","AT14-2-2",0.951001509,951.0015092,"Sub Recent","Bocas","Punta Donato","orig_df",0.3823862008,1.61054169553207,3,3,0.01806,2.9928,"AT14-2_2",0.085008,0.5441,17,0.0751871228500928
"4","Apogonidae","AT14-1-8",0.994560545,994.5605452,"Sub Recent","Bocas","Casa Blanca","orig_df",0.7180324654,1.68321476570291,3,3,0.01806,2.9928,"AT14-1_5",0.186586,0.6334,63,0.085804119318036
"5","Apogonidae","AT14-2-2",0.997574687,997.5746869,"Sub Recent","Bocas","Punta Donato","orig_df",0.6827017128,1.68824176963926,3,3,0.01806,2.9928,"AT14-2_2",0.085008,0.5441,17,0.086573333447924
"6","Apogonidae","AT12-1-2-1",1.025717844,1025.717844,"Sub Recent","Bocas","STRI Point","orig_df",0.7421239062,1.73516853884056,3,3,0.01806,2.9928,"AT12-1_2",0.261,1.15,93,0.0939765462260102
"7","Apogonidae","AT14-2-2",1.061617646,1061.617646,"Sub Recent","Bocas","Punta Donato","orig_df",0.8489800187,1.79500190880094,3,3,0.01806,2.9928,"AT14-2_2",0.085008,0.5441,17,0.104011946235121
"8","Apogonidae","AT14-2-2",1.076746835,1076.746835,"Sub Recent","Bocas","Punta Donato","orig_df",0.7843882615,1.82020852011568,3,3,0.01806,2.9928,"AT14-2_2",0.085008,0.5441,17,0.108444692705587
"9","Apogonidae","AT14-2-2",1.07974164,1079.74164,"Sub Recent","Bocas","Punta Donato","orig_df",0.7919812523,1.82519752677928,3,3,0.01806,2.9928,"AT14-2_2",0.085008,0.5441,17,0.109336691909469
"10","Apogonidae","AT14-2-2",1.082078936,1082.078936,"Sub Recent","Bocas","Punta Donato","orig_df",0.8073079346,1.82909105811353,3,3,0.01806,2.9928,"AT14-2_2",0.085008,0.5441,17,0.11003621202014
"11","Apogonidae","AT14-2-2",1.086303309,1086.303309,"Sub Recent","Bocas","Punta Donato","orig_df",0.8542800749,1.83612782404374,3,3,0.01806,2.9928,"AT14-2_2",0.085008,0.5441,17,0.111308000274569
"12","Apogonidae","AT14-2-2",1.095762813,1095.762813,"Sub Recent","Bocas","Punta Donato","orig_df",0.8810711359,1.85188359112061,3,3,0.01806,2.9928,"AT14-2_2",0.085008,0.5441,17,0.114191026814391
"13","Apogonidae","AT14-2-2",1.104713454,1104.713454,"Sub Recent","Bocas","Punta Donato","orig_df",0.7393405037,1.86678997611002,3,3,0.01806,2.9928,"AT14-2_2",0.085008,0.5441,17,0.116964007342857
"14","Apogonidae","AT14-2-2",1.134870263,1134.870263,"Sub Recent","Bocas","Punta Donato","orig_df",0.8387427198,1.91700025701496,3,3,0.01806,2.9928,"AT14-2_2",0.085008,0.5441,17,0.126633724296831
"15","Apogonidae","AT14-1-7",1.142609815,1142.609815,"Sub Recent","Bocas","Casa Blanca","orig_df",0.881953089,1.92988325913568,3,3,0.01806,2.9928,"AT14-1_4",0.178184,0.6442,58,0.129197776347745
"16","Apogonidae","AT14-2-2",1.1565625,1156.5625,"Sub Recent","Bocas","Punta Donato","orig_df",0.9176369413,1.95310524116094,3,3,0.01806,2.9928,"AT14-2_2",0.085008,0.5441,17,0.133906438002529
"17","Apogonidae","AT14-2-2",1.165709234,1165.709234,"Sub Recent","Bocas","Punta Donato","orig_df",0.774141678,1.96832628624846,3,3,0.01806,2.9928,"AT14-2_2",0.085008,0.5441,17,0.13705393965411
"18","Apogonidae","AT14-2-2",1.170306173,1170.306173,"Sub Recent","Bocas","Punta Donato","orig_df",0.8824812255,1.97597537914566,3,3,0.01806,2.9928,"AT14-2_2",0.085008,0.5441,17,0.138654096672853
"19","Apogonidae","AT14-2-2",1.181146111,1181.146111,"Sub Recent","Bocas","Punta Donato","orig_df",0.8924962142,1.99401080786951,3,3,0.01806,2.9928,"AT14-2_2",0.085008,0.5441,17,0.142476169891005
"20","Apogonidae","AT14-2-2",1.186594917,1186.594917,"Sub Recent","Bocas","Punta Donato","orig_df",0.8127486463,2.00307559191527,3,3,0.01806,2.9928,"AT14-2_2",0.085008,0.5441,17,0.144423392407881
"21","Apogonidae","AT14-2-2",1.251511095,1251.511095,"Sub Recent","Bocas","Punta Donato","orig_df",0.874159448,2.11102620375688,3,3,0.01806,2.9928,"AT14-2_2",0.085008,0.5441,17,0.168990489657779
"22","Apogonidae","AT12-1-2-1",1.257800095,1257.800095,"Sub Recent","Bocas","STRI Point","orig_df",0.9077460519,2.12147993794462,3,3,0.01806,2.9928,"AT12-1_2",0.261,1.15,93,0.171507348642937
"23","Apogonidae","AT14-3-3",1.270001715,1270.001715,"Sub Recent","Bocas","Cayo Adriana","orig_df",0.9374673213,2.14175961651117,3,3,0.01806,2.9928,"AT14-3_2",0.195697,0.5768,34,0.176460852671666
"24","Apogonidae","AT14-3-3",1.290497088,1290.497088,"Sub Recent","Bocas","Cayo Adriana","orig_df",0.9788695281,2.17581755714448,3,3,0.01806,2.9928,"AT14-3_2",0.195697,0.5768,34,0.184992573768446
"25","Apogonidae","AT14-1-1",1.292959652,1292.959652,"Sub Recent","Bocas","Casa Blanca","orig_df",0.9386722543,2.1799091623147,3,3,0.01806,2.9928,"AT14-1_1",0.235586,0.6604,39,0.186035651617004
"26","Apogonidae","AT12-1-2-1",1.33632696,1336.32696,"Sub Recent","Bocas","STRI Point","orig_df",0.9679553418,2.25194656440494,3,3,0.01806,2.9928,"AT12-1_2",0.261,1.15,93,0.205047071513909
"27","Apogonidae","AT14-1-1",1.339532006,1339.532006,"Sub Recent","Bocas","Casa Blanca","orig_df",0.8864278795,2.25726910299453,3,3,0.01806,2.9928,"AT14-1_1",0.235586,0.6604,39,0.206500904008483
"28","Apogonidae","AT14-1-3",1.365143468,1365.143468,"Sub Recent","Bocas","Casa Blanca","orig_df",0.996677237,2.29979480179865,3,3,0.01806,2.9928,"AT14-1_3",0.177701,0.6843,95,0.218363903179649
"29","Apogonidae","AT14-1-8",1.378500144,1378.500144,"Sub Recent","Bocas","Casa Blanca","orig_df",0.9750952634,2.3219678391439,3,3,0.01806,2.9928,"AT14-1_5",0.186586,0.6334,63,0.224725410199847
"30","Apogonidae","AT14-3-3",1.407910717,1407.910717,"Sub Recent","Bocas","Cayo Adriana","orig_df",1.025442579,2.37078053829427,3,3,0.01806,2.9928,"AT14-3_2",0.195697,0.5768,34,0.239162226917554
"31","Apogonidae","AT12-1-2-1",1.441343285,1441.343285,"Sub Recent","Bocas","STRI Point","orig_df",1.084116128,2.42625057301832,3,3,0.01806,2.9928,"AT12-1_2",0.261,1.15,93,0.256302688751126
"32","Apogonidae","AT14-1-7",1.528824716,1528.824716,"Sub Recent","Bocas","Casa Blanca","orig_df",1.109171123,2.57130908933598,3,3,0.01806,2.9928,"AT14-1_4",0.178184,0.6442,58,0.304949194240701
"33","Apogonidae","AT12-1-2-1",1.543786858,1543.786858,"Sub Recent","Bocas","STRI Point","orig_df",1.113346145,2.59610650137682,3,3,0.01806,2.9928,"AT12-1_2",0.261,1.15,93,0.313835550819978
"34","Apogonidae","AT14-1-3",1.545103464,1545.103464,"Sub Recent","Bocas","Casa Blanca","orig_df",1.154639937,2.59828840249443,3,3,0.01806,2.9928,"AT14-1_3",0.177701,0.6843,95,0.314625603465473
"35","Apogonidae","AT12-1-2-1",1.545888416,1545.888416,"Sub Recent","Bocas","STRI Point","orig_df",1.189957215,2.59958922501025,3,3,0.01806,2.9928,"AT12-1_2",0.261,1.15,93,0.315097252635202
"36","Apogonidae","AT12-1-2-1",1.570381169,1570.381169,"Sub Recent","Bocas","STRI Point","orig_df",1.230284451,2.64017382275204,3,3,0.01806,2.9928,"AT12-1_2",0.261,1.15,93,0.330049860861142
"37","Apogonidae","AT14-1-7",1.623892203,1623.892203,"Sub Recent","Bocas","Casa Blanca","orig_df",1.15569127,2.7288100559636,3,3,0.01806,2.9928,"AT14-1_4",0.178184,0.6442,58,0.364333124791825
"38","Apogonidae","AT12-1-2-1",1.624061315,1624.061315,"Sub Recent","Bocas","STRI Point","orig_df",1.128571226,2.72909010685918,3,3,0.01806,2.9928,"AT12-1_2",0.261,1.15,93,0.364445038792788
"39","Apogonidae","AT14-1-2",1.62506275,1625.06275,"Sub Recent","Bocas","Casa Blanca","orig_df",1.252015529,2.73074848297156,3,3,0.01806,2.9928,"AT14-1_2",0.255748,0.58385,102,0.365108228573512
"40","Apogonidae","AT12-1-2-1",1.691401637,1691.401637,"Sub Recent","Bocas","STRI Point","orig_df",1.179855533,2.84057304865255,3,3,0.01806,2.9928,"AT12-1_2",0.261,1.15,93,0.410838475951837
"41","Apogonidae","AT14-1-8",1.692306444,1692.306444,"Sub Recent","Bocas","Casa Blanca","orig_df",1.240481314,2.84207052592251,3,3,0.01806,2.9928,"AT14-1_5",0.186586,0.6334,63,0.411487007617524
"42","Apogonidae","AT12-1-2-1",1.701354584,1701.354584,"Sub Recent","Bocas","STRI Point","orig_df",1.164855224,2.85704477600817,3,3,0.01806,2.9928,"AT12-1_2",0.261,1.15,93,0.418009626597894
"43","Apogonidae","AT12-1-2-1",1.706048093,1706.048093,"Sub Recent","Bocas","STRI Point","orig_df",1.309125845,2.86481185877267,3,3,0.01806,2.9928,"AT12-1_2",0.261,1.15,93,0.421419833589965
"44","Apogonidae","AT14-1-3",1.724667035,1724.667035,"Sub Recent","Bocas","Casa Blanca","orig_df",1.231835692,2.89562048282832,3,3,0.01806,2.9928,"AT14-1_3",0.177701,0.6843,95,0.43512909786102
"45","Apogonidae","AT14-3-3",1.751298297,1751.298297,"Sub Recent","Bocas","Cayo Adriana","orig_df",1.275519227,2.93967865120489,3,3,0.01806,2.9928,"AT14-3_2",0.195697,0.5768,34,0.455245395903045
"46","Apogonidae","AT12-1-2-1",1.781612486,1781.612486,"Sub Recent","Bocas","STRI Point","orig_df",1.292519991,2.98981794042233,3,3,0.01806,2.9928,"AT12-1_2",0.261,1.15,93,0.478880700164506
"47","Apogonidae","AT14-1-3",1.908211014,1908.211014,"Sub Recent","Bocas","Casa Blanca","orig_df",1.421852057,3.19907878429259,3,3,0.01806,2.9928,"AT14-1_3",0.177701,0.6843,95,0.586349249261474
"48","Apogonidae","AT14-1-1",1.94554285,1945.54285,"Sub Recent","Bocas","Casa Blanca","orig_df",1.341435494,3.26074727939779,3,3,0.01806,2.9928,"AT14-1_1",0.235586,0.6604,39,0.620830842623617
"49","Apogonidae","AT14-1-8",1.950585646,1950.585646,"Sub Recent","Bocas","Casa Blanca","orig_df",1.41474328,3.26907615415119,3,3,0.01806,2.9928,"AT14-1_5",0.186586,0.6334,63,0.625588848959604
"50","Apogonidae","AT14-1-1",1.953203937,1953.203937,"Sub Recent","Bocas","Casa Blanca","orig_df",1.416752279,3.27340050033371,3,3,0.01806,2.9928,"AT14-1_1",0.235586,0.6604,39,0.628068750290779
"51","Apogonidae","AT14-1-8",1.964138115,1964.138115,"Sub Recent","Bocas","Casa Blanca","orig_df",1.590145872,3.29145838316441,3,3,0.01806,2.9928,"AT14-1_5",0.186586,0.6334,63,0.63849522627754
"52","Apogonidae","AT12-1-2-1",2.001380853,2001.380853,"Sub Recent","Bocas","STRI Point","orig_df",1.442103438,3.35295415915222,3,3,0.01806,2.9928,"AT12-1_2",0.261,1.15,93,0.674865947231262
"53","Apogonidae","AT14-1-2",2.04190424,2041.90424,"Sub Recent","Bocas","Casa Blanca","orig_df",1.330806483,3.41984812555059,3,3,0.01806,2.9928,"AT14-1_2",0.255748,0.58385,102,0.715967577295173
"54","Apogonidae","AT12-1-2-1",2.069616646,2069.616646,"Sub Recent","Bocas","STRI Point","orig_df",1.471343281,3.46558324673032,3,3,0.01806,2.9928,"AT12-1_2",0.261,1.15,93,0.745007016271239
"55","Apogonidae","AT14-1-2",2.076924728,2076.924728,"Sub Recent","Bocas","Casa Blanca","orig_df",1.620789402,3.47764264044965,3,3,0.01806,2.9928,"AT14-1_2",0.255748,0.58385,102,0.752792616859417
"56","Apogonidae","AT12-1-2-1",2.086939716,2086.939716,"Sub Recent","Bocas","STRI Point","orig_df",1.496958705,3.49416782068325,3,3,0.01806,2.9928,"AT12-1_2",0.261,1.15,93,0.763549066058232
"57","Apogonidae","AT14-1-8",2.175918365,2175.918365,"Sub Recent","Bocas","Casa Blanca","orig_df",1.611214394,3.64093665560193,3,3,0.01806,2.9928,"AT14-1_5",0.186586,0.6334,63,0.863607451946992
"58","Apogonidae","AT14-1-7",2.180811687,2180.811687,"Sub Recent","Bocas","Casa Blanca","orig_df",1.496609675,3.64900554926974,3,3,0.01806,2.9928,"AT14-1_4",0.178184,0.6442,58,0.86934800309222
"59","Apogonidae","AT14-1-8",2.366805573,2366.805573,"Sub Recent","Bocas","Casa Blanca","orig_df",1.819834339,3.95551240628244,3,3,0.01806,2.9928,"AT14-1_5",0.186586,0.6334,63,1.10669039105106
"60","Apogonidae","AT14-1-1",2.585839296,2585.839296,"Sub Recent","Bocas","Casa Blanca","orig_df",1.816993048,4.31602024426957,3,3,0.01806,2.9928,"AT14-1_1",0.235586,0.6604,39,1.43679750174092
"61","Apogonidae","AT14-1-1",2.745724838,2745.724838,"Sub Recent","Bocas","Casa Blanca","orig_df",1.848014555,4.57889375294857,3,3,0.01806,2.9928,"AT14-1_1",0.235586,0.6604,39,1.71491251282872
"62","Apogonidae","AT14-1-3",3.208563396,3208.563396,"Sub Recent","Bocas","Casa Blanca","orig_df",2.274090185,5.33865290663561,3,3,0.01806,2.9928,"AT14-1_3",0.177701,0.6843,95,2.71503414642578
"63","Apogonidae","AT14-3-3",3.293061933,3293.061933,"Sub Recent","Bocas","Cayo Adriana","orig_df",2.193178266,5.47717998766768,3,3,0.01806,2.9928,"AT14-3_2",0.195697,0.5768,34,2.9313736084281
"64","Atherinidae","AT13-12-1-1",0.930783592,930.7835919,"Sub Recent","Bocas","Casa Blanca","orig_df",0.7517435264,1.36681772124904,1,2,0.0059,3.18135,"AT13-12_1",0.22898,0.5786,44,0.0159439135879793
"65","Atherinidae","AT14-1-3",0.952491165,952.4911648,"Sub Recent","Bocas","Casa Blanca","orig_df",0.7811149641,1.41571265372024,1,2,0.0059,3.18135,"AT14-1_3",0.177701,0.6843,95,0.0178302195166016
"66","Atherinidae","AT13-12-2-2",0.955525008,955.5250076,"Sub Recent","Bocas","Casa Blanca","orig_df",0.7941440685,1.42259317875452,1,2,0.0059,3.18135,"AT13-12_4",0.27237,0.6317,40,0.0181073696044268
"67","Atherinidae","AT13-12-1-1",1.012402432,1012.402432,"Sub Recent","Bocas","Casa Blanca","orig_df",0.8295506284,1.55369145648754,1,2,0.0059,3.18135,"AT13-12_1",0.22898,0.5786,44,0.0239690238167072
"68","Atherinidae","AT14-1-3",1.043253818,1043.253818,"Sub Recent","Bocas","Casa Blanca","orig_df",0.7426073851,1.62644918888615,1,2,0.0059,3.18135,"AT14-1_3",0.177701,0.6843,95,0.0277256653575263
"69","Atherinidae","AT14-1-3",1.070350584,1070.350584,"Sub Recent","Bocas","Casa Blanca","orig_df",0.8667074632,1.6912911989436,1,2,0.0059,3.18135,"AT14-1_3",0.177701,0.6843,95,0.0313974648720086
"70","Atherinidae","AT13-12-4-1",1.148629459,1148.629459,"Sub Recent","Bocas","Casa Blanca","orig_df",0.9330063554,1.88344474918227,1,2,0.0059,3.18135,"AT13-12_7",0.28469,0.5885,73,0.044215380975096
"71","Atherinidae","AT13-10-2-2",1.150252562,1150.252562,"Sub Recent","Bocas","Punta Caracol","orig_df",0.910283277,1.88750386776919,1,2,0.0059,3.18135,"AT13-10_3",0.33569,0.6996,7,0.0445192484281624
"72","Atherinidae","AT13-10-1-2",1.156405516,1156.405516,"Sub Recent","Bocas","Punta Caracol","orig_df",0.8966905985,1.90291869043822,1,2,0.0059,3.18135,"AT13-10_2",0.37675,0.9095,21,0.0456862556860818
"73","Atherinidae","AT13-12-2-2",1.157460543,1157.460543,"Sub Recent","Bocas","Casa Blanca","orig_df",0.9277484584,1.90556615023255,1,2,0.0059,3.18135,"AT13-12_4",0.27237,0.6317,40,0.0458887743366776
"74","Atherinidae","AT13-12-4-1",1.173540099,1173.540099,"Sub Recent","Bocas","Casa Blanca","orig_df",0.9468577609,1.94607219720892,1,2,0.0059,3.18135,"AT13-12_7",0.28469,0.5885,73,0.0490645512580414
"75","Atherinidae","AT13-10-1-2",1.200424715,1200.424715,"Sub Recent","Bocas","Punta Caracol","orig_df",0.9206188575,2.01444905570526,1,2,0.0059,3.18135,"AT13-10_2",0.37675,0.9095,21,0.0547620403621122
"76","Atherinidae","AT13-10-2-2",1.225953164,1225.953164,"Sub Recent","Bocas","Punta Caracol","orig_df",1.066798338,2.08012484590123,1,2,0.0059,3.18135,"AT13-10_3",0.33569,0.6996,7,0.0606464981495691
"77","Atherinidae","AT13-10-2-2",1.228139667,1228.139667,"Sub Recent","Bocas","Punta Caracol","orig_df",0.9999383534,2.08578359558086,1,2,0.0059,3.18135,"AT13-10_3",0.33569,0.6996,7,0.0611729229100985
"78","Atherinidae","AT13-12-1-2",1.262807606,1262.807606,"Sub Recent","Bocas","Casa Blanca","orig_df",1.032759658,2.17620908685581,1,2,0.0059,3.18135,"AT13-12_2",0.29472,0.6281,38,0.0700157712542733
"79","Atherinidae","AT13-12-2-2",1.305157898,1305.157898,"Sub Recent","Bocas","Casa Blanca","orig_df",1.087777545,2.28845106469246,1,2,0.0059,3.18135,"AT13-12_4",0.27237,0.6317,40,0.082163659951502
"80","Atherinidae","AT13-12-1-2",1.311050897,1311.050897,"Sub Recent","Bocas","Casa Blanca","orig_df",1.023758735,2.30422283437925,1,2,0.0059,3.18135,"AT13-12_2",0.29472,0.6281,38,0.0839787205345872
"81","Atherinidae","AT13-10-2-2",1.325083728,1325.083728,"Sub Recent","Bocas","Punta Caracol","orig_df",1.059334062,2.34192944883664,1,2,0.0059,3.18135,"AT13-10_3",0.33569,0.6996,7,0.0884291895633841
"82","Atherinidae","AT13-12-2-2",1.327838519,1327.838519,"Sub Recent","Bocas","Casa Blanca","orig_df",1.111920689,2.34935634996063,1,2,0.0059,3.18135,"AT13-12_4",0.27237,0.6317,40,0.0893244355007528
"83","Atherinidae","AT13-10-2-2",1.335448084,1335.448084,"Sub Recent","Bocas","Punta Caracol","orig_df",1.19926763,2.36991369447264,1,2,0.0059,3.18135,"AT13-10_3",0.33569,0.6996,7,0.0918348133468566
"84","Atherinidae","AT14-1-3",1.34967258,1349.67258,"Sub Recent","Bocas","Casa Blanca","orig_df",1.04575168,2.40850627692566,1,2,0.0059,3.18135,"AT14-1_3",0.177701,0.6843,95,0.0966774795366661
"85","Atherinidae","AT14-1-3",1.349859412,1349.859412,"Sub Recent","Bocas","Casa Blanca","orig_df",1.092013115,2.40901459811316,1,2,0.0059,3.18135,"AT14-1_3",0.177701,0.6843,95,0.0967424068103462
"86","Atherinidae","AT13-12-2-2",1.35300664,1353.00664,"Sub Recent","Bocas","Casa Blanca","orig_df",1.126910556,2.41758293103547,1,2,0.0059,3.18135,"AT13-12_4",0.27237,0.6317,40,0.0978413344222058
"87","Atherinidae","AT13-12-2-2",1.35312151,1353.12151,"Sub Recent","Bocas","Casa Blanca","orig_df",1.170903089,2.41789586274186,1,2,0.0059,3.18135,"AT13-12_4",0.27237,0.6317,40,0.0978816305501803
"88","Atherinidae","AT13-10-1-2",1.369907202,1369.907202,"Sub Recent","Bocas","Punta Caracol","orig_df",1.096734008,2.46377338116465,1,2,0.0059,3.18135,"AT13-10_2",0.37675,0.9095,21,0.103913287669649
"89","Atherinidae","AT13-12-1-2",1.371967598,1371.967598,"Sub Recent","Bocas","Casa Blanca","orig_df",1.163881273,2.46942513692548,1,2,0.0059,3.18135,"AT13-12_2",0.29472,0.6281,38,0.104673528809136
"90","Atherinidae","AT13-12-1-1",1.40026675,1400.26675,"Sub Recent","Bocas","Casa Blanca","orig_df",1.091967339,2.54750031346244,1,2,0.0059,3.18135,"AT13-12_1",0.22898,0.5786,44,0.115569588927634
"91","Atherinidae","AT14-1-3",1.41446926,1414.46926,"Sub Recent","Bocas","Casa Blanca","orig_df",1.149326162,2.58699806723353,1,2,0.0059,3.18135,"AT14-1_3",0.177701,0.6843,95,0.121367078500335
"92","Atherinidae","AT13-12-4-1",1.416334311,1416.334311,"Sub Recent","Bocas","Casa Blanca","orig_df",1.182068098,2.59220036574059,1,2,0.0059,3.18135,"AT13-12_7",0.28469,0.5885,73,0.122145229273235
"93","Atherinidae","AT13-12-1-2",1.421384303,1421.384303,"Sub Recent","Bocas","Casa Blanca","orig_df",1.182370326,2.60630464976158,1,2,0.0059,3.18135,"AT13-12_2",0.29472,0.6281,38,0.124272122040218
"94","Atherinidae","AT14-1-3",1.421491413,1421.491413,"Sub Recent","Bocas","Casa Blanca","orig_df",1.063475585,2.60660408581524,1,2,0.0059,3.18135,"AT14-1_3",0.177701,0.6843,95,0.12431754950456
"95","Atherinidae","AT13-12-2-2",1.445441302,1445.441302,"Sub Recent","Bocas","Casa Blanca","orig_df",1.17325289,2.67385467660565,1,2,0.0059,3.18135,"AT13-12_4",0.27237,0.6317,40,0.134811472046304
"96","Atherinidae","AT13-12-1-1",1.467986526,1467.986526,"Sub Recent","Bocas","Casa Blanca","orig_df",1.140097952,2.73769755927202,1,2,0.0059,3.18135,"AT13-12_1",0.22898,0.5786,44,0.145320964876199
"97","Atherinidae","AT13-12-1-1",1.473235452,1473.235452,"Sub Recent","Bocas","Casa Blanca","orig_df",1.149560861,2.75263556275068,1,2,0.0059,3.18135,"AT13-12_1",0.22898,0.5786,44,0.147858600332745
"98","Atherinidae","AT13-12-4-1",1.48324697,1483.24697,"Sub Recent","Bocas","Casa Blanca","orig_df",1.202978235,2.78120494795313,1,2,0.0059,3.18135,"AT13-12_7",0.28469,0.5885,73,0.152796232178007
"99","Atherinidae","AT13-12-4-1",1.536632901,1536.632901,"Sub Recent","Bocas","Casa Blanca","orig_df",1.405602529,2.93525295077418,1,2,0.0059,3.18135,"AT13-12_7",0.28469,0.5885,73,0.18138281138178
"100","Atherinidae","AT14-1-3",1.547242447,1547.242447,"Sub Recent","Bocas","Casa Blanca","orig_df",1.294064149,2.96620639344982,1,2,0.0059,3.18135,"AT14-1_3",0.177701,0.6843,95,0.187538237199388
"101","Atherinidae","AT13-12-2-2",1.54925372,1549.25372,"Sub Recent","Bocas","Casa Blanca","orig_df",1.255303303,2.97208688814108,1,2,0.0059,3.18135,"AT13-12_4",0.27237,0.6317,40,0.1887236034322
"102","Atherinidae","AT13-12-1-2",1.566587147,1566.587147,"Sub Recent","Bocas","Casa Blanca","orig_df",1.36330514,3.02293157558714,1,2,0.0059,3.18135,"AT13-12_2",0.29472,0.6281,38,0.199187755491657
"103","Atherinidae","AT14-1-3",1.573992293,1573.992293,"Sub Recent","Bocas","Casa Blanca","orig_df",1.202493549,3.04474364779508,1,2,0.0059,3.18135,"AT14-1_3",0.177701,0.6843,95,0.20379622556364
"104","Atherinidae","AT13-12-1-1",1.588851277,1588.851277,"Sub Recent","Bocas","Casa Blanca","orig_df",1.371693593,3.08867367882456,1,2,0.0059,3.18135,"AT13-12_1",0.22898,0.5786,44,0.213298720417628
"105","Atherinidae","AT14-1-3",1.624700576,1624.700576,"Sub Recent","Bocas","Casa Blanca","orig_df",1.363651023,3.19554836240577,1,2,0.0059,3.18135,"AT14-1_3",0.177701,0.6843,95,0.237677189310103
"106","Atherinidae","AT13-12-2-2",1.636137949,1636.137949,"Sub Recent","Bocas","Casa Blanca","orig_df",1.392383776,3.22990814797074,1,2,0.0059,3.18135,"AT13-12_4",0.27237,0.6317,40,0.245903191589506
"107","Atherinidae","AT13-12-4-1",1.638071555,1638.071555,"Sub Recent","Bocas","Casa Blanca","orig_df",1.584650323,3.23572951041163,1,2,0.0059,3.18135,"AT13-12_7",0.28469,0.5885,73,0.247315935904384
"108","Atherinidae","AT13-12-2-2",1.64172285,1641.72285,"Sub Recent","Bocas","Casa Blanca","orig_df",1.380376998,3.24673202203386,1,2,0.0059,3.18135,"AT13-12_4",0.27237,0.6317,40,0.250001237014034
"109","Atherinidae","AT14-1-3",1.676103043,1676.103043,"Sub Recent","Bocas","Casa Blanca","orig_df",1.3844836,3.3509584594254,1,2,0.0059,3.18135,"AT14-1_3",0.177701,0.6843,95,0.276438514184337
"110","Atherinidae","AT13-10-1-2",1.685664245,1685.664245,"Sub Recent","Bocas","Punta Caracol","orig_df",1.379333345,3.38014491653214,1,2,0.0059,3.18135,"AT13-10_2",0.37675,0.9095,21,0.284171416657371
"111","Atherinidae","AT13-12-2-2",1.693190256,1693.190256,"Sub Recent","Bocas","Casa Blanca","orig_df",1.4002785,3.40317994997616,1,2,0.0059,3.18135,"AT13-12_4",0.27237,0.6317,40,0.2903782492489
"112","Atherinidae","AT13-10-2-2",1.737443995,1737.443995,"Sub Recent","Bocas","Punta Caracol","orig_df",1.458834502,3.53971240667439,1,2,0.0059,3.18135,"AT13-10_3",0.33569,0.6996,7,0.329087425870901
"113","Atherinidae","AT13-12-2-2",1.737874482,1737.874482,"Sub Recent","Bocas","Casa Blanca","orig_df",1.422282577,3.5410496093912,1,2,0.0059,3.18135,"AT13-12_4",0.27237,0.6317,40,0.329483093884247
"114","Atherinidae","AT13-12-2-2",1.832103657,1832.103657,"Sub Recent","Bocas","Casa Blanca","orig_df",1.528393304,3.83789645021165,1,2,0.0059,3.18135,"AT13-12_4",0.27237,0.6317,40,0.425654355636939
"115","Atherinidae","AT13-12-4-1",1.85601688,1856.01688,"Sub Recent","Bocas","Casa Blanca","orig_df",1.642471986,3.91452919488353,1,2,0.0059,3.18135,"AT13-12_7",0.28469,0.5885,73,0.453286781746642
"116","Atherinidae","AT14-1-3",1.858346262,1858.346262,"Sub Recent","Bocas","Casa Blanca","orig_df",1.807252424,3.9220218038284,1,2,0.0059,3.18135,"AT14-1_3",0.177701,0.6843,95,0.456052732283808
"117","Atherinidae","AT13-12-1-1",1.862734897,1862.734897,"Sub Recent","Bocas","Casa Blanca","orig_df",1.57051719,3.93615152138025,1,2,0.0059,3.18135,"AT13-12_1",0.22898,0.5786,44,0.461300269719911
"118","Atherinidae","AT14-1-3",1.885978846,1885.978846,"Sub Recent","Bocas","Casa Blanca","orig_df",1.718496317,4.01127900251937,1,2,0.0059,3.18135,"AT14-1_3",0.177701,0.6843,95,0.489898343141564
"119","Atherinidae","AT13-10-2-2",1.891062834,1891.062834,"Sub Recent","Bocas","Punta Caracol","orig_df",1.664919018,4.02777616396646,1,2,0.0059,3.18135,"AT13-10_3",0.33569,0.6996,7,0.496336931174938
"120","Atherinidae","AT13-12-1-2",1.901800672,1901.800672,"Sub Recent","Bocas","Casa Blanca","orig_df",1.515437014,4.06269612861356,1,2,0.0059,3.18135,"AT13-12_2",0.29472,0.6281,38,0.510156604080904
"121","Atherinidae","AT13-12-2-2",1.947132731,1947.132731,"Sub Recent","Bocas","Casa Blanca","orig_df",1.737629401,4.21125661538598,1,2,0.0059,3.18135,"AT13-12_4",0.27237,0.6317,40,0.571905394708916
"122","Atherinidae","AT14-1-3",2.09159646,2091.59646,"Sub Recent","Bocas","Casa Blanca","orig_df",1.988654514,4.69677111635034,1,2,0.0059,3.18135,"AT14-1_3",0.177701,0.6843,95,0.809246858287658
"123","Bregmacerotidae","AT13-10-4-1",1.034036091,1034.036091,"Sub Recent","Bocas","Punta Caracol","orig_df",1.007194356,5.39296124833932,2,6,0.00495666666666667,3.03316666666667,"AT13-10_6",0.33121,0.7088,27,0.822136414830228
"124","Bregmacerotidae","AT14-2-5",1.137792786,1137.792786,"Sub Recent","Bocas","Punta Donato","orig_df",1.072652395,5.80767668509542,2,6,0.00495666666666667,3.03316666666667,"AT14-2_4",0.121947,0.6014,28,1.02928684207793
"125","Bregmacerotidae","AT14-2-5",1.234117149,1234.117149,"Sub Recent","Bocas","Punta Donato","orig_df",1.144673284,6.18510826683148,2,6,0.00495666666666667,3.03316666666667,"AT14-2_4",0.121947,0.6014,28,1.24588507843842
"126","Bregmacerotidae","AT13-10-4-1",1.283501898,1283.501898,"Sub Recent","Bocas","Punta Caracol","orig_df",1.12656524,6.3760226326846,2,6,0.00495666666666667,3.03316666666667,"AT13-10_6",0.33121,0.7088,27,1.36622900279228
"127","Bregmacerotidae","AT13-10-1-1",1.341703179,1341.703179,"Sub Recent","Bocas","Punta Caracol","orig_df",1.010681979,6.5989111361526,2,6,0.00495666666666667,3.03316666666667,"AT13-10_1",0.26303,0.6473,26,1.51630203473796
"128","Bregmacerotidae","AT14-2-5",1.381392832,1381.392832,"Sub Recent","Bocas","Punta Donato","orig_df",1.208743771,6.74965724041051,2,6,0.00495666666666667,3.03316666666667,"AT14-2_4",0.121947,0.6014,28,1.62382559143824
"129","Bregmacerotidae","AT13-10-1-1",1.532034122,1532.034122,"Sub Recent","Bocas","Punta Caracol","orig_df",1.415306399,7.31323537464063,2,6,0.00495666666666667,3.03316666666667,"AT13-10_1",0.26303,0.6473,26,2.07098999674303
"130","Engraulidae","AT12-1-3-1",1.312643171,1312.643171,"Sub Recent","Bocas","STRI Point","orig_df",0.9616788971,4.39089947964209,9,49,0.00612244897959184,3.19008591836735,"AT12-1_4",0.23809,1.15,62,0.686635148191886
"131","Engraulidae","AT13-10-1-2",1.344890509,1344.890509,"Sub Recent","Bocas","Punta Caracol","orig_df",0.7619573841,4.51142538399844,9,49,0.00612244897959184,3.19008591836735,"AT13-10_2",0.37675,0.9095,21,0.74858711347113
"132","Engraulidae","AT14-3-1",1.451838414,1451.838414,"Sub Recent","Bocas","Cayo Adriana","orig_df",0.9771840291,4.91350812963911,9,49,0.00612244897959184,3.19008591836735,"AT14-3_1",0.193504,0.5189,23,0.98293326686231
"133","Engraulidae","AT12-1-3-1",1.469008697,1469.008697,"Sub Recent","Bocas","STRI Point","orig_df",0.9032799001,4.97838861134002,9,49,0.00612244897959184,3.19008591836735,"AT12-1_4",0.23809,1.15,62,1.02493971508055
"134","Engraulidae","AT13-10-1-1",1.486565444,1486.565444,"Sub Recent","Bocas","Punta Caracol","orig_df",1.037232192,5.04482022608679,9,49,0.00612244897959184,3.19008591836735,"AT13-10_1",0.26303,0.6473,26,1.0692107778206
"135","Engraulidae","AT13-10-1-2",1.492078974,1492.078974,"Sub Recent","Bocas","Punta Caracol","orig_df",1.013456497,5.06570124096307,9,49,0.00612244897959184,3.19008591836735,"AT13-10_2",0.37675,0.9095,21,1.08339282164373
"136","Engraulidae","AT13-10-1-1",1.525905849,1525.905849,"Sub Recent","Bocas","Punta Caracol","orig_df",1.056190069,5.19400589957706,9,49,0.00612244897959184,3.19008591836735,"AT13-10_1",0.26303,0.6473,26,1.17338201848063
"137","Engraulidae","AT13-10-1-1",1.581430642,1581.430642,"Sub Recent","Bocas","Punta Caracol","orig_df",0.868039851,5.4053220846163,9,49,0.00612244897959184,3.19008591836735,"AT13-10_1",0.26303,0.6473,26,1.33256673806532
"138","Engraulidae","AT14-2-2",1.62425385,1624.25385,"Sub Recent","Bocas","Punta Donato","orig_df",1.286522115,5.56888786421897,9,49,0.00612244897959184,3.19008591836735,"AT14-2_2",0.085008,0.5441,17,1.46551638606203
"139","Engraulidae","AT14-2-2",1.695430619,1695.430619,"Sub Recent","Bocas","Punta Donato","orig_df",1.105713601,5.84185230082982,9,49,0.00612244897959184,3.19008591836735,"AT14-2_2",0.085008,0.5441,17,1.70721163484968
"140","Engraulidae","AT14-1-2",1.697241615,1697.241615,"Sub Recent","Bocas","Casa Blanca","orig_df",1.008689619,5.84881506953213,9,49,0.00612244897959184,3.19008591836735,"AT14-1_2",0.255748,0.58385,102,1.71371125323017
"141","Engraulidae","AT14-2-2",1.698911526,1698.911526,"Sub Recent","Bocas","Punta Donato","orig_df",1.023164099,5.85523616835615,9,49,0.00612244897959184,3.19008591836735,"AT14-2_2",0.085008,0.5441,17,1.7197202713024
"142","Engraulidae","AT14-1-2",1.705109523,1705.109523,"Sub Recent","Bocas","Casa Blanca","orig_df",1.030090021,5.87907493011368,9,49,0.00612244897959184,3.19008591836735,"AT14-1_2",0.255748,0.58385,102,1.74215570647641
"143","Engraulidae","AT14-3-1",1.779019055,1779.019055,"Sub Recent","Bocas","Cayo Adriana","orig_df",1.132429371,6.16411031558987,9,49,0.00612244897959184,3.19008591836735,"AT14-3_1",0.193504,0.5189,23,2.02618745836574
"144","Engraulidae","AT12-1-3-1",1.784551958,1784.551958,"Sub Recent","Bocas","STRI Point","orig_df",1.006749648,6.18550412095175,9,49,0.00612244897959184,3.19008591836735,"AT12-1_4",0.23809,1.15,62,2.04870647093065
"145","Engraulidae","AT14-3-1",1.801332453,1801.332453,"Sub Recent","Bocas","Cayo Adriana","orig_df",1.152904364,6.25043531533392,9,49,0.00612244897959184,3.19008591836735,"AT14-3_1",0.193504,0.5189,23,2.11810411357304
"146","Engraulidae","AT14-3-1",1.802021577,1802.021577,"Sub Recent","Bocas","Cayo Adriana","orig_df",1.113297469,6.25310334386581,9,49,0.00612244897959184,3.19008591836735,"AT14-3_1",0.193504,0.5189,23,2.12098969195023
"147","Engraulidae","AT14-2-2",1.806741349,1806.741349,"Sub Recent","Bocas","Punta Donato","orig_df",1.039926017,6.27137969542646,9,49,0.00612244897959184,3.19008591836735,"AT14-2_2",0.085008,0.5441,17,2.1408288941976
"148","Engraulidae","AT14-2-2",1.815816072,1815.816072,"Sub Recent","Bocas","Punta Donato","orig_df",1.071085507,6.30653522282012,9,49,0.00612244897959184,3.19008591836735,"AT14-2_2",0.085008,0.5441,17,2.17934820583697
"149","Engraulidae","AT12-1-3-1",1.821502152,1821.502152,"Sub Recent","Bocas","STRI Point","orig_df",1.100970361,6.32857350055606,9,49,0.00612244897959184,3.19008591836735,"AT12-1_4",0.23809,1.15,62,2.20373624284768
"150","Engraulidae","AT14-1-2",1.830172512,1830.172512,"Sub Recent","Bocas","Casa Blanca","orig_df",1.061309293,6.36219366367938,9,49,0.00612244897959184,3.19008591836735,"AT14-1_2",0.255748,0.58385,102,2.24130098389474
"151","Engraulidae","AT14-1-2",1.8617855,1861.7855,"Sub Recent","Bocas","Casa Blanca","orig_df",1.027543623,6.48493172090438,9,49,0.00612244897959184,3.19008591836735,"AT14-1_2",0.255748,0.58385,102,2.38217237044246
"152","Engraulidae","AT14-1-2",1.943230835,1943.230835,"Sub Recent","Bocas","Casa Blanca","orig_df",1.041280409,6.80224873998171,9,49,0.00612244897959184,3.19008591836735,"AT14-1_2",0.255748,0.58385,102,2.77433063894437
"153","Engraulidae","AT14-1-2",1.958585536,1958.585536,"Sub Recent","Bocas","Casa Blanca","orig_df",1.014912627,6.86224644915126,9,49,0.00612244897959184,3.19008591836735,"AT14-1_2",0.255748,0.58385,102,2.8531498059553
"154","Engraulidae","AT14-2-2",1.973751053,1973.751053,"Sub Recent","Bocas","Punta Donato","orig_df",0.9507650068,6.92155840051129,9,49,0.00612244897959184,3.19008591836735,"AT14-2_2",0.085008,0.5441,17,2.93256579741424
"155","Engraulidae","AT14-3-1",2.013157873,2013.157873,"Sub Recent","Bocas","Cayo Adriana","orig_df",1.288022796,7.07592331923838,9,49,0.00612244897959184,3.19008591836735,"AT14-3_1",0.193504,0.5189,23,3.14634493447446
"156","Engraulidae","AT14-3-1",2.019806284,2019.806284,"Sub Recent","Bocas","Cayo Adriana","orig_df",1.265818469,7.1020012513508,9,49,0.00612244897959184,3.19008591836735,"AT14-3_1",0.193504,0.5189,23,3.18348566675704
"157","Engraulidae","AT14-1-2",2.038184984,2038.184984,"Sub Recent","Bocas","Casa Blanca","orig_df",1.122733648,7.17414204902804,9,49,0.00612244897959184,3.19008591836735,"AT14-1_2",0.255748,0.58385,102,3.28779635911159
"158","Engraulidae","AT14-2-2",2.047755404,2047.755404,"Sub Recent","Bocas","Punta Donato","orig_df",1.071220691,7.2117381063191,9,49,0.00612244897959184,3.19008591836735,"AT14-2_2",0.085008,0.5441,17,3.34307659386799
"159","Engraulidae","AT14-1-2",2.049119021,2049.119021,"Sub Recent","Bocas","Casa Blanca","orig_df",1.287070318,7.21709654290177,9,49,0.00612244897959184,3.19008591836735,"AT14-1_2",0.255748,0.58385,102,3.35100708661918
"160","Engraulidae","AT14-2-2",2.059864996,2059.864996,"Sub Recent","Bocas","Punta Donato","orig_df",1.411285134,7.25933809169193,9,49,0.00612244897959184,3.19008591836735,"AT14-2_2",0.085008,0.5441,17,3.41397743499225
"161","Engraulidae","AT14-1-2",2.068315484,2068.315484,"Sub Recent","Bocas","Casa Blanca","orig_df",1.117495538,7.2925741966152,9,49,0.00612244897959184,3.19008591836735,"AT14-1_2",0.255748,0.58385,102,3.46409061605334
"162","Engraulidae","AT14-1-2",2.06847298,2068.47298,"Sub Recent","Bocas","Casa Blanca","orig_df",1.061102868,7.29319378405261,9,49,0.00612244897959184,3.19008591836735,"AT14-1_2",0.255748,0.58385,102,3.46502959050513
"163","Engraulidae","AT14-3-1",2.095029332,2095.029332,"Sub Recent","Bocas","Cayo Adriana","orig_df",1.287478735,7.39774396058675,9,49,0.00612244897959184,3.19008591836735,"AT14-3_1",0.193504,0.5189,23,3.62598999011107
"164","Engraulidae","AT14-3-1",2.144358141,2144.358141,"Sub Recent","Bocas","Cayo Adriana","orig_df",1.33829699,7.59235356239633,9,49,0.00612244897959184,3.19008591836735,"AT14-3_1",0.193504,0.5189,23,3.93914174324396
"165","Engraulidae","AT14-1-2",2.155882707,2155.882707,"Sub Recent","Bocas","Casa Blanca","orig_df",1.4513266,7.63789488304634,9,49,0.00612244897959184,3.19008591836735,"AT14-1_2",0.255748,0.58385,102,4.01501403936297
"166","Engraulidae","AT14-2-2",2.201602312,2201.602312,"Sub Recent","Bocas","Punta Donato","orig_df",1.154777782,7.81884027082635,9,49,0.00612244897959184,3.19008591836735,"AT14-2_2",0.085008,0.5441,17,4.32639312913704
"167","Engraulidae","AT14-2-2",2.226526513,2226.526513,"Sub Recent","Bocas","Punta Donato","orig_df",1.116015549,7.91766720325703,9,49,0.00612244897959184,3.19008591836735,"AT14-2_2",0.085008,0.5441,17,4.50326586109937
"168","Engraulidae","AT14-2-2",2.361219018,2361.219018,"Sub Recent","Bocas","Punta Donato","orig_df",1.397833647,8.4539223617411,9,49,0.00612244897959184,3.19008591836735,"AT14-2_2",0.085008,0.5441,17,5.55035370032398
"169","Engraulidae","AT14-2-2",2.380814445,2380.814445,"Sub Recent","Bocas","Punta Donato","orig_df",1.724293443,8.53223860292712,9,49,0.00612244897959184,3.19008591836735,"AT14-2_2",0.085008,0.5441,17,5.71605125479596
"170","Engraulidae","AT13-10-1-1",2.405554924,2405.554924,"Sub Recent","Bocas","Punta Caracol","orig_df",1.417208227,8.63122441553747,9,49,0.00612244897959184,3.19008591836735,"AT13-10_1",0.26303,0.6473,26,5.93029890862863
"171","Engraulidae","AT14-2-2",2.435383131,2435.383131,"Sub Recent","Bocas","Punta Donato","orig_df",1.178804083,8.7507227328998,9,49,0.00612244897959184,3.19008591836735,"AT14-2_2",0.085008,0.5441,17,6.1962114403801
"172","Engraulidae","AT14-2-2",2.504216802,2504.216802,"Sub Recent","Bocas","Punta Donato","orig_df",1.674913522,9.02712948696226,9,49,0.00612244897959184,3.19008591836735,"AT14-2_2",0.085008,0.5441,17,6.8424357482628
"173","Engraulidae","AT14-2-2",2.671293781,2671.293781,"Sub Recent","Bocas","Punta Donato","orig_df",1.747031537,9.70166266939224,9,49,0.00612244897959184,3.19008591836735,"AT14-2_2",0.085008,0.5441,17,8.61091386663995
"174","Engraulidae","AT14-2-2",2.900392734,2900.392734,"Sub Recent","Bocas","Punta Donato","orig_df",1.802913017,10.6345149784813,9,49,0.00612244897959184,3.19008591836735,"AT14-2_2",0.085008,0.5441,17,11.5409832584507
"175","Gerreidae","AT13-12-4-2",0.98320843,983.2084303,"Sub Recent","Bocas","Casa Blanca","orig_df",0.7217050023,2.67689249481551,11,83,0.0143642168674699,3.04463734939759,"AT13-12_8",0.28791,0.6922,48,0.287914180068137
"176","Gerreidae","AT13-12-4-2",1.28726986,1287.26986,"Sub Recent","Bocas","Casa Blanca","orig_df",0.8991814462,3.54565088060333,11,83,0.0143642168674699,3.04463734939759,"AT13-12_8",0.28791,0.6922,48,0.677496158951645
"177","Gerreidae","AT13-12-1-1",1.567334875,1567.334875,"Sub Recent","Bocas","Casa Blanca","orig_df",1.122261679,4.35382438725426,11,83,0.0143642168674699,3.04463734939759,"AT13-12_1",0.22898,0.5786,44,1.26593725351011
"178","Gerreidae","AT13-12-4-2",2.033410309,2033.410309,"Sub Recent","Bocas","Casa Blanca","orig_df",1.440639001,5.71221501706442,11,83,0.0143642168674699,3.04463734939759,"AT13-12_8",0.28791,0.6922,48,2.89385883633043
"179","Gerreidae","AT13-12-1-1",3.443870649,3443.870649,"Sub Recent","Bocas","Casa Blanca","orig_df",2.198865628,9.8965379640819,11,83,0.0143642168674699,3.04463734939759,"AT13-12_1",0.22898,0.5786,44,15.4229543816828
"180","Gobiidae","AT14-2-2",0.607489825,607.4898252,"Sub Recent","Bocas","Punta Donato","orig_df",0.5389617248,1.56169060369341,11,26,0.00987961538461538,2.99819230769231,"AT14-2_2",0.085008,0.5441,17,0.0375988939424581
"181","Gobiidae","AT14-2-2",0.64669726,646.6972604,"Sub Recent","Bocas","Punta Donato","orig_df",0.6638111708,1.66907035119804,11,26,0.00987961538461538,2.99819230769231,"AT14-2_2",0.085008,0.5441,17,0.045894622257981
"182","Gobiidae","AT14-2-2",0.648851015,648.8510153,"Sub Recent","Bocas","Punta Donato","orig_df",0.7754351765,1.67498114092185,11,26,0.00987961538461538,2.99819230769231,"AT14-2_2",0.085008,0.5441,17,0.0463836436418978
"183","Gobiidae","AT14-2-1",0.649196822,649.1968219,"Sub Recent","Bocas","Punta Donato","orig_df",0.7046639994,1.67593029329489,11,26,0.00987961538461538,2.99819230769231,"AT14-2_1",0.126321,0.6472,39,0.0464624926468237
"184","Gobiidae","AT14-2-2",0.649242366,649.2423662,"Sub Recent","Bocas","Punta Donato","orig_df",0.4837612161,1.67605530238883,11,26,0.00987961538461538,2.99819230769231,"AT14-2_2",0.085008,0.5441,17,0.0464728841891766
"185","Gobiidae","AT14-2-2",0.649737337,649.7373365,"Sub Recent","Bocas","Punta Donato","orig_df",0.7525487021,1.67741393370502,11,26,0.00987961538461538,2.99819230769231,"AT14-2_2",0.085008,0.5441,17,0.0465859220856705
"186","Gobiidae","AT14-2-2",0.681145316,681.1453158,"Sub Recent","Bocas","Punta Donato","orig_df",0.5965879232,1.76375667227787,11,26,0.00987961538461538,2.99819230769231,"AT14-2_2",0.085008,0.5441,17,0.0541515087831441
"187","Gobiidae","AT14-2-2",0.682453717,682.4537171,"Sub Recent","Bocas","Punta Donato","orig_df",0.7131480541,1.76735910625638,11,26,0.00987961538461538,2.99819230769231,"AT14-2_2",0.085008,0.5441,17,0.0544837957755647
"188","Gobiidae","AT14-2-2",0.688217376,688.217376,"Sub Recent","Bocas","Punta Donato","orig_df",0.7137303157,1.78323343736975,11,26,0.00987961538461538,2.99819230769231,"AT14-2_2",0.085008,0.5441,17,0.055964229333697
"189","Gobiidae","AT14-2-1",0.694305124,694.3051244,"Sub Recent","Bocas","Punta Donato","orig_df",0.5972566783,1.80000950832711,11,26,0.00987961538461538,2.99819230769231,"AT14-2_1",0.126321,0.6472,39,0.0575576398118101
"190","Gobiidae","AT14-2-1",0.694383826,694.383826,"Sub Recent","Bocas","Punta Donato","orig_df",0.6423245963,1.80022644933905,11,26,0.00987961538461538,2.99819230769231,"AT14-2_1",0.126321,0.6472,39,0.0575784406875121
"191","Gobiidae","AT14-2-2",0.695791644,695.7916436,"Sub Recent","Bocas","Punta Donato","orig_df",0.6881980824,1.80410734336965,11,26,0.00987961538461538,2.99819230769231,"AT14-2_2",0.085008,0.5441,17,0.0579513979704432
"192","Gobiidae","AT14-2-2",0.695801597,695.8015974,"Sub Recent","Bocas","Punta Donato","orig_df",0.6777707437,1.80413478230606,11,26,0.00987961538461538,2.99819230769231,"AT14-2_2",0.085008,0.5441,17,0.0579540405915588
"193","Gobiidae","AT14-2-2",0.69598116,695.9811603,"Sub Recent","Bocas","Punta Donato","orig_df",0.6807557727,1.80462981497633,11,26,0.00987961538461538,2.99819230769231,"AT14-2_2",0.085008,0.5441,17,0.0580017305715691
"194","Gobiidae","AT14-2-2",0.698011582,698.0115818,"Sub Recent","Bocas","Punta Donato","orig_df",0.8118537593,1.81022799531036,11,26,0.00987961538461538,2.99819230769231,"AT14-2_2",0.085008,0.5441,17,0.0585428641867207
"195","Gobiidae","AT14-2-1",0.698310141,698.3101413,"Sub Recent","Bocas","Punta Donato","orig_df",0.6162355251,1.81105125451577,11,26,0.00987961538461538,2.99819230769231,"AT14-2_1",0.126321,0.6472,39,0.0586227250657691
"196","Gobiidae","AT14-2-2",0.699522886,699.5228862,"Sub Recent","Bocas","Punta Donato","orig_df",0.5991112224,1.81439555757843,11,26,0.00987961538461538,2.99819230769231,"AT14-2_2",0.085008,0.5441,17,0.0589478882543761
"197","Gobiidae","AT14-2-2",0.700931083,700.9310832,"Sub Recent","Bocas","Punta Donato","orig_df",0.646463639,1.81827930513502,11,26,0.00987961538461538,2.99819230769231,"AT14-2_2",0.085008,0.5441,17,0.0593270069486022
"198","Gobiidae","AT14-2-1",0.70693011,706.9301098,"Sub Recent","Bocas","Punta Donato","orig_df",0.5216864281,1.83482988431338,11,26,0.00987961538461538,2.99819230769231,"AT14-2_1",0.126321,0.6472,39,0.0609608413898468
"199","Gobiidae","AT14-2-1",0.70783409,707.8340899,"Sub Recent","Bocas","Punta Donato","orig_df",0.7249165682,1.83732462612883,11,26,0.00987961538461538,2.99819230769231,"AT14-2_1",0.126321,0.6472,39,0.0612096870460965
"200","Gobiidae","AT14-2-2",0.709988769,709.9887685,"Sub Recent","Bocas","Punta Donato","orig_df",0.6540237152,1.84327177302161,11,26,0.00987961538461538,2.99819230769231,"AT14-2_2",0.085008,0.5441,17,0.0618056319796364
"201","Gobiidae","AT14-2-2",0.723699918,723.6999176,"Sub Recent","Bocas","Punta Donato","orig_df",0.5594372952,1.88114263321845,11,26,0.00987961538461538,2.99819230769231,"AT14-2_2",0.085008,0.5441,17,0.0656914950857434
"202","Gobiidae","AT14-2-2",0.72385826,723.8582604,"Sub Recent","Bocas","Punta Donato","orig_df",0.5920966768,1.88158024825949,11,26,0.00987961538461538,2.99819230769231,"AT14-2_2",0.085008,0.5441,17,0.0657373240541869
"203","Gobiidae","AT14-2-1",0.725826096,725.8260964,"Sub Recent","Bocas","Punta Donato","orig_df",0.7097099027,1.887019326629,11,26,0.00987961538461538,2.99819230769231,"AT14-2_1",0.126321,0.6472,39,0.0663087076294915
"204","Gobiidae","AT14-1-2",0.726112035,726.1120354,"Sub Recent","Bocas","Casa Blanca","orig_df",0.581496776,1.88780973672679,11,26,0.00987961538461538,2.99819230769231,"AT14-1_2",0.255748,0.58385,102,0.0663920158610118
"205","Gobiidae","AT14-2-2",0.730790931,730.790931,"Sub Recent","Bocas","Punta Donato","orig_df",0.6381898004,1.90074621856491,11,26,0.00987961538461538,2.99819230769231,"AT14-2_2",0.085008,0.5441,17,0.067765435576881
"206","Gobiidae","AT14-2-2",0.731078894,731.0788944,"Sub Recent","Bocas","Punta Donato","orig_df",0.9227589972,1.90154256674685,11,26,0.00987961538461538,2.99819230769231,"AT14-2_2",0.085008,0.5441,17,0.067850594145891
"207","Gobiidae","AT14-2-1",0.73348144,733.4814402,"Sub Recent","Bocas","Punta Donato","orig_df",0.7540093305,1.90818746755332,11,26,0.00987961538461538,2.99819230769231,"AT14-2_1",0.126321,0.6472,39,0.0685639577840753
"208","Gobiidae","AT14-2-2",0.735147125,735.1471248,"Sub Recent","Bocas","Punta Donato","orig_df",0.9026186923,1.9127951851413,11,26,0.00987961538461538,2.99819230769231,"AT14-2_2",0.085008,0.5441,17,0.069061543039785
"209","Gobiidae","AT14-1-2",0.736985637,736.9856374,"Sub Recent","Bocas","Casa Blanca","orig_df",0.6876987206,1.91788175362467,11,26,0.00987961538461538,2.99819230769231,"AT14-1_2",0.255748,0.58385,102,0.0696136275010732
"210","Gobiidae","AT14-1-2",0.739903526,739.9035261,"Sub Recent","Bocas","Casa Blanca","orig_df",0.6242398004,1.92595625613058,11,26,0.00987961538461538,2.99819230769231,"AT14-1_2",0.255748,0.58385,102,0.0704960431288604
"211","Gobiidae","AT14-2-2",0.745022137,745.0221373,"Sub Recent","Bocas","Punta Donato","orig_df",0.5982576828,1.94012554762603,11,26,0.00987961538461538,2.99819230769231,"AT14-2_2",0.085008,0.5441,17,0.0720624848751339
"212","Gobiidae","AT14-3-4",0.74664661,746.6466098,"Sub Recent","Bocas","Cayo Adriana","orig_df",0.6340014359,1.94462368776481,11,26,0.00987961538461538,2.99819230769231,"AT14-3_3",0.207246,0.625,27,0.0725645701327467
"213","Gobiidae","AT12-1-2-2",0.747731502,747.7315018,"Sub Recent","Bocas","STRI Point","orig_df",0.6941087292,1.94762808138438,11,26,0.00987961538461538,2.99819230769231,"AT12-1_3",0.23893,1.15,73,0.0729012177666233
"214","Gobiidae","AT14-2-2",0.747920194,747.920194,"Sub Recent","Bocas","Punta Donato","orig_df",0.6637083001,1.94815065467643,11,26,0.00987961538461538,2.99819230769231,"AT14-2_2",0.085008,0.5441,17,0.0729598790914316
"215","Gobiidae","AT14-3-4",0.749232407,749.2324073,"Sub Recent","Bocas","Cayo Adriana","orig_df",0.5944638571,1.95178499506775,11,26,0.00987961538461538,2.99819230769231,"AT14-3_3",0.207246,0.625,27,0.0733687214263818
"216","Gobiidae","AT14-2-2",0.750529589,750.5295887,"Sub Recent","Bocas","Punta Donato","orig_df",0.6642634567,1.95537810084714,11,26,0.00987961538461538,2.99819230769231,"AT14-2_2",0.085008,0.5441,17,0.0737744232907869
"217","Gobiidae","AT14-2-2",0.750562421,750.5624208,"Sub Recent","Bocas","Punta Donato","orig_df",0.8318982274,1.95546904834925,11,26,0.00987961538461538,2.99819230769231,"AT14-2_2",0.085008,0.5441,17,0.0737847116357762
"218","Gobiidae","AT14-2-2",0.753492245,753.4922453,"Sub Recent","Bocas","Punta Donato","orig_df",0.6050565907,1.96358592792022,11,26,0.00987961538461538,2.99819230769231,"AT14-2_2",0.085008,0.5441,17,0.0747067815365532
"219","Gobiidae","AT14-2-2",0.75419965,754.1996504,"Sub Recent","Bocas","Punta Donato","orig_df",0.6298708958,1.96554604514211,11,26,0.00987961538461538,2.99819230769231,"AT14-2_2",0.085008,0.5441,17,0.0749305942276493
"220","Gobiidae","AT12-1-2-2",0.754374853,754.3748527,"Sub Recent","Bocas","STRI Point","orig_df",0.5149550911,1.96603152535191,11,26,0.00987961538461538,2.99819230769231,"AT12-1_3",0.23893,1.15,73,0.074986096931219
"221","Gobiidae","AT14-2-1",0.755911833,755.9118327,"Sub Recent","Bocas","Punta Donato","orig_df",0.8264114489,1.97029073832678,11,26,0.00987961538461538,2.99819230769231,"AT14-2_1",0.126321,0.6472,39,0.0754742081389387
"222","Gobiidae","AT14-2-2",0.756231718,756.2317178,"Sub Recent","Bocas","Punta Donato","orig_df",0.7977658467,1.97117725879111,11,26,0.00987961538461538,2.99819230769231,"AT14-2_2",0.085008,0.5441,17,0.0755760700258926
"223","Gobiidae","AT14-2-2",0.757629054,757.629054,"Sub Recent","Bocas","Punta Donato","orig_df",0.740056134,1.97505007515211,11,26,0.00987961538461538,2.99819230769231,"AT14-2_2",0.085008,0.5441,17,0.0760221340850097
"224","Gobiidae","AT14-3-6",0.760182091,760.1820905,"Sub Recent","Bocas","Cayo Adriana","orig_df",0.6451850533,1.98212716530473,11,26,0.00987961538461538,2.99819230769231,"AT14-3_5",0.31401,0.6877,40,0.076841787037
"225","Gobiidae","AT12-1-4-1",0.760991477,760.9914765,"Sub Recent","Bocas","STRI Point","orig_df",0.6227633778,1.98437112003171,11,26,0.00987961538461538,2.99819230769231,"AT12-1_5",0.21289,1.15,85,0.0771029013292823
"226","Gobiidae","AT14-2-2",0.761526792,761.5267915,"Sub Recent","Bocas","Punta Donato","orig_df",0.8402456067,1.98585531885361,11,26,0.00987961538461538,2.99819230769231,"AT14-2_2",0.085008,0.5441,17,0.0772759323161688
"227","Gobiidae","AT14-2-2",0.761592471,761.5924714,"Sub Recent","Bocas","Punta Donato","orig_df",0.8022203295,1.98603742308642,11,26,0.00987961538461538,2.99819230769231,"AT14-2_2",0.085008,0.5441,17,0.0772971802137184
"228","Gobiidae","AT12-1-4-1",0.764349797,764.3497974,"Sub Recent","Bocas","STRI Point","orig_df",0.660589603,1.99368339089457,11,26,0.00987961538461538,2.99819230769231,"AT12-1_5",0.21289,1.15,85,0.0781928286327336
"229","Gobiidae","AT14-2-2",0.781745531,781.7455312,"Sub Recent","Bocas","Punta Donato","orig_df",0.5286745958,2.04196112861324,11,26,0.00987961538461538,2.99819230769231,"AT14-2_2",0.085008,0.5441,17,0.0840082578992763
"230","Gobiidae","AT14-2-2",0.789483224,789.4832243,"Sub Recent","Bocas","Punta Donato","orig_df",0.7926951058,2.06345719237223,11,26,0.00987961538461538,2.99819230769231,"AT14-2_2",0.085008,0.5441,17,0.0866877511777738
"231","Gobiidae","AT14-2-2",0.789583403,789.583403,"Sub Recent","Bocas","Punta Donato","orig_df",0.7003468601,2.06373558703155,11,26,0.00987961538461538,2.99819230769231,"AT14-2_2",0.085008,0.5441,17,0.0867228216163967
"232","Gobiidae","AT14-2-1",0.791568846,791.5688463,"Sub Recent","Bocas","Punta Donato","orig_df",0.8438178591,2.06925353846267,11,26,0.00987961538461538,2.99819230769231,"AT14-2_1",0.126321,0.6472,39,0.0874198915348426
"233","Gobiidae","AT14-2-2",0.793637729,793.6377293,"Sub Recent","Bocas","Punta Donato","orig_df",0.5852985859,2.07500431789332,11,26,0.00987961538461538,2.99819230769231,"AT14-2_2",0.085008,0.5441,17,0.0881503374679569
"234","Gobiidae","AT14-2-1",0.794171439,794.1714385,"Sub Recent","Bocas","Punta Donato","orig_df",0.8170297867,2.07648800109259,11,26,0.00987961538461538,2.99819230769231,"AT14-2_1",0.126321,0.6472,39,0.0883394480596166
"235","Gobiidae","AT14-1-2",0.79536403,795.3640301,"Sub Recent","Bocas","Casa Blanca","orig_df",0.6623648894,2.07980356350016,11,26,0.00987961538461538,2.99819230769231,"AT14-1_2",0.255748,0.58385,102,0.0887630272167738
"236","Gobiidae","AT12-1-4-1",0.795709999,795.7099992,"Sub Recent","Bocas","STRI Point","orig_df",0.7323922138,2.080765462421,11,26,0.00987961538461538,2.99819230769231,"AT12-1_5",0.21289,1.15,85,0.0888861672800236
"237","Gobiidae","AT14-2-2",0.798999792,798.999792,"Sub Recent","Bocas","Punta Donato","orig_df",0.7676790387,2.08991340626831,11,26,0.00987961538461538,2.99819230769231,"AT14-2_2",0.085008,0.5441,17,0.0900629607410489
"238","Gobiidae","AT14-2-2",0.803659405,803.6594048,"Sub Recent","Bocas","Punta Donato","orig_df",0.8871295073,2.10287448977703,11,26,0.00987961538461538,2.99819230769231,"AT14-2_2",0.085008,0.5441,17,0.0917479878111753
"239","Gobiidae","AT14-2-2",0.804129774,804.1297738,"Sub Recent","Bocas","Punta Donato","orig_df",0.8613476711,2.10418312304091,11,26,0.00987961538461538,2.99819230769231,"AT14-2_2",0.085008,0.5441,17,0.0919192772666342
"240","Gobiidae","AT12-1-4-1",0.804775172,804.775172,"Sub Recent","Bocas","STRI Point","orig_df",0.6764466399,2.10597879057659,11,26,0.00987961538461538,2.99819230769231,"AT12-1_5",0.21289,1.15,85,0.0921546622293862
"241","Gobiidae","AT14-2-2",0.805336226,805.3362263,"Sub Recent","Bocas","Punta Donato","orig_df",0.6996570355,2.10753986484355,11,26,0.00987961538461538,2.99819230769231,"AT14-2_2",0.085008,0.5441,17,0.0923596216867597
"242","Gobiidae","AT14-2-2",0.810844256,810.844256,"Sub Recent","Bocas","Punta Donato","orig_df",0.7212246654,2.12286902896046,11,26,0.00987961538461538,2.99819230769231,"AT14-2_2",0.085008,0.5441,17,0.0943884087066004
"243","Gobiidae","AT14-2-2",0.81235142,812.3514197,"Sub Recent","Bocas","Punta Donato","orig_df",0.7494211546,2.12706470245514,11,26,0.00987961538461538,2.99819230769231,"AT14-2_2",0.085008,0.5441,17,0.0949488290880637
"244","Gobiidae","AT14-2-2",0.813800979,813.8009791,"Sub Recent","Bocas","Punta Donato","orig_df",0.6332545813,2.13110047841773,11,26,0.00987961538461538,2.99819230769231,"AT14-2_2",0.085008,0.5441,17,0.0954899800673549
"245","Gobiidae","AT14-2-2",0.815845733,815.8457333,"Sub Recent","Bocas","Punta Donato","orig_df",0.869824585,2.13679413365442,11,26,0.00987961538461538,2.99819230769231,"AT14-2_2",0.085008,0.5441,17,0.0962569233814266
"246","Gobiidae","AT12-1-3-1",0.818051848,818.0518481,"Sub Recent","Bocas","STRI Point","orig_df",0.6691328914,2.14293811360476,11,26,0.00987961538461538,2.99819230769231,"AT12-1_4",0.23809,1.15,62,0.0970891192975709
"247","Gobiidae","AT12-1-4-1",0.81818087,818.1808697,"Sub Recent","Bocas","STRI Point","orig_df",0.696991598,2.14329746939072,11,26,0.00987961538461538,2.99819230769231,"AT12-1_5",0.21289,1.15,85,0.0971379415509304
"248","Gobiidae","AT12-1-4-1",0.821451457,821.4514572,"Sub Recent","Bocas","STRI Point","orig_df",0.6852070185,2.1524079977147,11,26,0.00987961538461538,2.99819230769231,"AT12-1_5",0.21289,1.15,85,0.0983811746818117
"249","Gobiidae","AT14-1-2",0.822313745,822.3137445,"Sub Recent","Bocas","Casa Blanca","orig_df",0.7253404765,2.15481036470516,11,26,0.00987961538461538,2.99819230769231,"AT14-1_2",0.255748,0.58385,102,0.0987107619637725
"250","Gobiidae","AT14-2-2",0.822313762,822.3137619,"Sub Recent","Bocas","Punta Donato","orig_df",0.8227073127,2.15481041206938,11,26,0.00987961538461538,2.99819230769231,"AT14-2_2",0.085008,0.5441,17,0.0987107684690418
"251","Gobiidae","AT14-2-2",0.822479673,822.479673,"Sub Recent","Bocas","Punta Donato","orig_df",0.7775469673,2.15527266467252,11,26,0.00987961538461538,2.99819230769231,"AT14-2_2",0.085008,0.5441,17,0.0987742704679974
"252","Gobiidae","AT12-1-4-1",0.822903724,822.9037241,"Sub Recent","Bocas","STRI Point","orig_df",0.6661708693,2.15645416031687,11,26,0.00987961538461538,2.99819230769231,"AT12-1_5",0.21289,1.15,85,0.0989367022686455
"253","Gobiidae","AT12-1-1-1",0.822943901,822.9439006,"Sub Recent","Bocas","STRI Point","orig_df",0.5396268436,2.15656610392116,11,26,0.00987961538461538,2.99819230769231,"AT12-1_1",0.1563,0.85,34,0.0989521014805511
"254","Gobiidae","AT14-2-2",0.823493194,823.4931937,"Sub Recent","Bocas","Punta Donato","orig_df",0.9282883824,2.1580966121867,11,26,0.00987961538461538,2.99819230769231,"AT14-2_2",0.085008,0.5441,17,0.0991628018583843
"255","Gobiidae","AT12-1-2-2",0.826751231,826.751231,"Sub Recent","Bocas","STRI Point","orig_df",0.7013600328,2.16717588456774,11,26,0.00987961538461538,2.99819230769231,"AT12-1_3",0.23893,1.15,73,0.100418868302918
"256","Gobiidae","AT14-1-8",0.828364314,828.3643138,"Sub Recent","Bocas","Casa Blanca","orig_df",0.7457318692,2.17167195085573,11,26,0.00987961538461538,2.99819230769231,"AT14-1_5",0.186586,0.6334,63,0.10104478022603
"257","Gobiidae","AT14-2-2",0.832356688,832.3566875,"Sub Recent","Bocas","Punta Donato","orig_df",0.6902224988,2.18280207589524,11,26,0.00987961538461538,2.99819230769231,"AT14-2_2",0.085008,0.5441,17,0.10260541434714
"258","Gobiidae","AT12-1-4-1",0.832517867,832.5178668,"Sub Recent","Bocas","STRI Point","orig_df",0.7443546461,2.18325148918183,11,26,0.00987961538461538,2.99819230769231,"AT12-1_5",0.21289,1.15,85,0.102668764934536
"259","Gobiidae","AT14-2-2",0.832671183,832.6711827,"Sub Recent","Bocas","Punta Donato","orig_df",0.7416778748,2.18367898327497,11,26,0.00987961538461538,2.99819230769231,"AT14-2_2",0.085008,0.5441,17,0.102729049916368
"260","Gobiidae","AT14-2-2",0.83617576,836.1757599,"Sub Recent","Bocas","Punta Donato","orig_df",0.7290187566,2.19345222156473,11,26,0.00987961538461538,2.99819230769231,"AT14-2_2",0.085008,0.5441,17,0.104113709338819
"261","Gobiidae","AT14-2-2",0.838067033,838.0670332,"Sub Recent","Bocas","Punta Donato","orig_df",0.6280903944,2.19872750465882,11,26,0.00987961538461538,2.99819230769231,"AT14-2_2",0.085008,0.5441,17,0.104866246790798
"262","Gobiidae","AT14-2-1",0.839694056,839.6940564,"Sub Recent","Bocas","Punta Donato","orig_df",0.58099026,2.20326632396326,11,26,0.00987961538461538,2.99819230769231,"AT14-2_1",0.126321,0.6472,39,0.105516619167277
"263","Gobiidae","AT14-2-1",0.842792363,842.7923626,"Sub Recent","Bocas","Punta Donato","orig_df",0.7439587622,2.21191104292573,11,26,0.00987961538461538,2.99819230769231,"AT14-2_1",0.126321,0.6472,39,0.106762755549436
"264","Gobiidae","AT14-3-4",0.8433938,843.3938002,"Sub Recent","Bocas","Cayo Adriana","orig_df",0.6946633632,2.2135893712024,11,26,0.00987961538461538,2.99819230769231,"AT14-3_3",0.207246,0.625,27,0.107005817906032
"265","Gobiidae","AT14-2-1",0.844076154,844.0761538,"Sub Recent","Bocas","Punta Donato","orig_df",0.563578855,2.21549359247565,11,26,0.00987961538461538,2.99819230769231,"AT14-2_1",0.126321,0.6472,39,0.10728204128601
"266","Gobiidae","AT12-1-3-1",0.84661207,846.6120703,"Sub Recent","Bocas","STRI Point","orig_df",0.7343152523,2.22257133651479,11,26,0.00987961538461538,2.99819230769231,"AT12-1_4",0.23809,1.15,62,0.108312893238517
"267","Gobiidae","AT14-3-6",0.847114707,847.1147065,"Sub Recent","Bocas","Cayo Adriana","orig_df",0.7329083483,2.22397435620574,11,26,0.00987961538461538,2.99819230769231,"AT14-3_5",0.31401,0.6877,40,0.108518019646687
"268","Gobiidae","AT14-2-2",0.847468919,847.4689192,"Sub Recent","Bocas","Punta Donato","orig_df",0.6163444273,2.22496310614999,11,26,0.00987961538461538,2.99819230769231,"AT14-2_2",0.085008,0.5441,17,0.108662733775628
"269","Gobiidae","AT14-2-1",0.849452336,849.4523364,"Sub Recent","Bocas","Punta Donato","orig_df",0.6438482927,2.23050011332396,11,26,0.00987961538461538,2.99819230769231,"AT14-2_1",0.126321,0.6472,39,0.109475511397745
"270","Gobiidae","AT12-1-4-1",0.849958974,849.9589736,"Sub Recent","Bocas","STRI Point","orig_df",0.7399536866,2.23191460074935,11,26,0.00987961538461538,2.99819230769231,"AT12-1_5",0.21289,1.15,85,0.109683791816616
"271","Gobiidae","AT12-1-3-1",0.850750617,850.7506167,"Sub Recent","Bocas","STRI Point","orig_df",0.6768786958,2.23412490306454,11,26,0.00987961538461538,2.99819230769231,"AT12-1_4",0.23809,1.15,62,0.110009782866062
"272","Gobiidae","AT12-1-1-1",0.850877864,850.8778635,"Sub Recent","Bocas","STRI Point","orig_df",0.740371899,2.23448019446023,11,26,0.00987961538461538,2.99819230769231,"AT12-1_1",0.1563,0.85,34,0.110062243922851
"273","Gobiidae","AT14-2-1",0.853316063,853.3160626,"Sub Recent","Bocas","Punta Donato","orig_df",0.718920032,2.24128863504112,11,26,0.00987961538461538,2.99819230769231,"AT14-2_1",0.126321,0.6472,39,0.111070777620535
"274","Gobiidae","AT14-2-2",0.855998867,855.9988673,"Sub Recent","Bocas","Punta Donato","orig_df",0.7505092044,2.24878153351419,11,26,0.00987961538461538,2.99819230769231,"AT14-2_2",0.085008,0.5441,17,0.112187798097898
"275","Gobiidae","AT14-2-2",0.858940362,858.940362,"Sub Recent","Bocas","Punta Donato","orig_df",0.6165570179,2.25699864599127,11,26,0.00987961538461538,2.99819230769231,"AT14-2_2",0.085008,0.5441,17,0.113421361849209
"276","Gobiidae","AT14-2-2",0.861573694,861.5736943,"Sub Recent","Bocas","Punta Donato","orig_df",0.6906409633,2.26435641022898,11,26,0.00987961538461538,2.99819230769231,"AT14-2_2",0.085008,0.5441,17,0.114533561241911
"277","Gobiidae","AT12-1-3-1",0.86196132,861.9613195,"Sub Recent","Bocas","STRI Point","orig_df",0.733038647,2.26543959199248,11,26,0.00987961538461538,2.99819230769231,"AT12-1_4",0.23809,1.15,62,0.114697906186558
"278","Gobiidae","AT14-2-2",0.862321797,862.3217968,"Sub Recent","Bocas","Punta Donato","orig_df",0.617746707,2.26644693625677,11,26,0.00987961538461538,2.99819230769231,"AT14-2_2",0.085008,0.5441,17,0.114850885719484
"279","Gobiidae","AT14-1-2",0.863128582,863.1285824,"Sub Recent","Bocas","Casa Blanca","orig_df",0.7000305016,2.26870157391905,11,26,0.00987961538461538,2.99819230769231,"AT14-1_2",0.255748,0.58385,102,0.115193777129675
"280","Gobiidae","AT14-2-1",0.863633597,863.633597,"Sub Recent","Bocas","Punta Donato","orig_df",1.017736828,2.27011295435158,11,26,0.00987961538461538,2.99819230769231,"AT14-2_1",0.126321,0.6472,39,0.115408770530961
"281","Gobiidae","AT14-2-2",0.864537414,864.5374142,"Sub Recent","Bocas","Punta Donato","orig_df",0.7364552826,2.27263900885507,11,26,0.00987961538461538,2.99819230769231,"AT14-2_2",0.085008,0.5441,17,0.115794227837247
"282","Gobiidae","AT14-2-2",0.86473335,864.7333499,"Sub Recent","Bocas","Punta Donato","orig_df",0.8068775871,2.27318664729071,11,26,0.00987961538461538,2.99819230769231,"AT14-2_2",0.085008,0.5441,17,0.115877906438914
"283","Gobiidae","AT12-1-4-1",0.864970578,864.9705783,"Sub Recent","Bocas","STRI Point","orig_df",0.7078806359,2.27384970680213,11,26,0.00987961538461538,2.99819230769231,"AT12-1_5",0.21289,1.15,85,0.115979275190105
"284","Gobiidae","AT12-1-4-1",0.866783712,866.7837118,"Sub Recent","Bocas","STRI Point","orig_df",0.7401633678,2.27891785136757,11,26,0.00987961538461538,2.99819230769231,"AT12-1_5",0.21289,1.15,85,0.116756047742588
"285","Gobiidae","AT14-2-2",0.867658326,867.6583264,"Sub Recent","Bocas","Punta Donato","orig_df",0.6887051914,2.28136284713662,11,26,0.00987961538461538,2.99819230769231,"AT14-2_2",0.085008,0.5441,17,0.117132018227204
"286","Gobiidae","AT14-2-2",0.869210113,869.2101133,"Sub Recent","Bocas","Punta Donato","orig_df",0.9106622679,2.28570127306537,11,26,0.00987961538461538,2.99819230769231,"AT14-2_2",0.085008,0.5441,17,0.117801128682381
"287","Gobiidae","AT14-2-1",0.869368144,869.3681436,"Sub Recent","Bocas","Punta Donato","orig_df",0.8606712443,2.28614311750263,11,26,0.00987961538461538,2.99819230769231,"AT14-2_1",0.126321,0.6472,39,0.117869416421247
"288","Gobiidae","AT14-2-2",0.870354838,870.354838,"Sub Recent","Bocas","Punta Donato","orig_df",0.6255983502,2.28890196481957,11,26,0.00987961538461538,2.99819230769231,"AT14-2_2",0.085008,0.5441,17,0.11829639725833
"289","Gobiidae","AT14-2-1",0.872392411,872.3924106,"Sub Recent","Bocas","Punta Donato","orig_df",0.6560501965,2.29459974973328,11,26,0.00987961538461538,2.99819230769231,"AT14-2_1",0.126321,0.6472,39,0.119181491531066
"290","Gobiidae","AT14-2-1",0.872637257,872.637257,"Sub Recent","Bocas","Punta Donato","orig_df",0.6832840659,2.29528448364547,11,26,0.00987961538461538,2.99819230769231,"AT14-2_1",0.126321,0.6472,39,0.119288154255367
"291","Gobiidae","AT12-1-4-1",0.87322542,873.2254204,"Sub Recent","Bocas","STRI Point","orig_df",0.7899332752,2.29692938413858,11,26,0.00987961538461538,2.99819230769231,"AT12-1_5",0.21289,1.15,85,0.119544644487231
"292","Gobiidae","AT14-1-2",0.874147638,874.1476377,"Sub Recent","Bocas","Casa Blanca","orig_df",0.7132795693,2.29950866878484,11,26,0.00987961538461538,2.99819230769231,"AT14-1_2",0.255748,0.58385,102,0.119947573359901
"293","Gobiidae","AT14-2-2",0.874942934,874.9429344,"Sub Recent","Bocas","Punta Donato","orig_df",0.7084196763,2.30173311268539,11,26,0.00987961538461538,2.99819230769231,"AT14-2_2",0.085008,0.5441,17,0.12029579601952
"294","Gobiidae","AT12-1-4-1",0.876215569,876.2155691,"Sub Recent","Bocas","STRI Point","orig_df",0.6982533318,2.30529294033051,11,26,0.00987961538461538,2.99819230769231,"AT12-1_5",0.21289,1.15,85,0.120854465356249
"295","Gobiidae","AT12-1-4-1",0.876732711,876.7327111,"Sub Recent","Bocas","STRI Point","orig_df",0.7395829381,2.30673958867899,11,26,0.00987961538461538,2.99819230769231,"AT12-1_5",0.21289,1.15,85,0.121081991497673
"296","Gobiidae","AT14-2-2",0.876931159,876.931159,"Sub Recent","Bocas","Punta Donato","orig_df",0.701014875,2.30729473964563,11,26,0.00987961538461538,2.99819230769231,"AT14-2_2",0.085008,0.5441,17,0.121169380341371
"297","Gobiidae","AT14-2-1",0.877183321,877.183321,"Sub Recent","Bocas","Punta Donato","orig_df",0.762119481,2.30800016500849,11,26,0.00987961538461538,2.99819230769231,"AT14-2_1",0.126321,0.6472,39,0.12128048519202
"298","Gobiidae","AT14-2-2",0.879538523,879.5385226,"Sub Recent","Bocas","Punta Donato","orig_df",0.6682258258,2.31458948162016,11,26,0.00987961538461538,2.99819230769231,"AT14-2_2",0.085008,0.5441,17,0.12232158687115
"299","Gobiidae","AT14-2-1",0.879564035,879.5640354,"Sub Recent","Bocas","Punta Donato","orig_df",0.8840003941,2.31466086447637,11,26,0.00987961538461538,2.99819230769231,"AT14-2_1",0.126321,0.6472,39,0.122332897738776
"300","Gobiidae","AT12-1-4-1",0.881535079,881.5350793,"Sub Recent","Bocas","STRI Point","orig_df",0.7627764889,2.32017626278477,11,26,0.00987961538461538,2.99819230769231,"AT12-1_5",0.21289,1.15,85,0.123208941410292
"301","Gobiidae","AT12-1-4-1",0.882007481,882.0074811,"Sub Recent","Bocas","STRI Point","orig_df",0.750451904,2.3214982594898,11,26,0.00987961538461538,2.99819230769231,"AT12-1_5",0.21289,1.15,85,0.123419541383493
"302","Gobiidae","AT14-2-2",0.882540165,882.5401648,"Sub Recent","Bocas","Punta Donato","orig_df",0.6577886887,2.32298900649249,11,26,0.00987961538461538,2.99819230769231,"AT14-2_2",0.085008,0.5441,17,0.123657311678156
"303","Gobiidae","AT12-1-4-1",0.882831933,882.8319328,"Sub Recent","Bocas","STRI Point","orig_df",0.7220343068,2.32380556024686,11,26,0.00987961538461538,2.99819230769231,"AT12-1_5",0.21289,1.15,85,0.12378767920405
"304","Gobiidae","AT14-2-2",0.887522975,887.5229754,"Sub Recent","Bocas","Punta Donato","orig_df",0.7333084912,2.33693643985751,11,26,0.00987961538461538,2.99819230769231,"AT14-2_2",0.085008,0.5441,17,0.125896697909551
"305","Gobiidae","AT12-1-4-1",0.887737624,887.7376239,"Sub Recent","Bocas","STRI Point","orig_df",0.7089883088,2.33753737747934,11,26,0.00987961538461538,2.99819230769231,"AT12-1_5",0.21289,1.15,85,0.125993786431681
"306","Gobiidae","AT14-2-1",0.889002327,889.002327,"Sub Recent","Bocas","Punta Donato","orig_df",0.7856072164,2.34107826349885,11,26,0.00987961538461538,2.99819230769231,"AT14-2_1",0.126321,0.6472,39,0.126566871511937
"307","Gobiidae","AT14-3-6",0.891548059,891.5480591,"Sub Recent","Bocas","Cayo Adriana","orig_df",0.7275395538,2.3482067102333,11,26,0.00987961538461538,2.99819230769231,"AT14-3_5",0.31401,0.6877,40,0.127725859786015
"308","Gobiidae","AT12-1-3-1",0.891813476,891.8134756,"Sub Recent","Bocas","STRI Point","orig_df",0.7351090945,2.34894999339926,11,26,0.00987961538461538,2.99819230769231,"AT12-1_4",0.23809,1.15,62,0.127847113103374
"309","Gobiidae","AT14-3-6",0.891859068,891.8590683,"Sub Recent","Bocas","Cayo Adriana","orig_df",0.6947480704,2.34907767225855,11,26,0.00987961538461538,2.99819230769231,"AT14-3_5",0.31401,0.6877,40,0.127867949337028
"310","Gobiidae","AT14-2-1",0.89464385,894.6438496,"Sub Recent","Bocas","Punta Donato","orig_df",0.715048738,2.35687714218047,11,26,0.00987961538461538,2.99819230769231,"AT14-2_1",0.126321,0.6472,39,0.129145060647964
"311","Gobiidae","AT14-2-2",0.895196503,895.1965026,"Sub Recent","Bocas","Punta Donato","orig_df",0.9978915796,2.35842516615969,11,26,0.00987961538461538,2.99819230769231,"AT14-2_2",0.085008,0.5441,17,0.129399546114948
"312","Gobiidae","AT14-1-2",0.896059096,896.0590957,"Sub Recent","Bocas","Casa Blanca","orig_df",0.751086918,2.36084147691884,11,26,0.00987961538461538,2.99819230769231,"AT14-1_2",0.255748,0.58385,102,0.129797440125253
"313","Gobiidae","AT14-2-2",0.896783631,896.7836307,"Sub Recent","Bocas","Punta Donato","orig_df",0.5816281801,2.36287117084015,11,26,0.00987961538461538,2.99819230769231,"AT14-2_2",0.085008,0.5441,17,0.130132299393523
"314","Gobiidae","AT14-1-2",0.896939849,896.9398485,"Sub Recent","Bocas","Casa Blanca","orig_df",0.7424088156,2.36330880956478,11,26,0.00987961538461538,2.99819230769231,"AT14-1_2",0.255748,0.58385,102,0.130204576482399
"315","Gobiidae","AT14-2-2",0.897845883,897.8458827,"Sub Recent","Bocas","Punta Donato","orig_df",0.7534918095,2.36584712402448,11,26,0.00987961538461538,2.99819230769231,"AT14-2_2",0.085008,0.5441,17,0.130624312883144
"316","Gobiidae","AT14-2-2",0.900878299,900.8782988,"Sub Recent","Bocas","Punta Donato","orig_df",0.6124743054,2.37434381641785,11,26,0.00987961538461538,2.99819230769231,"AT14-2_2",0.085008,0.5441,17,0.132035888351218
"317","Gobiidae","AT12-1-4-1",0.903032833,903.0328325,"Sub Recent","Bocas","STRI Point","orig_df",0.8051613412,2.38038182263339,11,26,0.00987961538461538,2.99819230769231,"AT12-1_5",0.21289,1.15,85,0.133045151415227
"318","Gobiidae","AT14-1-8",0.903049255,903.0492552,"Sub Recent","Bocas","Casa Blanca","orig_df",0.734171656,2.38042784821541,11,26,0.00987961538461538,2.99819230769231,"AT14-1_5",0.186586,0.6334,63,0.133052864348804
"319","Gobiidae","AT14-3-4",0.903539892,903.5398919,"Sub Recent","Bocas","Cayo Adriana","orig_df",0.7979961501,2.38180297026693,11,26,0.00987961538461538,2.99819230769231,"AT14-3_3",0.207246,0.625,27,0.133283443783357
"320","Gobiidae","AT12-1-3-1",0.904127794,904.1277944,"Sub Recent","Bocas","STRI Point","orig_df",0.7839311763,2.38345076184401,11,26,0.00987961538461538,2.99819230769231,"AT12-1_4",0.23809,1.15,62,0.133560094810418
"321","Gobiidae","AT14-3-4",0.904563439,904.5634391,"Sub Recent","Bocas","Cayo Adriana","orig_df",0.7479299894,2.38467184607001,11,26,0.00987961538461538,2.99819230769231,"AT14-3_3",0.207246,0.625,27,0.13376535178225
"322","Gobiidae","AT14-3-4",0.905035337,905.0353372,"Sub Recent","Bocas","Cayo Adriana","orig_df",0.740353033,2.38599458702528,11,26,0.00987961538461538,2.99819230769231,"AT14-3_3",0.207246,0.625,27,0.133987933738107
"323","Gobiidae","AT12-1-4-1",0.905517508,905.5175083,"Sub Recent","Bocas","STRI Point","orig_df",0.7505113788,2.38734616848509,11,26,0.00987961538461538,2.99819230769231,"AT12-1_5",0.21289,1.15,85,0.134215623610618
"324","Gobiidae","AT14-2-2",0.905916949,905.9169494,"Sub Recent","Bocas","Punta Donato","orig_df",1.001538601,2.38846588259064,11,26,0.00987961538461538,2.99819230769231,"AT14-2_2",0.085008,0.5441,17,0.134404447876328
"325","Gobiidae","AT12-1-4-1",0.906316213,906.316213,"Sub Recent","Bocas","STRI Point","orig_df",0.7555856436,2.38958513172948,11,26,0.00987961538461538,2.99819230769231,"AT12-1_5",0.21289,1.15,85,0.134593370586315
"326","Gobiidae","AT14-2-2",0.907327504,907.327504,"Sub Recent","Bocas","Punta Donato","orig_df",0.8911144043,2.39242020393592,11,26,0.00987961538461538,2.99819230769231,"AT14-2_2",0.085008,0.5441,17,0.135072705941954
"327","Gobiidae","AT14-3-4",0.910725147,910.7251468,"Sub Recent","Bocas","Cayo Adriana","orig_df",0.7716136502,2.4019466825015,11,26,0.00987961538461538,2.99819230769231,"AT14-3_3",0.207246,0.625,27,0.136691712633878
"328","Gobiidae","AT14-2-2",0.911074069,911.0740688,"Sub Recent","Bocas","Punta Donato","orig_df",0.7926555321,2.40292513456885,11,26,0.00987961538461538,2.99819230769231,"AT14-2_2",0.085008,0.5441,17,0.136858727297885
"329","Gobiidae","AT12-1-4-1",0.911584193,911.584193,"Sub Recent","Bocas","STRI Point","orig_df",0.7178143957,2.40435567423738,11,26,0.00987961538461538,2.99819230769231,"AT12-1_5",0.21289,1.15,85,0.137103154725908
"330","Gobiidae","AT14-2-1",0.912554001,912.5540012,"Sub Recent","Bocas","Punta Donato","orig_df",0.66197205,2.40707544437074,11,26,0.00987961538461538,2.99819230769231,"AT14-2_1",0.126321,0.6472,39,0.137568667016232
"331","Gobiidae","AT14-2-1",0.912895733,912.895733,"Sub Recent","Bocas","Punta Donato","orig_df",0.7152025208,2.40803385545146,11,26,0.00987961538461538,2.99819230769231,"AT14-2_1",0.126321,0.6472,39,0.137732958060911
"332","Gobiidae","AT12-1-2-2",0.914917348,914.9173475,"Sub Recent","Bocas","STRI Point","orig_df",0.4948533701,2.41370407868125,11,26,0.00987961538461538,2.99819230769231,"AT12-1_3",0.23893,1.15,73,0.138707625013573
"333","Gobiidae","AT12-1-4-1",0.916446135,916.4461346,"Sub Recent","Bocas","STRI Point","orig_df",0.7150201558,2.41799254479455,11,26,0.00987961538461538,2.99819230769231,"AT12-1_5",0.21289,1.15,85,0.139447823975378
"334","Gobiidae","AT12-1-3-1",0.916630469,916.6304689,"Sub Recent","Bocas","STRI Point","orig_df",0.8032582394,2.41850965859719,11,26,0.00987961538461538,2.99819230769231,"AT12-1_4",0.23809,1.15,62,0.139537256438276
"335","Gobiidae","AT14-2-2",0.917807859,917.8078591,"Sub Recent","Bocas","Punta Donato","orig_df",0.7757225673,2.42181275628327,11,26,0.00987961538461538,2.99819230769231,"AT14-2_2",0.085008,0.5441,17,0.140109414111565
"336","Gobiidae","AT14-2-1",0.918962705,918.9627049,"Sub Recent","Bocas","Punta Donato","orig_df",0.5432132353,2.42505286843553,11,26,0.00987961538461538,2.99819230769231,"AT14-2_1",0.126321,0.6472,39,0.14067217857498
"337","Gobiidae","AT14-2-2",0.92027999,920.2799898,"Sub Recent","Bocas","Punta Donato","orig_df",0.6806275043,2.42874904452193,11,26,0.00987961538461538,2.99819230769231,"AT14-2_2",0.085008,0.5441,17,0.141315992417266
"338","Gobiidae","AT14-2-1",0.920730753,920.7307525,"Sub Recent","Bocas","Punta Donato","orig_df",0.7113426423,2.43001391936925,11,26,0.00987961538461538,2.99819230769231,"AT14-2_1",0.126321,0.6472,39,0.141536763234575
"339","Gobiidae","AT12-1-3-1",0.921241356,921.2413558,"Sub Recent","Bocas","STRI Point","orig_df",0.7831085902,2.43144675705432,11,26,0.00987961538461538,2.99819230769231,"AT12-1_4",0.23809,1.15,62,0.141787127764527
"340","Gobiidae","AT14-2-2",0.921351231,921.3512308,"Sub Recent","Bocas","Punta Donato","orig_df",0.6880146785,2.43175509130579,11,26,0.00987961538461538,2.99819230769231,"AT14-2_2",0.085008,0.5441,17,0.141841042604457
"341","Gobiidae","AT14-2-2",0.923200222,923.2002223,"Sub Recent","Bocas","Punta Donato","orig_df",0.650103059,2.436944129375,11,26,0.00987961538461538,2.99819230769231,"AT14-2_2",0.085008,0.5441,17,0.142750440578433
"342","Gobiidae","AT12-1-3-1",0.923417487,923.4174865,"Sub Recent","Bocas","STRI Point","orig_df",0.7724355765,2.43755390853937,11,26,0.00987961538461538,2.99819230769231,"AT12-1_4",0.23809,1.15,62,0.142857561060621
"343","Gobiidae","AT12-1-4-1",0.924613956,924.6139555,"Sub Recent","Bocas","STRI Point","orig_df",0.7959014189,2.4409120986411,11,26,0.00987961538461538,2.99819230769231,"AT12-1_5",0.21289,1.15,85,0.143448457549275
"344","Gobiidae","AT14-2-2",0.925314446,925.3144464,"Sub Recent","Bocas","Punta Donato","orig_df",0.8104907812,2.44287832694469,11,26,0.00987961538461538,2.99819230769231,"AT14-2_2",0.085008,0.5441,17,0.143795183738101
"345","Gobiidae","AT14-2-2",0.92631031,926.3103096,"Sub Recent","Bocas","Punta Donato","orig_df",0.5798435793,2.44567381221311,11,26,0.00987961538461538,2.99819230769231,"AT14-2_2",0.085008,0.5441,17,0.144289102625702
"346","Gobiidae","AT12-1-3-1",0.928299981,928.2999808,"Sub Recent","Bocas","STRI Point","orig_df",0.7622216943,2.45125957755426,11,26,0.00987961538461538,2.99819230769231,"AT12-1_4",0.23809,1.15,62,0.145279404951331
"347","Gobiidae","AT14-2-2",0.929479527,929.4795266,"Sub Recent","Bocas","Punta Donato","orig_df",1.116378997,2.45457137061968,11,26,0.00987961538461538,2.99819230769231,"AT14-2_2",0.085008,0.5441,17,0.145868687420489
"348","Gobiidae","AT14-1-8",0.931168049,931.1680488,"Sub Recent","Bocas","Casa Blanca","orig_df",0.7915127634,2.45931267020319,11,26,0.00987961538461538,2.99819230769231,"AT14-1_5",0.186586,0.6334,63,0.146715098144754
"349","Gobiidae","AT14-2-2",0.933996303,933.9963034,"Sub Recent","Bocas","Punta Donato","orig_df",0.7121579407,2.46725550747097,11,26,0.00987961538461538,2.99819230769231,"AT14-2_2",0.085008,0.5441,17,0.14814036711094
"350","Gobiidae","AT12-1-4-1",0.934238064,934.2380643,"Sub Recent","Bocas","STRI Point","orig_df",0.8402549656,2.46793453702165,11,26,0.00987961538461538,2.99819230769231,"AT12-1_5",0.21289,1.15,85,0.148262639067385
"351","Gobiidae","AT14-2-1",0.934605248,934.6052482,"Sub Recent","Bocas","Punta Donato","orig_df",0.6034496008,2.46896586103504,11,26,0.00987961538461538,2.99819230769231,"AT14-2_1",0.126321,0.6472,39,0.148448476850739
"352","Gobiidae","AT14-2-2",0.934831714,934.8317143,"Sub Recent","Bocas","Punta Donato","orig_df",0.732162681,2.46960195769233,11,26,0.00987961538461538,2.99819230769231,"AT14-2_2",0.085008,0.5441,17,0.148563174639232
"353","Gobiidae","AT12-1-3-1",0.935353079,935.3530786,"Sub Recent","Bocas","STRI Point","orig_df",0.7674847994,2.47106640233855,11,26,0.00987961538461538,2.99819230769231,"AT12-1_4",0.23809,1.15,62,0.148827460500542
"354","Gobiidae","AT14-2-2",0.93580818,935.8081801,"Sub Recent","Bocas","Punta Donato","orig_df",0.968128997,2.47234476245612,11,26,0.00987961538461538,2.99819230769231,"AT14-2_2",0.085008,0.5441,17,0.149058419987257
"355","Gobiidae","AT14-3-6",0.939297984,939.2979844,"Sub Recent","Bocas","Cayo Adriana","orig_df",0.7507849676,2.48214878460436,11,26,0.00987961538461538,2.99819230769231,"AT14-3_5",0.31401,0.6877,40,0.150837644445482
"356","Gobiidae","AT14-1-2",0.939477128,939.4771283,"Sub Recent","Bocas","Casa Blanca","orig_df",0.8176684737,2.48265212201819,11,26,0.00987961538461538,2.99819230769231,"AT14-1_2",0.255748,0.58385,102,0.150929369634453
"357","Gobiidae","AT14-2-2",0.939479916,939.479916,"Sub Recent","Bocas","Punta Donato","orig_df",0.8224570985,2.48265995545556,11,26,0.00987961538461538,2.99819230769231,"AT14-2_2",0.085008,0.5441,17,0.150930797446753
"358","Gobiidae","AT14-2-2",0.940568847,940.5688467,"Sub Recent","Bocas","Punta Donato","orig_df",0.9377953626,2.48571963482347,11,26,0.00987961538461538,2.99819230769231,"AT14-2_2",0.085008,0.5441,17,0.151489178495903
"359","Gobiidae","AT14-2-1",0.942593826,942.5938262,"Sub Recent","Bocas","Punta Donato","orig_df",0.8412174003,2.49141001818974,11,26,0.00987961538461538,2.99819230769231,"AT14-2_1",0.126321,0.6472,39,0.15253131210283
"360","Gobiidae","AT12-1-1-1",0.94286711,942.8671101,"Sub Recent","Bocas","STRI Point","orig_df",0.8894698224,2.49217803143426,11,26,0.00987961538461538,2.99819230769231,"AT12-1_1",0.1563,0.85,34,0.152672330490394
"361","Gobiidae","AT14-2-1",0.942994789,942.9947887,"Sub Recent","Bocas","Punta Donato","orig_df",0.827189967,2.49253685405696,11,26,0.00987961538461538,2.99819230769231,"AT14-2_1",0.126321,0.6472,39,0.152738245306517
"362","Gobiidae","AT12-1-4-1",0.947289094,947.2890937,"Sub Recent","Bocas","STRI Point","orig_df",0.8151224648,2.50460713917704,11,26,0.00987961538461538,2.99819230769231,"AT12-1_5",0.21289,1.15,85,0.154966591824357
"363","Gobiidae","AT12-1-3-1",0.947358563,947.3585628,"Sub Recent","Bocas","STRI Point","orig_df",0.8186865129,2.50480242874223,11,26,0.00987961538461538,2.99819230769231,"AT12-1_4",0.23809,1.15,62,0.155002822032028
"364","Gobiidae","AT14-2-2",0.950541556,950.5415559,"Sub Recent","Bocas","Punta Donato","orig_df",0.7503549874,2.51375135166072,11,26,0.00987961538461538,2.99819230769231,"AT14-2_2",0.085008,0.5441,17,0.156669093134407
"365","Gobiidae","AT12-1-3-1",0.95138162,951.3816204,"Sub Recent","Bocas","STRI Point","orig_df",0.7727511274,2.51611349159784,11,26,0.00987961538461538,2.99819230769231,"AT12-1_4",0.23809,1.15,62,0.157110901351101
"366","Gobiidae","AT12-1-3-1",0.9544432,954.4432004,"Sub Recent","Bocas","STRI Point","orig_df",0.8462395051,2.5247233326008,11,26,0.00987961538461538,2.99819230769231,"AT12-1_4",0.23809,1.15,62,0.158728290868571
"367","Gobiidae","AT14-2-2",0.954543793,954.5437928,"Sub Recent","Bocas","Punta Donato","orig_df",0.5845713762,2.52500625206078,11,26,0.00987961538461538,2.99819230769231,"AT14-2_2",0.085008,0.5441,17,0.158781625767238
"368","Gobiidae","AT14-2-2",0.956548679,956.5486787,"Sub Recent","Bocas","Punta Donato","orig_df",0.6554897898,2.53064541978637,11,26,0.00987961538461538,2.99819230769231,"AT14-2_2",0.085008,0.5441,17,0.159847193273673
"369","Gobiidae","AT12-1-4-1",0.957364971,957.364971,"Sub Recent","Bocas","STRI Point","orig_df",0.8028214398,2.53294162862725,11,26,0.00987961538461538,2.99819230769231,"AT12-1_5",0.21289,1.15,85,0.160282442725619
"370","Gobiidae","AT14-2-2",0.957432566,957.4325655,"Sub Recent","Bocas","Punta Donato","orig_df",0.7979935616,2.53313177721222,11,26,0.00987961538461538,2.99819230769231,"AT14-2_2",0.085008,0.5441,17,0.160318521014116
"371","Gobiidae","AT12-1-4-1",0.960072325,960.072325,"Sub Recent","Bocas","STRI Point","orig_df",0.7642492377,2.54055823299899,11,26,0.00987961538461538,2.99819230769231,"AT12-1_5",0.21289,1.15,85,0.161731834362859
"372","Gobiidae","AT14-2-2",0.961239297,961.2392971,"Sub Recent","Bocas","Punta Donato","orig_df",0.9131519964,2.54384169678321,11,26,0.00987961538461538,2.99819230769231,"AT14-2_2",0.085008,0.5441,17,0.162359341596185
"373","Gobiidae","AT12-1-2-1",0.965037373,965.0373726,"Sub Recent","Bocas","STRI Point","orig_df",0.8730467157,2.55452993954533,11,26,0.00987961538461538,2.99819230769231,"AT12-1_2",0.261,1.15,93,0.164413220365954
"374","Gobiidae","AT14-1-8",0.96522458,965.2245802,"Sub Recent","Bocas","Casa Blanca","orig_df",0.7955488866,2.55505683144179,11,26,0.00987961538461538,2.99819230769231,"AT14-1_5",0.186586,0.6334,63,0.164514914578158
"375","Gobiidae","AT14-1-8",0.965700991,965.7009912,"Sub Recent","Bocas","Casa Blanca","orig_df",0.8083450576,2.5563977137353,11,26,0.00987961538461538,2.99819230769231,"AT14-1_5",0.186586,0.6334,63,0.164773904308334
"376","Gobiidae","AT12-1-4-1",0.966617104,966.6171035,"Sub Recent","Bocas","STRI Point","orig_df",0.8316475667,2.55897627657269,11,26,0.00987961538461538,2.99819230769231,"AT12-1_5",0.21289,1.15,85,0.165272713912886
"377","Gobiidae","AT14-2-1",0.966732036,966.7320358,"Sub Recent","Bocas","Punta Donato","orig_df",0.7636566278,2.55929978402412,11,26,0.00987961538461538,2.99819230769231,"AT14-2_1",0.126321,0.6472,39,0.165335365708986
"378","Gobiidae","AT12-1-3-1",0.966995325,966.9953246,"Sub Recent","Bocas","STRI Point","orig_df",0.7580616913,2.56004089187033,11,26,0.00987961538461538,2.99819230769231,"AT12-1_4",0.23809,1.15,62,0.165478951391862
"379","Gobiidae","AT12-1-4-1",0.968209822,968.2098224,"Sub Recent","Bocas","STRI Point","orig_df",0.7941056811,2.56345963224427,11,26,0.00987961538461538,2.99819230769231,"AT12-1_5",0.21289,1.15,85,0.166142390056535
"380","Gobiidae","AT14-2-2",0.968988429,968.9884292,"Sub Recent","Bocas","Punta Donato","orig_df",0.605622336,2.56565150959892,11,26,0.00987961538461538,2.99819230769231,"AT14-2_2",0.085008,0.5441,17,0.166568675653956
"381","Gobiidae","AT14-1-8",0.969283265,969.2832649,"Sub Recent","Bocas","Casa Blanca","orig_df",0.8489670908,2.56648153937212,11,26,0.00987961538461538,2.99819230769231,"AT14-1_5",0.186586,0.6334,63,0.166730293453598
"382","Gobiidae","AT12-1-4-1",0.969407701,969.4077005,"Sub Recent","Bocas","STRI Point","orig_df",0.8695455603,2.56683185954184,11,26,0.00987961538461538,2.99819230769231,"AT12-1_5",0.21289,1.15,85,0.166798536785639
"383","Gobiidae","AT12-1-4-1",0.969510278,969.5102783,"Sub Recent","Bocas","STRI Point","orig_df",0.8215241548,2.56712064299779,11,26,0.00987961538461538,2.99819230769231,"AT12-1_5",0.21289,1.15,85,0.166854806592691
"384","Gobiidae","AT12-1-4-1",0.970254109,970.2541094,"Sub Recent","Bocas","STRI Point","orig_df",0.7740884828,2.56921479680456,11,26,0.00987961538461538,2.99819230769231,"AT12-1_5",0.21289,1.15,85,0.167263233565689
"385","Gobiidae","AT14-2-2",0.97165537,971.6553699,"Sub Recent","Bocas","Punta Donato","orig_df",0.84388465,2.57316013001564,11,26,0.00987961538461538,2.99819230769231,"AT14-2_2",0.085008,0.5441,17,0.168034508797206
"386","Gobiidae","AT14-2-1",0.972395055,972.3950551,"Sub Recent","Bocas","Punta Donato","orig_df",0.9436753053,2.57524290200491,11,26,0.00987961538461538,2.99819230769231,"AT14-2_1",0.126321,0.6472,39,0.168442625193732
"387","Gobiidae","AT12-1-2-2",0.972399268,972.3992678,"Sub Recent","Bocas","STRI Point","orig_df",0.8932060285,2.57525476506917,11,26,0.00987961538461538,2.99819230769231,"AT12-1_3",0.23893,1.15,73,0.168444951635413
"388","Gobiidae","AT12-1-1-1",0.972491204,972.4912042,"Sub Recent","Bocas","STRI Point","orig_df",0.8894880051,2.57551364142479,11,26,0.00987961538461538,2.99819230769231,"AT12-1_1",0.1563,0.85,34,0.168495724689629
"389","Gobiidae","AT14-2-2",0.972844496,972.8444964,"Sub Recent","Bocas","Punta Donato","orig_df",0.9991352398,2.57650846683856,11,26,0.00987961538461538,2.99819230769231,"AT14-2_2",0.085008,0.5441,17,0.168690933303453
"390","Gobiidae","AT14-1-8",0.973935833,973.9358331,"Sub Recent","Bocas","Casa Blanca","orig_df",0.7595013957,2.57958167751437,11,26,0.00987961538461538,2.99819230769231,"AT14-1_5",0.186586,0.6334,63,0.169294922864871
"391","Gobiidae","AT14-2-2",0.974693969,974.6939688,"Sub Recent","Bocas","Punta Donato","orig_df",0.6459701547,2.58171672064189,11,26,0.00987961538461538,2.99819230769231,"AT14-2_2",0.085008,0.5441,17,0.169715378198668
"392","Gobiidae","AT14-2-2",0.974979077,974.9790768,"Sub Recent","Bocas","Punta Donato","orig_df",0.7056195504,2.58251966164437,11,26,0.00987961538461538,2.99819230769231,"AT14-2_2",0.085008,0.5441,17,0.169873681754919
"393","Gobiidae","AT12-1-2-2",0.975124358,975.1243577,"Sub Recent","Bocas","STRI Point","orig_df",0.8358727008,2.58292881782389,11,26,0.00987961538461538,2.99819230769231,"AT12-1_3",0.23893,1.15,73,0.169954386636719
"394","Gobiidae","AT14-2-2",0.976670175,976.6701752,"Sub Recent","Bocas","Punta Donato","orig_df",0.6454308319,2.58728255467716,11,26,0.00987961538461538,2.99819230769231,"AT14-2_2",0.085008,0.5441,17,0.170814731903574
"395","Gobiidae","AT12-1-4-1",0.978488752,978.4887522,"Sub Recent","Bocas","STRI Point","orig_df",0.757030401,2.59240506791049,11,26,0.00987961538461538,2.99819230769231,"AT12-1_5",0.21289,1.15,85,0.171830706452997
"396","Gobiidae","AT14-2-2",0.979147644,979.1476443,"Sub Recent","Bocas","Punta Donato","orig_df",0.7762279211,2.59426116380691,11,26,0.00987961538461538,2.99819230769231,"AT14-2_2",0.085008,0.5441,17,0.172199827182609
"397","Gobiidae","AT12-1-4-1",0.980553567,980.553567,"Sub Recent","Bocas","STRI Point","orig_df",0.8667122753,2.59822190679189,11,26,0.00987961538461538,2.99819230769231,"AT12-1_5",0.21289,1.15,85,0.172989264128678
"398","Gobiidae","AT12-1-3-1",0.98104835,981.0483504,"Sub Recent","Bocas","STRI Point","orig_df",0.877920242,2.59961588672185,11,26,0.00987961538461538,2.99819230769231,"AT12-1_4",0.23809,1.15,62,0.173267678526746
"399","Gobiidae","AT12-1-2-2",0.981464337,981.4643367,"Sub Recent","Bocas","STRI Point","orig_df",0.8771207326,2.60078790465927,11,26,0.00987961538461538,2.99819230769231,"AT12-1_3",0.23893,1.15,73,0.173501992250097
"400","Gobiidae","AT12-1-2-2",0.982460614,982.460614,"Sub Recent","Bocas","STRI Point","orig_df",0.8642661762,2.60359498187551,11,26,0.00987961538461538,2.99819230769231,"AT12-1_3",0.23893,1.15,73,0.174064050863846
"401","Gobiidae","AT14-1-8",0.982489098,982.4890978,"Sub Recent","Bocas","Casa Blanca","orig_df",0.7995282756,2.60367524010216,11,26,0.00987961538461538,2.99819230769231,"AT14-1_5",0.186586,0.6334,63,0.174080138716536
"402","Gobiidae","AT12-1-3-1",0.983110047,983.1100465,"Sub Recent","Bocas","STRI Point","orig_df",0.8331638188,2.60542489980436,11,26,0.00987961538461538,2.99819230769231,"AT12-1_4",0.23809,1.15,62,0.174431106322787
"403","Gobiidae","AT12-1-2-2",0.983150257,983.150257,"Sub Recent","Bocas","STRI Point","orig_df",0.8259017125,2.60553820268902,11,26,0.00987961538461538,2.99819230769231,"AT12-1_3",0.23893,1.15,73,0.174453850210241
"404","Gobiidae","AT12-1-2-2",0.983657712,983.657712,"Sub Recent","Bocas","STRI Point","orig_df",0.8796290124,2.6069681237998,11,26,0.00987961538461538,2.99819230769231,"AT12-1_3",0.23893,1.15,73,0.174741055729144
"405","Gobiidae","AT12-1-4-1",0.983887385,983.8873846,"Sub Recent","Bocas","STRI Point","orig_df",0.8587710323,2.60761531823776,11,26,0.00987961538461538,2.99819230769231,"AT12-1_5",0.21289,1.15,85,0.174871150910322
"406","Gobiidae","AT14-2-2",0.984753699,984.7536988,"Sub Recent","Bocas","Punta Donato","orig_df",0.6218550124,2.61005658623975,11,26,0.00987961538461538,2.99819230769231,"AT14-2_2",0.085008,0.5441,17,0.175362461073262
"407","Gobiidae","AT14-2-1",0.984907368,984.9073677,"Sub Recent","Bocas","Punta Donato","orig_df",0.5875015157,2.6104896388068,11,26,0.00987961538461538,2.99819230769231,"AT14-2_1",0.126321,0.6472,39,0.175449709740465
"408","Gobiidae","AT12-1-4-1",0.984956946,984.9569461,"Sub Recent","Bocas","STRI Point","orig_df",0.814613111,2.61062935482148,11,26,0.00987961538461538,2.99819230769231,"AT12-1_5",0.21289,1.15,85,0.175477865002765
"409","Gobiidae","AT12-1-2-2",0.985337396,985.3373961,"Sub Recent","Bocas","STRI Point","orig_df",0.9048965856,2.61170151770593,11,26,0.00987961538461538,2.99819230769231,"AT12-1_3",0.23893,1.15,73,0.175694025119828
"410","Gobiidae","AT14-2-1",0.986079086,986.0790861,"Sub Recent","Bocas","Punta Donato","orig_df",0.8692320273,2.61379178218469,11,26,0.00987961538461538,2.99819230769231,"AT14-2_1",0.126321,0.6472,39,0.176115956088174
"411","Gobiidae","AT14-2-1",0.98611173,986.1117296,"Sub Recent","Bocas","Punta Donato","orig_df",0.5860274322,2.61388378327443,11,26,0.00987961538461538,2.99819230769231,"AT14-2_1",0.126321,0.6472,39,0.176134542495312
"412","Gobiidae","AT14-1-8",0.986457646,986.4576455,"Sub Recent","Bocas","Casa Blanca","orig_df",0.8239771719,2.61485869551577,11,26,0.00987961538461538,2.99819230769231,"AT14-1_5",0.186586,0.6334,63,0.176331578274098
"413","Gobiidae","AT12-1-2-2",0.986623988,986.6239881,"Sub Recent","Bocas","STRI Point","orig_df",0.8684778071,2.61532751313303,11,26,0.00987961538461538,2.99819230769231,"AT12-1_3",0.23893,1.15,73,0.176426381490178
"414","Gobiidae","AT12-1-2-1",0.988040507,988.0405068,"Sub Recent","Bocas","STRI Point","orig_df",0.9333313068,2.61932002696437,11,26,0.00987961538461538,2.99819230769231,"AT12-1_2",0.261,1.15,93,0.177235115259312
"415","Gobiidae","AT12-1-2-2",0.988746249,988.7462487,"Sub Recent","Bocas","STRI Point","orig_df",0.8686484089,2.62130932333785,11,26,0.00987961538461538,2.99819230769231,"AT12-1_3",0.23893,1.15,73,0.177638992777612
"416","Gobiidae","AT14-2-2",0.989210083,989.2100828,"Sub Recent","Bocas","Punta Donato","orig_df",0.9158758279,2.62261679520071,11,26,0.00987961538461538,2.99819230769231,"AT14-2_2",0.085008,0.5441,17,0.177904776434821
"417","Gobiidae","AT14-2-1",0.99098403,990.9840295,"Sub Recent","Bocas","Punta Donato","orig_df",0.6105390796,2.62761761795265,11,26,0.00987961538461538,2.99819230769231,"AT14-2_1",0.126321,0.6472,39,0.178923792008569
"418","Gobiidae","AT14-1-2",0.991872607,991.872607,"Sub Recent","Bocas","Casa Blanca","orig_df",0.8420734708,2.63012276252126,11,26,0.00987961538461538,2.99819230769231,"AT14-1_2",0.255748,0.58385,102,0.179435723469115
"419","Gobiidae","AT14-2-1",0.992396637,992.3966368,"Sub Recent","Bocas","Punta Donato","orig_df",1.071073556,2.63160021470726,11,26,0.00987961538461538,2.99819230769231,"AT14-2_1",0.126321,0.6472,39,0.179738101008815
"420","Gobiidae","AT14-1-2",0.998764457,998.7644573,"Sub Recent","Bocas","Casa Blanca","orig_df",0.8074974551,2.64955760579124,11,26,0.00987961538461538,2.99819230769231,"AT14-1_2",0.255748,0.58385,102,0.183440476240537
"421","Gobiidae","AT12-1-2-2",0.999352088,999.3520877,"Sub Recent","Bocas","STRI Point","orig_df",0.8561013793,2.65121510363093,11,26,0.00987961538461538,2.99819230769231,"AT12-1_3",0.23893,1.15,73,0.183784751385334
"422","Gobiidae","AT12-1-2-1",0.999408829,999.4088291,"Sub Recent","Bocas","STRI Point","orig_df",0.8919788285,2.6513751530542,11,26,0.00987961538461538,2.99819230769231,"AT12-1_2",0.261,1.15,93,0.183818017670245
"423","Gobiidae","AT12-1-2-1",0.999454934,999.4549338,"Sub Recent","Bocas","STRI Point","orig_df",0.8977109467,2.65150520191957,11,26,0.00987961538461538,2.99819230769231,"AT12-1_2",0.261,1.15,93,0.183845051291926
"424","Gobiidae","AT12-1-2-2",0.999579428,999.5794278,"Sub Recent","Bocas","STRI Point","orig_df",0.8406041064,2.65185636536869,11,26,0.00987961538461538,2.99819230769231,"AT12-1_3",0.23893,1.15,73,0.183918061858155
"425","Gobiidae","AT12-1-4-1",0.999580331,999.5803314,"Sub Recent","Bocas","STRI Point","orig_df",0.9153296355,2.65185891249427,11,26,0.00987961538461538,2.99819230769231,"AT12-1_5",0.21289,1.15,85,0.183918591502872
"426","Gobiidae","AT14-2-2",1.00025748,1000.25748,"Sub Recent","Bocas","Punta Donato","orig_df",0.6834531528,2.65376901274546,11,26,0.00987961538461538,2.99819230769231,"AT14-2_2",0.085008,0.5441,17,0.18431606059391
"427","Gobiidae","AT12-1-2-2",1.001191568,1001.191568,"Sub Recent","Bocas","STRI Point","orig_df",0.8648287189,2.65640402009252,11,26,0.00987961538461538,2.99819230769231,"AT12-1_3",0.23893,1.15,73,0.1848653132174
"428","Gobiidae","AT14-3-6",1.001335632,1001.335632,"Sub Recent","Bocas","Cayo Adriana","orig_df",0.8883431598,2.65681043001027,11,26,0.00987961538461538,2.99819230769231,"AT14-3_5",0.31401,0.6877,40,0.184950124077464
"429","Gobiidae","AT14-2-2",1.001841984,1001.841984,"Sub Recent","Bocas","Punta Donato","orig_df",0.9054338455,2.65823889722329,11,26,0.00987961538461538,2.99819230769231,"AT14-2_2",0.085008,0.5441,17,0.185248426715171
"430","Gobiidae","AT14-1-2",1.002148863,1002.148863,"Sub Recent","Bocas","Casa Blanca","orig_df",0.9001522709,2.65910465432847,11,26,0.00987961538461538,2.99819230769231,"AT14-1_2",0.255748,0.58385,102,0.185429376211572
"431","Gobiidae","AT14-2-2",1.002780403,1002.780403,"Sub Recent","Bocas","Punta Donato","orig_df",1.202705826,2.6608863872883,11,26,0.00987961538461538,2.99819230769231,"AT14-2_2",0.085008,0.5441,17,0.185802141882589
"432","Gobiidae","AT12-1-1-1",1.004068399,1004.068399,"Sub Recent","Bocas","STRI Point","orig_df",0.909324138,2.66452036739167,11,26,0.00987961538461538,2.99819230769231,"AT12-1_1",0.1563,0.85,34,0.18656397326936
"433","Gobiidae","AT12-1-3-1",1.00431498,1004.31498,"Sub Recent","Bocas","STRI Point","orig_df",0.8682059775,2.6652161100535,11,26,0.00987961538461538,2.99819230769231,"AT12-1_4",0.23809,1.15,62,0.186710066519473
"434","Gobiidae","AT12-1-3-1",1.004507708,1004.507708,"Sub Recent","Bocas","STRI Point","orig_df",0.8475248361,2.66575991085848,11,26,0.00987961538461538,2.99819230769231,"AT12-1_4",0.23809,1.15,62,0.186824307826817
"435","Gobiidae","AT12-1-4-1",1.005844514,1005.844514,"Sub Recent","Bocas","STRI Point","orig_df",0.8080827707,2.66953202059567,11,26,0.00987961538461538,2.99819230769231,"AT12-1_5",0.21289,1.15,85,0.187618032699008
"436","Gobiidae","AT14-2-1",1.006298203,1006.298203,"Sub Recent","Bocas","Punta Donato","orig_df",0.755596452,2.67081228193988,11,26,0.00987961538461538,2.99819230769231,"AT14-2_1",0.126321,0.6472,39,0.187887934409448
"437","Gobiidae","AT12-1-4-1",1.00701751,1007.01751,"Sub Recent","Bocas","STRI Point","orig_df",0.8098202428,2.67284216338981,11,26,0.00987961538461538,2.99819230769231,"AT12-1_5",0.21289,1.15,85,0.188316399478668
"438","Gobiidae","AT12-1-3-1",1.007445062,1007.445062,"Sub Recent","Bocas","STRI Point","orig_df",0.8583417716,2.67404875685924,11,26,0.00987961538461538,2.99819230769231,"AT12-1_4",0.23809,1.15,62,0.188571394173402
"439","Gobiidae","AT14-2-1",1.008119013,1008.119013,"Sub Recent","Bocas","Punta Donato","orig_df",0.6100172107,2.67595077810009,11,26,0.00987961538461538,2.99819230769231,"AT14-2_1",0.126321,0.6472,39,0.188973823786897
"440","Gobiidae","AT12-1-1-1",1.00817163,1008.17163,"Sub Recent","Bocas","STRI Point","orig_df",0.8464974869,2.67609927692669,11,26,0.00987961538461538,2.99819230769231,"AT12-1_1",0.1563,0.85,34,0.189005267231492
"441","Gobiidae","AT14-3-4",1.008746132,1008.746132,"Sub Recent","Bocas","Cayo Adriana","orig_df",0.8735312336,2.67772070252155,11,26,0.00987961538461538,2.99819230769231,"AT14-3_3",0.207246,0.625,27,0.189348818113117
"442","Gobiidae","AT14-3-6",1.008821079,1008.821079,"Sub Recent","Bocas","Cayo Adriana","orig_df",0.7829760796,2.67793223086821,11,26,0.00987961538461538,2.99819230769231,"AT14-3_5",0.31401,0.6877,40,0.189393667825136
"443","Gobiidae","AT14-2-2",1.0093281,1009.3281,"Sub Recent","Bocas","Punta Donato","orig_df",0.767282525,2.67936325905906,11,26,0.00987961538461538,2.99819230769231,"AT14-2_2",0.085008,0.5441,17,0.189697270360715
"444","Gobiidae","AT14-2-2",1.009890196,1009.890196,"Sub Recent","Bocas","Punta Donato","orig_df",0.6517671411,2.68094978537938,11,26,0.00987961538461538,2.99819230769231,"AT14-2_2",0.085008,0.5441,17,0.190034241845108
"445","Gobiidae","AT14-2-2",1.010162367,1010.162367,"Sub Recent","Bocas","Punta Donato","orig_df",0.724800951,2.68171801311098,11,26,0.00987961538461538,2.99819230769231,"AT14-2_2",0.085008,0.5441,17,0.190197553424059
"446","Gobiidae","AT14-1-2",1.011330843,1011.330843,"Sub Recent","Bocas","Casa Blanca","orig_df",0.7743034356,2.68501629299246,11,26,0.00987961538461538,2.99819230769231,"AT14-1_2",0.255748,0.58385,102,0.190899772075475
"447","Gobiidae","AT14-2-2",1.011441006,1011.441006,"Sub Recent","Bocas","Punta Donato","orig_df",0.8642037244,2.6853272646657,11,26,0.00987961538461538,2.99819230769231,"AT14-2_2",0.085008,0.5441,17,0.190966068339125
"448","Gobiidae","AT14-1-2",1.011736837,1011.736837,"Sub Recent","Bocas","Casa Blanca","orig_df",0.8289214639,2.68616235656201,11,26,0.00987961538461538,2.99819230769231,"AT14-1_2",0.255748,0.58385,102,0.191144178079107
"449","Gobiidae","AT14-2-2",1.012328124,1012.328124,"Sub Recent","Bocas","Punta Donato","orig_df",0.6739252661,2.68783152804971,11,26,0.00987961538461538,2.99819230769231,"AT14-2_2",0.085008,0.5441,17,0.191500513386426
"450","Gobiidae","AT14-1-8",1.012434841,1012.434841,"Sub Recent","Bocas","Casa Blanca","orig_df",0.8315976508,2.68813279098579,11,26,0.00987961538461538,2.99819230769231,"AT14-1_5",0.186586,0.6334,63,0.191564874229034
"451","Gobiidae","AT14-2-2",1.012723253,1012.723253,"Sub Recent","Bocas","Punta Donato","orig_df",0.7617580492,2.68894699039213,11,26,0.00987961538461538,2.99819230769231,"AT14-2_2",0.085008,0.5441,17,0.19173888929225
"452","Gobiidae","AT14-2-2",1.014365886,1014.365886,"Sub Recent","Bocas","Punta Donato","orig_df",0.8339909347,2.69358449303844,11,26,0.00987961538461538,2.99819230769231,"AT14-2_2",0.085008,0.5441,17,0.192732050477152
"453","Gobiidae","AT14-1-2",1.014596565,1014.596565,"Sub Recent","Bocas","Casa Blanca","orig_df",0.8717020903,2.69423578700956,11,26,0.00987961538461538,2.99819230769231,"AT14-1_2",0.255748,0.58385,102,0.192871804652927
"454","Gobiidae","AT14-2-1",1.015018108,1015.018108,"Sub Recent","Bocas","Punta Donato","orig_df",0.8751585511,2.69542598635369,11,26,0.00987961538461538,2.99819230769231,"AT14-2_1",0.126321,0.6472,39,0.193127371197568
"455","Gobiidae","AT12-1-2-2",1.015876537,1015.876537,"Sub Recent","Bocas","STRI Point","orig_df",0.8787733247,2.69784980163432,11,26,0.00987961538461538,2.99819230769231,"AT12-1_3",0.23893,1.15,73,0.193648524558591
"456","Gobiidae","AT12-1-4-1",1.015891295,1015.891295,"Sub Recent","Bocas","STRI Point","orig_df",0.8342270492,2.69789147268497,11,26,0.00987961538461538,2.99819230769231,"AT12-1_5",0.21289,1.15,85,0.19365749258881
"457","Gobiidae","AT14-1-2",1.016295545,1016.295545,"Sub Recent","Bocas","Casa Blanca","orig_df",0.8502387125,2.69903293778063,11,26,0.00987961538461538,2.99819230769231,"AT14-1_2",0.255748,0.58385,102,0.193903255034048
"458","Gobiidae","AT12-1-4-1",1.016625969,1016.625969,"Sub Recent","Bocas","STRI Point","orig_df",0.9524787648,2.69996596458055,11,26,0.00987961538461538,2.99819230769231,"AT12-1_5",0.21289,1.15,85,0.194104294122169
"459","Gobiidae","AT12-1-2-2",1.016696855,1016.696855,"Sub Recent","Bocas","STRI Point","orig_df",0.8241036312,2.70016612971172,11,26,0.00987961538461538,2.99819230769231,"AT12-1_3",0.23893,1.15,73,0.194147441750813
"460","Gobiidae","AT12-1-1-1",1.016847494,1016.847494,"Sub Recent","Bocas","STRI Point","orig_df",0.8842369598,2.70059150119436,11,26,0.00987961538461538,2.99819230769231,"AT12-1_1",0.1563,0.85,34,0.194239156122816
"461","Gobiidae","AT14-2-2",1.01715041,1017.15041,"Sub Recent","Bocas","Punta Donato","orig_df",0.7902178869,2.70144688157501,11,26,0.00987961538461538,2.99819230769231,"AT14-2_2",0.085008,0.5441,17,0.19442367214459
"462","Gobiidae","AT12-1-2-2",1.017270583,1017.270583,"Sub Recent","Bocas","STRI Point","orig_df",0.905016854,2.7017862330074,11,26,0.00987961538461538,2.99819230769231,"AT12-1_3",0.23893,1.15,73,0.194496906756805
"463","Gobiidae","AT14-2-2",1.018953762,1018.953762,"Sub Recent","Bocas","Punta Donato","orig_df",0.8465498309,2.70653955700725,11,26,0.00987961538461538,2.99819230769231,"AT14-2_2",0.085008,0.5441,17,0.195524643229306
"464","Gobiidae","AT12-1-2-2",1.01898716,1018.98716,"Sub Recent","Bocas","STRI Point","orig_df",0.9008087331,2.70663387851178,11,26,0.00987961538461538,2.99819230769231,"AT12-1_3",0.23893,1.15,73,0.195545073421378
"465","Gobiidae","AT12-1-2-2",1.019201078,1019.201078,"Sub Recent","Bocas","STRI Point","orig_df",0.8565375898,2.70723802314427,11,26,0.00987961538461538,2.99819230769231,"AT12-1_3",0.23893,1.15,73,0.195675965878188
"466","Gobiidae","AT12-1-4-1",1.019798582,1019.798582,"Sub Recent","Bocas","STRI Point","orig_df",0.8252655674,2.70892552919893,11,26,0.00987961538461538,2.99819230769231,"AT12-1_5",0.21289,1.15,85,0.196041886012761
"467","Gobiidae","AT14-3-4",1.020325402,1020.325402,"Sub Recent","Bocas","Cayo Adriana","orig_df",0.8137357258,2.71041345719785,11,26,0.00987961538461538,2.99819230769231,"AT14-3_3",0.207246,0.625,27,0.196364907576014
"468","Gobiidae","AT14-2-1",1.02037636,1020.37636,"Sub Recent","Bocas","Punta Donato","orig_df",0.6458190586,2.71055738338276,11,26,0.00987961538461538,2.99819230769231,"AT14-2_1",0.126321,0.6472,39,0.19639617201732
"469","Gobiidae","AT12-1-3-1",1.022157784,1022.157784,"Sub Recent","Bocas","STRI Point","orig_df",0.8927217415,2.71558913718651,11,26,0.00987961538461538,2.99819230769231,"AT12-1_4",0.23809,1.15,62,0.197491283942123
"470","Gobiidae","AT14-2-2",1.022205051,1022.205051,"Sub Recent","Bocas","Punta Donato","orig_df",0.9514598868,2.7157226536141,11,26,0.00987961538461538,2.99819230769231,"AT14-2_2",0.085008,0.5441,17,0.197520397775567
"471","Gobiidae","AT14-3-6",1.023116233,1023.116233,"Sub Recent","Bocas","Cayo Adriana","orig_df",0.8852226796,2.71829657138491,11,26,0.00987961538461538,2.99819230769231,"AT14-3_5",0.31401,0.6877,40,0.198082210887232
"472","Gobiidae","AT12-1-2-2",1.024399699,1024.399699,"Sub Recent","Bocas","STRI Point","orig_df",0.8329150211,2.72192236731028,11,26,0.00987961538461538,2.99819230769231,"AT12-1_3",0.23893,1.15,73,0.198875424411386
"473","Gobiidae","AT12-1-3-1",1.024899299,1024.899299,"Sub Recent","Bocas","STRI Point","orig_df",0.8270581993,2.72333381674838,11,26,0.00987961538461538,2.99819230769231,"AT12-1_4",0.23809,1.15,62,0.199184778012317
"474","Gobiidae","AT14-3-6",1.025143418,1025.143418,"Sub Recent","Bocas","Cayo Adriana","orig_df",0.8332888885,2.72402350756439,11,26,0.00987961538461538,2.99819230769231,"AT14-3_5",0.31401,0.6877,40,0.199336057163
"475","Gobiidae","AT12-1-4-1",1.028259396,1028.259396,"Sub Recent","Bocas","STRI Point","orig_df",0.7344158488,2.73282775440365,11,26,0.00987961538461538,2.99819230769231,"AT12-1_5",0.21289,1.15,85,0.201273943744705
"476","Gobiidae","AT14-2-1",1.028383515,1028.383515,"Sub Recent","Bocas","Punta Donato","orig_df",0.9509241296,2.73317848964534,11,26,0.00987961538461538,2.99819230769231,"AT14-2_1",0.126321,0.6472,39,0.201351402385919
"477","Gobiidae","AT14-1-8",1.028435928,1028.435928,"Sub Recent","Bocas","Casa Blanca","orig_df",0.8437975599,2.73332659900814,11,26,0.00987961538461538,2.99819230769231,"AT14-1_5",0.186586,0.6334,63,0.201384117781532
"478","Gobiidae","AT12-1-4-1",1.031073976,1031.073976,"Sub Recent","Bocas","STRI Point","orig_df",0.7995610529,2.7407818467837,11,26,0.00987961538461538,2.99819230769231,"AT12-1_5",0.21289,1.15,85,0.203035464247781
"479","Gobiidae","AT14-2-2",1.034981327,1034.981327,"Sub Recent","Bocas","Punta Donato","orig_df",0.9292299595,2.75182642028407,11,26,0.00987961538461538,2.99819230769231,"AT14-2_2",0.085008,0.5441,17,0.205498400637254
"480","Gobiidae","AT12-1-3-1",1.035608814,1035.608814,"Sub Recent","Bocas","STRI Point","orig_df",0.9308754807,2.75360032988917,11,26,0.00987961538461538,2.99819230769231,"AT12-1_4",0.23809,1.15,62,0.205895828267479
"481","Gobiidae","AT14-2-2",1.037192363,1037.192363,"Sub Recent","Bocas","Punta Donato","orig_df",0.9305322577,2.75807733476385,11,26,0.00987961538461538,2.99819230769231,"AT14-2_2",0.085008,0.5441,17,0.206901135884926
"482","Gobiidae","AT12-1-2-1",1.037598617,1037.598617,"Sub Recent","Bocas","STRI Point","orig_df",0.942450797,2.75922596452392,11,26,0.00987961538461538,2.99819230769231,"AT12-1_2",0.261,1.15,93,0.207159585967861
"483","Gobiidae","AT14-2-2",1.037888834,1037.888834,"Sub Recent","Bocas","Punta Donato","orig_df",0.6098970761,2.76004653234165,11,26,0.00987961538461538,2.99819230769231,"AT14-2_2",0.085008,0.5441,17,0.207344351417789
"484","Gobiidae","AT12-1-3-1",1.042762968,1042.762968,"Sub Recent","Bocas","STRI Point","orig_df",0.8538945854,2.77382996293951,11,26,0.00987961538461538,2.99819230769231,"AT12-1_4",0.23809,1.15,62,0.210464373567364
"485","Gobiidae","AT12-1-4-1",1.04392884,1043.92884,"Sub Recent","Bocas","STRI Point","orig_df",0.88243226,2.77712750514181,11,26,0.00987961538461538,2.99819230769231,"AT12-1_5",0.21289,1.15,85,0.211215415743556
"486","Gobiidae","AT12-1-4-1",1.044000303,1044.000303,"Sub Recent","Bocas","STRI Point","orig_df",0.9142344867,2.77732963804572,11,26,0.00987961538461538,2.99819230769231,"AT12-1_5",0.21289,1.15,85,0.21126151117397
"487","Gobiidae","AT14-2-2",1.044167757,1044.167757,"Sub Recent","Bocas","Punta Donato","orig_df",0.6914449143,2.77780328466285,11,26,0.00987961538461538,2.99819230769231,"AT14-2_2",0.085008,0.5441,17,0.211369550253239
"488","Gobiidae","AT12-1-2-1",1.044970523,1044.970523,"Sub Recent","Bocas","STRI Point","orig_df",0.9441895513,2.78007398926781,11,26,0.00987961538461538,2.99819230769231,"AT12-1_2",0.261,1.15,93,0.211888010790546
"489","Gobiidae","AT12-1-4-1",1.045587504,1045.587504,"Sub Recent","Bocas","STRI Point","orig_df",0.9017521566,2.78181925723658,11,26,0.00987961538461538,2.99819230769231,"AT12-1_5",0.21289,1.15,85,0.212287076120187
"490","Gobiidae","AT14-2-2",1.045738256,1045.738256,"Sub Recent","Bocas","Punta Donato","orig_df",0.7189668734,2.78224570269599,11,26,0.00987961538461538,2.99819230769231,"AT14-2_2",0.085008,0.5441,17,0.212384661361572
"491","Gobiidae","AT12-1-4-1",1.04581099,1045.81099,"Sub Recent","Bocas","STRI Point","orig_df",0.9197850426,2.78245145315793,11,26,0.00987961538461538,2.99819230769231,"AT12-1_5",0.21289,1.15,85,0.212431754763031
"492","Gobiidae","AT12-1-3-1",1.047776162,1047.776162,"Sub Recent","Bocas","STRI Point","orig_df",0.9817343374,2.78801088815268,11,26,0.00987961538461538,2.99819230769231,"AT12-1_4",0.23809,1.15,62,0.213706867679875
"493","Gobiidae","AT12-1-1-1",1.048998382,1048.998382,"Sub Recent","Bocas","STRI Point","orig_df",0.9090531793,2.79146885843867,11,26,0.00987961538461538,2.99819230769231,"AT12-1_1",0.1563,0.85,34,0.214502555688954
"494","Gobiidae","AT14-3-6",1.049747283,1049.747283,"Sub Recent","Bocas","Cayo Adriana","orig_df",0.8837490066,2.79358781516608,11,26,0.00987961538461538,2.99819230769231,"AT14-3_5",0.31401,0.6877,40,0.214991107449893
"495","Gobiidae","AT12-1-1-1",1.052080401,1052.080401,"Sub Recent","Bocas","STRI Point","orig_df",0.8654354496,2.80018980235475,11,26,0.00987961538461538,2.99819230769231,"AT12-1_1",0.1563,0.85,34,0.216518031208678
"496","Gobiidae","AT14-2-2",1.052228054,1052.228054,"Sub Recent","Bocas","Punta Donato","orig_df",0.8693830232,2.80060764489122,11,26,0.00987961538461538,2.99819230769231,"AT14-2_2",0.085008,0.5441,17,0.216614913294295
"497","Gobiidae","AT14-2-2",1.054109596,1054.109596,"Sub Recent","Bocas","Punta Donato","orig_df",0.7097407898,2.80593253632722,11,26,0.00987961538461538,2.99819230769231,"AT14-2_2",0.085008,0.5441,17,0.217852088072402
"498","Gobiidae","AT14-2-2",1.054597864,1054.597864,"Sub Recent","Bocas","Punta Donato","orig_df",0.8169937636,2.80731446614466,11,26,0.00987961538461538,2.99819230769231,"AT14-2_2",0.085008,0.5441,17,0.218173930766863
"499","Gobiidae","AT14-2-2",1.056561623,1056.561623,"Sub Recent","Bocas","Punta Donato","orig_df",0.6849633645,2.81287284092221,11,26,0.00987961538461538,2.99819230769231,"AT14-2_2",0.085008,0.5441,17,0.219471641598849
"500","Gobiidae","AT12-1-4-1",1.05672895,1056.72895,"Sub Recent","Bocas","STRI Point","orig_df",0.7446639147,2.81334648637746,11,26,0.00987961538461538,2.99819230769231,"AT12-1_5",0.21289,1.15,85,0.219582460600364
"501","Gobiidae","AT14-2-2",1.057521484,1057.521484,"Sub Recent","Bocas","Punta Donato","orig_df",1.02599309,2.81558994323846,11,26,0.00987961538461538,2.99819230769231,"AT14-2_2",0.085008,0.5441,17,0.22010786970658
"502","Gobiidae","AT12-1-3-1",1.059753605,1059.753605,"Sub Recent","Bocas","STRI Point","orig_df",0.8169469931,2.82190906626263,11,26,0.00987961538461538,2.99819230769231,"AT12-1_4",0.23809,1.15,62,0.221592286699968
"503","Gobiidae","AT12-1-2-1",1.060037466,1060.037466,"Sub Recent","Bocas","STRI Point","orig_df",0.8849551606,2.82271273564983,11,26,0.00987961538461538,2.99819230769231,"AT12-1_2",0.261,1.15,93,0.22178155248198
"504","Gobiidae","AT14-3-6",1.060219944,1060.219944,"Sub Recent","Bocas","Cayo Adriana","orig_df",0.9024754773,2.82322937591533,11,26,0.00987961538461538,2.99819230769231,"AT14-3_5",0.31401,0.6877,40,0.221903279192903
"505","Gobiidae","AT12-1-2-2",1.061132925,1061.132925,"Sub Recent","Bocas","STRI Point","orig_df",0.8902255491,2.82581433493784,11,26,0.00987961538461538,2.99819230769231,"AT12-1_3",0.23893,1.15,73,0.222512995661907
"506","Gobiidae","AT12-1-2-1",1.061961253,1061.961253,"Sub Recent","Bocas","STRI Point","orig_df",0.9572371747,2.82815973428295,11,26,0.00987961538461538,2.99819230769231,"AT12-1_2",0.261,1.15,93,0.223067172188768
"507","Gobiidae","AT14-2-2",1.062723021,1062.723021,"Sub Recent","Bocas","Punta Donato","orig_df",0.8161069411,2.83031677202273,11,26,0.00987961538461538,2.99819230769231,"AT14-2_2",0.085008,0.5441,17,0.223577653504773
"508","Gobiidae","AT14-3-4",1.063605883,1063.605883,"Sub Recent","Bocas","Cayo Adriana","orig_df",0.9019439406,2.83281682431541,11,26,0.00987961538461538,2.99819230769231,"AT14-3_3",0.207246,0.625,27,0.224170285563921
"509","Gobiidae","AT12-1-2-2",1.063713884,1063.713884,"Sub Recent","Bocas","STRI Point","orig_df",0.8796068294,2.83312266611515,11,26,0.00987961538461538,2.99819230769231,"AT12-1_3",0.23893,1.15,73,0.224242856499678
"510","Gobiidae","AT12-1-3-1",1.066493207,1066.493207,"Sub Recent","Bocas","STRI Point","orig_df",0.9376864319,2.84099394549909,11,26,0.00987961538461538,2.99819230769231,"AT12-1_4",0.23809,1.15,62,0.226115965302324
"511","Gobiidae","AT12-1-1-1",1.067191492,1067.191492,"Sub Recent","Bocas","STRI Point","orig_df",0.8992749212,2.84297175210828,11,26,0.00987961538461538,2.99819230769231,"AT12-1_1",0.1563,0.85,34,0.226588252596416
"512","Gobiidae","AT12-1-2-1",1.067432574,1067.432574,"Sub Recent","Bocas","STRI Point","orig_df",0.9891930546,2.84365460630862,11,26,0.00987961538461538,2.99819230769231,"AT12-1_2",0.261,1.15,93,0.226751466266759
"513","Gobiidae","AT14-2-2",1.068413297,1068.413297,"Sub Recent","Bocas","Punta Donato","orig_df",0.8607779848,2.84643256174114,11,26,0.00987961538461538,2.99819230769231,"AT14-2_2",0.085008,0.5441,17,0.227416252207787
"514","Gobiidae","AT12-1-4-1",1.070613353,1070.613353,"Sub Recent","Bocas","STRI Point","orig_df",0.9231513622,2.85266493584196,11,26,0.00987961538461538,2.99819230769231,"AT12-1_5",0.21289,1.15,85,0.228912430319877
"515","Gobiidae","AT14-2-1",1.070672634,1070.672634,"Sub Recent","Bocas","Punta Donato","orig_df",1.036050086,2.85283287976624,11,26,0.00987961538461538,2.99819230769231,"AT14-2_1",0.126321,0.6472,39,0.228952838374218
"516","Gobiidae","AT12-1-4-1",1.071752792,1071.752792,"Sub Recent","Bocas","STRI Point","orig_df",0.8774037905,2.85589308583056,11,26,0.00987961538461538,2.99819230769231,"AT12-1_5",0.21289,1.15,85,0.229689970292487
"517","Gobiidae","AT14-2-2",1.072169839,1072.169839,"Sub Recent","Bocas","Punta Donato","orig_df",0.8010045308,2.85707467791508,11,26,0.00987961538461538,2.99819230769231,"AT14-2_2",0.085008,0.5441,17,0.229975010847221
"518","Gobiidae","AT14-1-2",1.072983845,1072.983845,"Sub Recent","Bocas","Casa Blanca","orig_df",0.8590663813,2.85938103178056,11,26,0.00987961538461538,2.99819230769231,"AT14-1_2",0.255748,0.58385,102,0.230532061517181
"519","Gobiidae","AT14-3-6",1.073163799,1073.163799,"Sub Recent","Bocas","Cayo Adriana","orig_df",0.9245942531,2.85989091716512,11,26,0.00987961538461538,2.99819230769231,"AT14-3_5",0.31401,0.6877,40,0.230655334732075
"520","Gobiidae","AT12-1-3-1",1.074378552,1074.378552,"Sub Recent","Bocas","STRI Point","orig_df",0.8521952473,2.86333296482549,11,26,0.00987961538461538,2.99819230769231,"AT12-1_4",0.23809,1.15,62,0.231488656107649
"521","Gobiidae","AT14-1-2",1.074814502,1074.814502,"Sub Recent","Bocas","Casa Blanca","orig_df",0.8983775502,2.86456830533721,11,26,0.00987961538461538,2.99819230769231,"AT14-1_2",0.255748,0.58385,102,0.231788221208337
"522","Gobiidae","AT14-2-1",1.077576803,1077.576803,"Sub Recent","Bocas","Punta Donato","orig_df",0.9495549665,2.87239650391505,11,26,0.00987961538461538,2.99819230769231,"AT14-2_1",0.126321,0.6472,39,0.233692535874492
"523","Gobiidae","AT14-1-8",1.077659547,1077.659547,"Sub Recent","Bocas","Casa Blanca","orig_df",0.9907945596,2.87263101513674,11,26,0.00987961538461538,2.99819230769231,"AT14-1_5",0.186586,0.6334,63,0.23374974416773
"524","Gobiidae","AT14-3-6",1.079411178,1079.411178,"Sub Recent","Bocas","Cayo Adriana","orig_df",0.8804664046,2.8775957161812,11,26,0.00987961538461538,2.99819230769231,"AT14-3_5",0.31401,0.6877,40,0.234963059185499
"525","Gobiidae","AT12-1-2-2",1.081087149,1081.087149,"Sub Recent","Bocas","STRI Point","orig_df",0.9765659183,2.88234644875503,11,26,0.00987961538461538,2.99819230769231,"AT12-1_3",0.23893,1.15,73,0.236128005809902
"526","Gobiidae","AT14-2-2",1.082294999,1082.294999,"Sub Recent","Bocas","Punta Donato","orig_df",0.8856442688,2.88577052733385,11,26,0.00987961538461538,2.99819230769231,"AT14-2_2",0.085008,0.5441,17,0.236970020906615
"527","Gobiidae","AT14-2-2",1.082973544,1082.973544,"Sub Recent","Bocas","Punta Donato","orig_df",0.8847531916,2.88769420946653,11,26,0.00987961538461538,2.99819230769231,"AT14-2_2",0.085008,0.5441,17,0.237443950274188
"528","Gobiidae","AT12-1-2-1",1.085113916,1085.113916,"Sub Recent","Bocas","STRI Point","orig_df",0.8964621183,2.89376268554647,11,26,0.00987961538461538,2.99819230769231,"AT12-1_2",0.261,1.15,93,0.238943153680029
"529","Gobiidae","AT12-1-4-1",1.085155795,1085.155795,"Sub Recent","Bocas","STRI Point","orig_df",0.8929503375,2.89388143026964,11,26,0.00987961538461538,2.99819230769231,"AT12-1_5",0.21289,1.15,85,0.23897255205257
"530","Gobiidae","AT14-2-2",1.08539807,1085.39807,"Sub Recent","Bocas","Punta Donato","orig_df",0.7812165538,2.89456838831499,11,26,0.00987961538461538,2.99819230769231,"AT14-2_2",0.085008,0.5441,17,0.23914267385882
"531","Gobiidae","AT14-2-2",1.086881692,1086.881692,"Sub Recent","Bocas","Punta Donato","orig_df",0.8758826843,2.89877533204526,11,26,0.00987961538461538,2.99819230769231,"AT14-2_2",0.085008,0.5441,17,0.24018626391334
"532","Gobiidae","AT14-2-1",1.087957711,1087.957711,"Sub Recent","Bocas","Punta Donato","orig_df",0.7198304004,2.90182670800968,11,26,0.00987961538461538,2.99819230769231,"AT14-2_1",0.126321,0.6472,39,0.24094509563955
"533","Gobiidae","AT12-1-4-1",1.088756031,1088.756031,"Sub Recent","Bocas","STRI Point","orig_df",0.9108102807,2.90409070815039,11,26,0.00987961538461538,2.99819230769231,"AT12-1_5",0.21289,1.15,85,0.241509150099867
"534","Gobiidae","AT14-1-2",1.089561963,1089.561963,"Sub Recent","Bocas","Casa Blanca","orig_df",0.8272385971,2.9063764020705,11,26,0.00987961538461538,2.99819230769231,"AT14-1_2",0.255748,0.58385,102,0.242079501396311
"535","Gobiidae","AT14-1-2",1.090875912,1090.875912,"Sub Recent","Bocas","Casa Blanca","orig_df",0.9279996586,2.9101031060261,11,26,0.00987961538461538,2.99819230769231,"AT14-1_2",0.255748,0.58385,102,0.243011353070075
"536","Gobiidae","AT14-2-1",1.090972607,1090.972607,"Sub Recent","Bocas","Punta Donato","orig_df",0.8351022914,2.91037736962256,11,26,0.00987961538461538,2.99819230769231,"AT14-2_1",0.126321,0.6472,39,0.243080026182635
"537","Gobiidae","AT12-1-2-2",1.091164032,1091.164032,"Sub Recent","Bocas","STRI Point","orig_df",0.9489577971,2.91092032786585,11,26,0.00987961538461538,2.99819230769231,"AT12-1_3",0.23893,1.15,73,0.243216016138329
"538","Gobiidae","AT14-2-1",1.091260734,1091.260734,"Sub Recent","Bocas","Punta Donato","orig_df",0.6105224406,2.9111946158973,11,26,0.00987961538461538,2.99819230769231,"AT14-2_1",0.126321,0.6472,39,0.243284733911805
"539","Gobiidae","AT14-2-2",1.09190811,1091.90811,"Sub Recent","Bocas","Punta Donato","orig_df",0.8035880648,2.91303088935835,11,26,0.00987961538461538,2.99819230769231,"AT14-2_2",0.085008,0.5441,17,0.243745111445565
"540","Gobiidae","AT14-1-2",1.091921302,1091.921302,"Sub Recent","Bocas","Casa Blanca","orig_df",0.884399597,2.91306830900775,11,26,0.00987961538461538,2.99819230769231,"AT14-1_2",0.255748,0.58385,102,0.243754499067645
"541","Gobiidae","AT12-1-3-1",1.092508439,1092.508439,"Sub Recent","Bocas","STRI Point","orig_df",0.9391402757,2.91473377615072,11,26,0.00987961538461538,2.99819230769231,"AT12-1_4",0.23809,1.15,62,0.244172565765823
"542","Gobiidae","AT12-1-6-1",1.092754521,1092.754521,"Sub Recent","Bocas","STRI Point","orig_df",0.8706697159,2.91543182680943,11,26,0.00987961538461538,2.99819230769231,"AT12-1_7",0.19713,1.2,16,0.24434793294293
"543","Gobiidae","AT12-1-2-1",1.092991957,1092.991957,"Sub Recent","Bocas","STRI Point","orig_df",0.9638636912,2.91610536113952,11,26,0.00987961538461538,2.99819230769231,"AT12-1_2",0.261,1.15,93,0.244517220578401
"544","Gobiidae","AT12-1-4-1",1.095045281,1095.045281,"Sub Recent","Bocas","STRI Point","orig_df",0.9391983959,2.92193040790963,11,26,0.00987961538461538,2.99819230769231,"AT12-1_5",0.21289,1.15,85,0.24598456339609
"545","Gobiidae","AT12-1-3-1",1.096468385,1096.468385,"Sub Recent","Bocas","STRI Point","orig_df",0.8530975647,2.92596799752435,11,26,0.00987961538461538,2.99819230769231,"AT12-1_4",0.23809,1.15,62,0.247005077670071
"546","Gobiidae","AT14-1-8",1.099396253,1099.396253,"Sub Recent","Bocas","Casa Blanca","orig_df",0.8860999438,2.93427590198174,11,26,0.00987961538461538,2.99819230769231,"AT14-1_5",0.186586,0.6334,63,0.249113796678066
"547","Gobiidae","AT14-2-2",1.10073118,1100.73118,"Sub Recent","Bocas","Punta Donato","orig_df",0.6502183561,2.93806425799909,11,26,0.00987961538461538,2.99819230769231,"AT14-2_2",0.085008,0.5441,17,0.250079329813035
"548","Gobiidae","AT12-1-2-2",1.10329887,1103.29887,"Sub Recent","Bocas","STRI Point","orig_df",0.9428009682,2.94535185797638,11,26,0.00987961538461538,2.99819230769231,"AT12-1_3",0.23893,1.15,73,0.251943717933686
"549","Gobiidae","AT12-1-4-1",1.104047636,1104.047636,"Sub Recent","Bocas","STRI Point","orig_df",0.8810703825,2.9474772025511,11,26,0.00987961538461538,2.99819230769231,"AT12-1_5",0.21289,1.15,85,0.252489184641834
"550","Gobiidae","AT12-1-2-2",1.104114738,1104.114738,"Sub Recent","Bocas","STRI Point","orig_df",0.9552522654,2.94766767354551,11,26,0.00987961538461538,2.99819230769231,"AT12-1_3",0.23893,1.15,73,0.252538107148275
"551","Gobiidae","AT12-1-3-1",1.104678257,1104.678257,"Sub Recent","Bocas","STRI Point","orig_df",1.001730257,2.94926726763167,11,26,0.00987961538461538,2.99819230769231,"AT12-1_4",0.23809,1.15,62,0.252949212489704
"552","Gobiidae","AT12-1-2-2",1.10543358,1105.43358,"Sub Recent","Bocas","STRI Point","orig_df",0.8751987301,2.95141139375673,11,26,0.00987961538461538,2.99819230769231,"AT12-1_3",0.23893,1.15,73,0.25350096513583
"553","Gobiidae","AT12-1-3-1",1.105535711,1105.535711,"Sub Recent","Bocas","STRI Point","orig_df",0.9760392982,2.95170131888414,11,26,0.00987961538461538,2.99819230769231,"AT12-1_4",0.23809,1.15,62,0.253575633705561
"554","Gobiidae","AT14-2-1",1.105597722,1105.597722,"Sub Recent","Bocas","Punta Donato","orig_df",1.006652016,2.95187735389286,11,26,0.00987961538461538,2.99819230769231,"AT14-2_1",0.126321,0.6472,39,0.253620977673226
"555","Gobiidae","AT14-2-2",1.105655429,1105.655429,"Sub Recent","Bocas","Punta Donato","orig_df",0.7007485751,2.95204117139344,11,26,0.00987961538461538,2.99819230769231,"AT14-2_2",0.085008,0.5441,17,0.253663179448817
"556","Gobiidae","AT12-1-3-1",1.107484524,1107.484524,"Sub Recent","Bocas","STRI Point","orig_df",0.8835678249,2.95723385045519,11,26,0.00987961538461538,2.99819230769231,"AT12-1_4",0.23809,1.15,62,0.255003315849881
"557","Gobiidae","AT14-2-2",1.108795861,1108.795861,"Sub Recent","Bocas","Punta Donato","orig_df",0.8865407515,2.96095698283396,11,26,0.00987961538461538,2.99819230769231,"AT14-2_2",0.085008,0.5441,17,0.255967087809896
"558","Gobiidae","AT14-2-2",1.109203671,1109.203671,"Sub Recent","Bocas","Punta Donato","orig_df",0.8045559079,2.96211488890252,11,26,0.00987961538461538,2.99819230769231,"AT14-2_2",0.085008,0.5441,17,0.256267318106216
"559","Gobiidae","AT14-2-2",1.111416759,1111.416759,"Sub Recent","Bocas","Punta Donato","orig_df",0.7001010047,2.96839903931017,11,26,0.00987961538461538,2.99819230769231,"AT14-2_2",0.085008,0.5441,17,0.257900812251269
"560","Gobiidae","AT14-1-8",1.111644132,1111.644132,"Sub Recent","Bocas","Casa Blanca","orig_df",0.8257091876,2.96904471873815,11,26,0.00987961538461538,2.99819230769231,"AT14-1_5",0.186586,0.6334,63,0.258069041397413
"561","Gobiidae","AT14-2-2",1.111664568,1111.664568,"Sub Recent","Bocas","Punta Donato","orig_df",0.8422007748,2.96910275200419,11,26,0.00987961538461538,2.99819230769231,"AT14-2_2",0.085008,0.5441,17,0.258084165309677
"562","Gobiidae","AT12-1-1-1",1.111930866,1111.930866,"Sub Recent","Bocas","STRI Point","orig_df",0.9654291511,2.96985897967628,11,26,0.00987961538461538,2.99819230769231,"AT12-1_1",0.1563,0.85,34,0.258281298019682
"563","Gobiidae","AT12-1-4-1",1.112164415,1112.164415,"Sub Recent","Bocas","STRI Point","orig_df",0.9229233102,2.97052221682768,11,26,0.00987961538461538,2.99819230769231,"AT12-1_5",0.21289,1.15,85,0.258454272629647
"564","Gobiidae","AT12-1-2-2",1.112335134,1112.335134,"Sub Recent","Bocas","STRI Point","orig_df",0.9149653484,2.9710070336525,11,26,0.00987961538461538,2.99819230769231,"AT12-1_3",0.23893,1.15,73,0.25858076341664
"565","Gobiidae","AT12-1-4-1",1.11276995,1112.76995,"Sub Recent","Bocas","STRI Point","orig_df",0.9877323847,2.97224186832661,11,26,0.00987961538461538,2.99819230769231,"AT12-1_5",0.21289,1.15,85,0.258903123429412
"566","Gobiidae","AT12-1-2-2",1.113561365,1113.561365,"Sub Recent","Bocas","STRI Point","orig_df",0.9488824936,2.97448948739014,11,26,0.00987961538461538,2.99819230769231,"AT12-1_3",0.23893,1.15,73,0.25949056328917
"567","Gobiidae","AT14-2-2",1.114648401,1114.648401,"Sub Recent","Bocas","Punta Donato","orig_df",0.7836259901,2.97757683491623,11,26,0.00987961538461538,2.99819230769231,"AT14-2_2",0.085008,0.5441,17,0.260298922556345
"568","Gobiidae","AT12-1-2-2",1.114715953,1114.715953,"Sub Recent","Bocas","STRI Point","orig_df",0.9503353,2.97776869915323,11,26,0.00987961538461538,2.99819230769231,"AT12-1_3",0.23893,1.15,73,0.260349213625512
"569","Gobiidae","AT12-1-1-1",1.115413233,1115.413233,"Sub Recent","Bocas","STRI Point","orig_df",0.9501921905,2.9797491882129,11,26,0.00987961538461538,2.99819230769231,"AT12-1_1",0.1563,0.85,34,0.260868713916948
"570","Gobiidae","AT12-1-1-1",1.115878464,1115.878464,"Sub Recent","Bocas","STRI Point","orig_df",1.023547485,2.98107063049005,11,26,0.00987961538461538,2.99819230769231,"AT12-1_1",0.1563,0.85,34,0.261215724228225
"571","Gobiidae","AT12-1-1-1",1.119466217,1119.466217,"Sub Recent","Bocas","STRI Point","orig_df",0.9685849609,2.99126245452532,11,26,0.00987961538461538,2.99819230769231,"AT12-1_1",0.1563,0.85,34,0.263902435832683
"572","Gobiidae","AT14-3-6",1.120454013,1120.454013,"Sub Recent","Bocas","Cayo Adriana","orig_df",0.961491994,2.99406887546043,11,26,0.00987961538461538,2.99819230769231,"AT14-3_5",0.31401,0.6877,40,0.264645469002712
"573","Gobiidae","AT12-1-1-1",1.121436566,1121.436566,"Sub Recent","Bocas","STRI Point","orig_df",0.9618009235,2.99686055575948,11,26,0.00987961538461538,2.99819230769231,"AT12-1_1",0.1563,0.85,34,0.2653859814318
"574","Gobiidae","AT14-2-2",1.121985181,1121.985181,"Sub Recent","Bocas","Punta Donato","orig_df",0.6197960208,2.99841937631685,11,26,0.00987961538461538,2.99819230769231,"AT14-2_2",0.085008,0.5441,17,0.265800069510595
"575","Gobiidae","AT12-1-4-1",1.122677705,1122.677705,"Sub Recent","Bocas","STRI Point","orig_df",0.8687777051,3.00038716502877,11,26,0.00987961538461538,2.99819230769231,"AT12-1_5",0.21289,1.15,85,0.266323411273451
"576","Gobiidae","AT12-1-2-2",1.122916093,1122.916093,"Sub Recent","Bocas","STRI Point","orig_df",0.9806988793,3.00106455601569,11,26,0.00987961538461538,2.99819230769231,"AT12-1_3",0.23893,1.15,73,0.266503725047223
"577","Gobiidae","AT12-1-2-1",1.124938616,1124.938616,"Sub Recent","Bocas","STRI Point","orig_df",0.9153656953,3.00681201824801,11,26,0.00987961538461538,2.99819230769231,"AT12-1_2",0.261,1.15,93,0.268036909038
"578","Gobiidae","AT12-1-2-1",1.127292345,1127.292345,"Sub Recent","Bocas","STRI Point","orig_df",1.019157145,3.01350150086015,11,26,0.00987961538461538,2.99819230769231,"AT12-1_2",0.261,1.15,93,0.269828774153968
"579","Gobiidae","AT12-1-1-1",1.128336433,1128.336433,"Sub Recent","Bocas","STRI Point","orig_df",0.9724959235,3.01646916384729,11,26,0.00987961538461538,2.99819230769231,"AT12-1_1",0.1563,0.85,34,0.270626251115804
"580","Gobiidae","AT12-1-2-1",1.128657054,1128.657054,"Sub Recent","Bocas","STRI Point","orig_df",1.008431742,3.01738051563943,11,26,0.00987961538461538,2.99819230769231,"AT12-1_2",0.261,1.15,93,0.270871466467169
"581","Gobiidae","AT14-2-2",1.129572536,1129.572536,"Sub Recent","Bocas","Punta Donato","orig_df",0.7208383071,3.01998282505825,11,26,0.00987961538461538,2.99819230769231,"AT14-2_2",0.085008,0.5441,17,0.271572478959073
"582","Gobiidae","AT12-1-3-1",1.12994629,1129.94629,"Sub Recent","Bocas","STRI Point","orig_df",0.9357532881,3.02104528031157,11,26,0.00987961538461538,2.99819230769231,"AT12-1_4",0.23809,1.15,62,0.271859031364687
"583","Gobiidae","AT14-1-8",1.13106605,1131.06605,"Sub Recent","Bocas","Casa Blanca","orig_df",0.9274470653,3.02422850939829,11,26,0.00987961538461538,2.99819230769231,"AT14-1_5",0.186586,0.6334,63,0.27271877907144
"584","Gobiidae","AT12-1-6-1",1.131172046,1131.172046,"Sub Recent","Bocas","STRI Point","orig_df",0.969496584,3.02452984282269,11,26,0.00987961538461538,2.99819230769231,"AT12-1_7",0.19713,1.2,16,0.27280025896754
"585","Gobiidae","AT12-1-2-1",1.131431517,1131.431517,"Sub Recent","Bocas","STRI Point","orig_df",1.02268753,3.02526749408926,11,26,0.00987961538461538,2.99819230769231,"AT12-1_2",0.261,1.15,93,0.272999786716123
"586","Gobiidae","AT12-1-2-1",1.131442729,1131.442729,"Sub Recent","Bocas","STRI Point","orig_df",1.080574754,3.02529936897535,11,26,0.00987961538461538,2.99819230769231,"AT12-1_2",0.261,1.15,93,0.273008410765319
"587","Gobiidae","AT12-1-4-1",1.131739678,1131.739678,"Sub Recent","Bocas","STRI Point","orig_df",0.9637364455,3.02614358027141,11,26,0.00987961538461538,2.99819230769231,"AT12-1_5",0.21289,1.15,85,0.27323688613545
"588","Gobiidae","AT12-1-2-1",1.132602176,1132.602176,"Sub Recent","Bocas","STRI Point","orig_df",1.004280563,3.02859569877265,11,26,0.00987961538461538,2.99819230769231,"AT12-1_2",0.261,1.15,93,0.273901244313222
"589","Gobiidae","AT12-1-3-1",1.132947082,1132.947082,"Sub Recent","Bocas","STRI Point","orig_df",0.9556834104,3.0295763142591,11,26,0.00987961538461538,2.99819230769231,"AT12-1_4",0.23809,1.15,62,0.274167225807017
"590","Gobiidae","AT14-2-2",1.1336629,1133.6629,"Sub Recent","Bocas","Punta Donato","orig_df",0.9665699512,3.03161154412962,11,26,0.00987961538461538,2.99819230769231,"AT14-2_2",0.085008,0.5441,17,0.274719809483423
"591","Gobiidae","AT14-2-2",1.133707441,1133.707441,"Sub Recent","Bocas","Punta Donato","orig_df",0.8341155572,3.03173818679084,11,26,0.00987961538461538,2.99819230769231,"AT14-2_2",0.085008,0.5441,17,0.274754218642877
"592","Gobiidae","AT12-1-2-1",1.13400875,1134.00875,"Sub Recent","Bocas","STRI Point","orig_df",0.9425977494,3.03259490176453,11,26,0.00987961538461538,2.99819230769231,"AT12-1_2",0.261,1.15,93,0.274987065899611
"593","Gobiidae","AT12-1-2-2",1.134090115,1134.090115,"Sub Recent","Bocas","STRI Point","orig_df",0.9461390339,3.03282625017308,11,26,0.00987961538461538,2.99819230769231,"AT12-1_3",0.23893,1.15,73,0.275049966815517
"594","Gobiidae","AT12-1-3-1",1.137894283,1137.894283,"Sub Recent","Bocas","STRI Point","orig_df",0.9443264813,3.04364396606619,11,26,0.00987961538461538,2.99819230769231,"AT12-1_4",0.23809,1.15,62,0.278001895607905
"595","Gobiidae","AT12-1-1-1",1.138469591,1138.469591,"Sub Recent","Bocas","STRI Point","orig_df",0.9435284421,3.04528013896755,11,26,0.00987961538461538,2.99819230769231,"AT12-1_1",0.1563,0.85,34,0.278450202918812
"596","Gobiidae","AT12-1-2-2",1.139155428,1139.155428,"Sub Recent","Bocas","STRI Point","orig_df",1.039162316,3.04723072407528,11,26,0.00987961538461538,2.99819230769231,"AT12-1_3",0.23893,1.15,73,0.278985287670088
"597","Gobiidae","AT12-1-2-1",1.146020546,1146.020546,"Sub Recent","Bocas","STRI Point","orig_df",0.934206015,3.0667598523961,11,26,0.00987961538461538,2.99819230769231,"AT12-1_2",0.261,1.15,93,0.28438034582525
"598","Gobiidae","AT12-1-1-1",1.148811556,1148.811556,"Sub Recent","Bocas","STRI Point","orig_df",1.048694964,3.07470152685263,11,26,0.00987961538461538,2.99819230769231,"AT12-1_1",0.1563,0.85,34,0.286594024192937
"599","Gobiidae","AT14-2-2",1.149613301,1149.613301,"Sub Recent","Bocas","Punta Donato","orig_df",0.8901785071,3.07698307646283,11,26,0.00987961538461538,2.99819230769231,"AT14-2_2",0.085008,0.5441,17,0.2872321047357
"600","Gobiidae","AT12-1-4-1",1.150559057,1150.559057,"Sub Recent","Bocas","STRI Point","orig_df",0.9141283151,3.07967457181305,11,26,0.00987961538461538,2.99819230769231,"AT12-1_5",0.21289,1.15,85,0.287986051148627
"601","Gobiidae","AT12-1-3-1",1.151687691,1151.687691,"Sub Recent","Bocas","STRI Point","orig_df",0.8489520412,3.08288669663871,11,26,0.00987961538461538,2.99819230769231,"AT12-1_4",0.23809,1.15,62,0.288887562105809
"602","Gobiidae","AT12-1-2-2",1.154490202,1154.490202,"Sub Recent","Bocas","STRI Point","orig_df",1.012301359,3.09086358400076,11,26,0.00987961538461538,2.99819230769231,"AT12-1_3",0.23893,1.15,73,0.29113447610778
"603","Gobiidae","AT14-2-2",1.155058113,1155.058113,"Sub Recent","Bocas","Punta Donato","orig_df",0.7167264198,3.09248019871783,11,26,0.00987961538461538,2.99819230769231,"AT14-2_2",0.085008,0.5441,17,0.291591255747346
"604","Gobiidae","AT14-2-2",1.155279337,1155.279337,"Sub Recent","Bocas","Punta Donato","orig_df",0.9859058362,3.0931099482745,11,26,0.00987961538461538,2.99819230769231,"AT14-2_2",0.085008,0.5441,17,0.291769322681382
"605","Gobiidae","AT12-1-2-2",1.155861825,1155.861825,"Sub Recent","Bocas","STRI Point","orig_df",1.032528935,3.09476813015252,11,26,0.00987961538461538,2.99819230769231,"AT12-1_3",0.23893,1.15,73,0.292238534031127
"606","Gobiidae","AT14-2-2",1.157670196,1157.670196,"Sub Recent","Bocas","Punta Donato","orig_df",0.949772016,3.0999163977083,11,26,0.00987961538461538,2.99819230769231,"AT14-2_2",0.085008,0.5441,17,0.293698529715367
"607","Gobiidae","AT12-1-2-1",1.162604911,1162.604911,"Sub Recent","Bocas","STRI Point","orig_df",0.9934868343,3.11396766718592,11,26,0.00987961538461538,2.99819230769231,"AT12-1_2",0.261,1.15,93,0.297708047448165
"608","Gobiidae","AT12-1-2-1",1.165140617,1165.140617,"Sub Recent","Bocas","STRI Point","orig_df",0.9135320785,3.1211893877433,11,26,0.00987961538461538,2.99819230769231,"AT12-1_2",0.261,1.15,93,0.299782877500103
"609","Gobiidae","AT12-1-2-1",1.166496616,1166.496616,"Sub Recent","Bocas","STRI Point","orig_df",0.9756232897,3.12505169687612,11,26,0.00987961538461538,2.99819230769231,"AT12-1_2",0.261,1.15,93,0.300896479594645
"610","Gobiidae","AT12-1-3-1",1.167216337,1167.216337,"Sub Recent","Bocas","STRI Point","orig_df",0.9473122496,3.12710180268232,11,26,0.00987961538461538,2.99819230769231,"AT12-1_4",0.23809,1.15,62,0.301488695790439
"611","Gobiidae","AT12-1-2-2",1.167322329,1167.322329,"Sub Recent","Bocas","STRI Point","orig_df",0.9822823869,3.12740372478245,11,26,0.00987961538461538,2.99819230769231,"AT12-1_3",0.23893,1.15,73,0.301575977912202
"612","Gobiidae","AT12-1-2-1",1.168378704,1168.378704,"Sub Recent","Bocas","STRI Point","orig_df",1.068114127,3.13041294243688,11,26,0.00987961538461538,2.99819230769231,"AT12-1_2",0.261,1.15,93,0.302446827839479
"613","Gobiidae","AT12-1-2-2",1.171231142,1171.231142,"Sub Recent","Bocas","STRI Point","orig_df",0.9205909189,3.13853933159237,11,26,0.00987961538461538,2.99819230769231,"AT12-1_3",0.23893,1.15,73,0.304806927834678
"614","Gobiidae","AT14-2-2",1.171803307,1171.803307,"Sub Recent","Bocas","Punta Donato","orig_df",0.8024978493,3.14016953901627,11,26,0.00987961538461538,2.99819230769231,"AT14-2_2",0.085008,0.5441,17,0.305281852763578
"615","Gobiidae","AT12-1-2-2",1.172777892,1172.777892,"Sub Recent","Bocas","STRI Point","orig_df",0.9866339992,3.14294643380046,11,26,0.00987961538461538,2.99819230769231,"AT12-1_3",0.23893,1.15,73,0.306091974810731
"616","Gobiidae","AT14-1-2",1.173212761,1173.212761,"Sub Recent","Bocas","Casa Blanca","orig_df",0.8592379843,3.14418555748171,11,26,0.00987961538461538,2.99819230769231,"AT14-1_2",0.255748,0.58385,102,0.306453934464032
"617","Gobiidae","AT12-1-2-1",1.173560152,1173.560152,"Sub Recent","Bocas","STRI Point","orig_df",1.04947618,3.14517544061906,11,26,0.00987961538461538,2.99819230769231,"AT12-1_2",0.261,1.15,93,0.306743293495946
"618","Gobiidae","AT12-1-2-2",1.173730235,1173.730235,"Sub Recent","Bocas","STRI Point","orig_df",1.042565155,3.14566009520444,11,26,0.00987961538461538,2.99819230769231,"AT12-1_3",0.23893,1.15,73,0.306885032335349
"619","Gobiidae","AT14-2-2",1.174897633,1174.897633,"Sub Recent","Bocas","Punta Donato","orig_df",0.7557066803,3.14898673674573,11,26,0.00987961538461538,2.99819230769231,"AT14-2_2",0.085008,0.5441,17,0.307859097901678
"620","Gobiidae","AT12-1-4-1",1.176434008,1176.434008,"Sub Recent","Bocas","STRI Point","orig_df",1.030011353,3.15336514133522,11,26,0.00987961538461538,2.99819230769231,"AT12-1_5",0.21289,1.15,85,0.309144265304977
"621","Gobiidae","AT12-1-2-1",1.176529153,1176.529153,"Sub Recent","Bocas","STRI Point","orig_df",1.001592348,3.15363630012089,11,26,0.00987961538461538,2.99819230769231,"AT12-1_2",0.261,1.15,93,0.309223974313838
"622","Gobiidae","AT12-1-2-2",1.17675401,1176.75401,"Sub Recent","Bocas","STRI Point","orig_df",0.9826579156,3.15427713753113,11,26,0.00987961538461538,2.99819230769231,"AT12-1_3",0.23893,1.15,73,0.309412407357194
"623","Gobiidae","AT12-1-2-1",1.177851881,1177.851881,"Sub Recent","Bocas","STRI Point","orig_df",1.06040074,3.15740615645215,11,26,0.00987961538461538,2.99819230769231,"AT12-1_2",0.261,1.15,93,0.310333569131731
"624","Gobiidae","AT14-2-1",1.178212465,1178.212465,"Sub Recent","Bocas","Punta Donato","orig_df",1.069450253,3.15843388952953,11,26,0.00987961538461538,2.99819230769231,"AT14-2_1",0.126321,0.6472,39,0.310636524987903
"625","Gobiidae","AT12-1-2-2",1.17848258,1178.48258,"Sub Recent","Bocas","STRI Point","orig_df",1.070293943,3.15920378175694,11,26,0.00987961538461538,2.99819230769231,"AT12-1_3",0.23893,1.15,73,0.310863603432921
"626","Gobiidae","AT12-1-6-1",1.178491114,1178.491114,"Sub Recent","Bocas","STRI Point","orig_df",0.9790990565,3.15922810587589,11,26,0.00987961538461538,2.99819230769231,"AT12-1_7",0.19713,1.2,16,0.310870779594047
"627","Gobiidae","AT14-1-2",1.180068474,1180.068474,"Sub Recent","Bocas","Casa Blanca","orig_df",0.9562769565,3.16372418322578,11,26,0.00987961538461538,2.99819230769231,"AT14-1_2",0.255748,0.58385,102,0.312199120483905
"628","Gobiidae","AT12-1-3-1",1.180671659,1180.671659,"Sub Recent","Bocas","STRI Point","orig_df",1.022749971,3.16544359091304,11,26,0.00987961538461538,2.99819230769231,"AT12-1_4",0.23809,1.15,62,0.312708108086704
"629","Gobiidae","AT14-2-2",1.184185274,1184.185274,"Sub Recent","Bocas","Punta Donato","orig_df",0.8643042613,3.17546042187289,11,26,0.00987961538461538,2.99819230769231,"AT14-2_2",0.085008,0.5441,17,0.315684339677878
"630","Gobiidae","AT14-1-8",1.184642914,1184.642914,"Sub Recent","Bocas","Casa Blanca","orig_df",1.064157478,3.1767652287543,11,26,0.00987961538461538,2.99819230769231,"AT14-1_5",0.186586,0.6334,63,0.316073412000439
"631","Gobiidae","AT12-1-3-1",1.185968924,1185.968924,"Sub Recent","Bocas","STRI Point","orig_df",0.9833960862,3.18054608121919,11,26,0.00987961538461538,2.99819230769231,"AT12-1_4",0.23809,1.15,62,0.317202605501257
"632","Gobiidae","AT14-2-2",1.187654494,1187.654494,"Sub Recent","Bocas","Punta Donato","orig_df",1.100241147,3.18535253300772,11,26,0.00987961538461538,2.99819230769231,"AT14-2_2",0.085008,0.5441,17,0.3186419828982
"633","Gobiidae","AT12-1-2-2",1.187719661,1187.719661,"Sub Recent","Bocas","STRI Point","orig_df",1.032684575,3.18553836726529,11,26,0.00987961538461538,2.99819230769231,"AT12-1_3",0.23893,1.15,73,0.31869772149973
"634","Gobiidae","AT14-3-4",1.190886162,1190.886162,"Sub Recent","Bocas","Cayo Adriana","orig_df",1.020086399,3.19456893404439,11,26,0.00987961538461538,2.99819230769231,"AT14-3_3",0.207246,0.625,27,0.321414161291259
"635","Gobiidae","AT12-1-2-1",1.193512582,1193.512582,"Sub Recent","Bocas","STRI Point","orig_df",1.090315426,3.20206039226383,11,26,0.00987961538461538,2.99819230769231,"AT12-1_2",0.261,1.15,93,0.323679304785547
"636","Gobiidae","AT14-2-1",1.196061729,1196.061729,"Sub Recent","Bocas","Punta Donato","orig_df",0.8553802752,3.20933243818559,11,26,0.00987961538461538,2.99819230769231,"AT14-2_1",0.126321,0.6472,39,0.325888258179299
"637","Gobiidae","AT14-2-2",1.199300736,1199.300736,"Sub Recent","Bocas","Punta Donato","orig_df",0.872699011,3.21857388691842,11,26,0.00987961538461538,2.99819230769231,"AT14-2_2",0.085008,0.5441,17,0.32870990332754
"638","Gobiidae","AT12-1-2-2",1.200536789,1200.536789,"Sub Recent","Bocas","STRI Point","orig_df",1.018440782,3.2221009768346,11,26,0.00987961538461538,2.99819230769231,"AT12-1_3",0.23893,1.15,73,0.329791090112327
"639","Gobiidae","AT12-1-2-1",1.201467261,1201.467261,"Sub Recent","Bocas","STRI Point","orig_df",0.9814959993,3.22475623974815,11,26,0.00987961538461538,2.99819230769231,"AT12-1_2",0.261,1.15,93,0.330606590753523
"640","Gobiidae","AT14-1-2",1.2024152,1202.4152,"Sub Recent","Bocas","Casa Blanca","orig_df",0.8922257768,3.22746148149398,11,26,0.00987961538461538,2.99819230769231,"AT14-1_2",0.255748,0.58385,102,0.33143882221572
"641","Gobiidae","AT12-1-4-1",1.206943819,1206.943819,"Sub Recent","Bocas","STRI Point","orig_df",1.047607376,3.24038717802065,11,26,0.00987961538461538,2.99819230769231,"AT12-1_5",0.21289,1.15,85,0.335434517193403
"642","Gobiidae","AT12-1-2-2",1.209198608,1209.198608,"Sub Recent","Bocas","STRI Point","orig_df",1.096500992,3.24682399709804,11,26,0.00987961538461538,2.99819230769231,"AT12-1_3",0.23893,1.15,73,0.337436236906466
"643","Gobiidae","AT12-1-2-1",1.210011753,1210.011753,"Sub Recent","Bocas","STRI Point","orig_df",1.117700687,3.24914549472409,11,26,0.00987961538461538,2.99819230769231,"AT12-1_2",0.261,1.15,93,0.338160124122262
"644","Gobiidae","AT14-1-2",1.213217636,1213.217636,"Sub Recent","Bocas","Casa Blanca","orig_df",0.9866836397,3.25829912773001,11,26,0.00987961538461538,2.99819230769231,"AT14-1_2",0.255748,0.58385,102,0.341024487086948
"645","Gobiidae","AT14-2-2",1.213291896,1213.291896,"Sub Recent","Bocas","Punta Donato","orig_df",0.8542646669,3.25851117756072,11,26,0.00987961538461538,2.99819230769231,"AT14-2_2",0.085008,0.5441,17,0.341091032828029
"646","Gobiidae","AT12-1-1-1",1.213960831,1213.960831,"Sub Recent","Bocas","STRI Point","orig_df",1.078325795,3.26042136205224,11,26,0.00987961538461538,2.99819230769231,"AT12-1_1",0.1563,0.85,34,0.341690879456039
"647","Gobiidae","AT12-1-2-1",1.21413538,1214.13538,"Sub Recent","Bocas","STRI Point","orig_df",1.094322433,3.26091980826718,11,26,0.00987961538461538,2.99819230769231,"AT12-1_2",0.261,1.15,93,0.341847519853696
"648","Gobiidae","AT12-1-2-2",1.215188948,1215.188948,"Sub Recent","Bocas","STRI Point","orig_df",1.051000222,3.263928497939,11,26,0.00987961538461538,2.99819230769231,"AT12-1_3",0.23893,1.15,73,0.342794039153035
"649","Gobiidae","AT14-3-4",1.216740107,1216.740107,"Sub Recent","Bocas","Cayo Adriana","orig_df",0.9634616605,3.26835846574797,11,26,0.00987961538461538,2.99819230769231,"AT14-3_3",0.207246,0.625,27,0.344190862422622
"650","Gobiidae","AT12-1-3-1",1.216789556,1216.789556,"Sub Recent","Bocas","STRI Point","orig_df",1.107355678,3.2684996934322,11,26,0.00987961538461538,2.99819230769231,"AT12-1_4",0.23809,1.15,62,0.344235455528951
"651","Gobiidae","AT12-1-2-1",1.222574709,1222.574709,"Sub Recent","Bocas","STRI Point","orig_df",1.057375536,3.28502474854121,11,26,0.00987961538461538,2.99819230769231,"AT12-1_2",0.261,1.15,93,0.349479923622934
"652","Gobiidae","AT12-1-2-1",1.22624978,1226.24978,"Sub Recent","Bocas","STRI Point","orig_df",1.042063691,3.29552501007473,11,26,0.00987961538461538,2.99819230769231,"AT12-1_2",0.261,1.15,93,0.352839847004595
"653","Gobiidae","AT12-1-2-1",1.229553314,1229.553314,"Sub Recent","Bocas","STRI Point","orig_df",1.065730422,3.30496543011914,11,26,0.00987961538461538,2.99819230769231,"AT12-1_2",0.261,1.15,93,0.355878955373202
"654","Gobiidae","AT12-1-2-1",1.230046884,1230.046884,"Sub Recent","Bocas","STRI Point","orig_df",1.047648369,3.30637602963346,11,26,0.00987961538461538,2.99819230769231,"AT12-1_2",0.261,1.15,93,0.356334555444083
"655","Gobiidae","AT14-2-2",1.23472891,1234.72891,"Sub Recent","Bocas","Punta Donato","orig_df",1.006915417,3.31975881490733,11,26,0.00987961538461538,2.99819230769231,"AT14-2_2",0.085008,0.5441,17,0.360676324847693
"656","Gobiidae","AT14-2-2",1.238393595,1238.393595,"Sub Recent","Bocas","Punta Donato","orig_df",0.9948178467,3.33023594146222,11,26,0.00987961538461538,2.99819230769231,"AT14-2_2",0.085008,0.5441,17,0.364099912471932
"657","Gobiidae","AT12-1-2-1",1.239179563,1239.179563,"Sub Recent","Bocas","STRI Point","orig_df",1.013347066,3.33248323494086,11,26,0.00987961538461538,2.99819230769231,"AT12-1_2",0.261,1.15,93,0.364837065440224
"658","Gobiidae","AT14-2-1",1.241858344,1241.858344,"Sub Recent","Bocas","Punta Donato","orig_df",0.6778853058,3.34014326566309,11,26,0.00987961538461538,2.99819230769231,"AT14-2_1",0.126321,0.6472,39,0.367357166518869
"659","Gobiidae","AT14-2-2",1.242052098,1242.052098,"Sub Recent","Bocas","Punta Donato","orig_df",0.7527271934,3.34069734985795,11,26,0.00987961538461538,2.99819230769231,"AT14-2_2",0.085008,0.5441,17,0.367539905267162
"660","Gobiidae","AT14-2-2",1.242183293,1242.183293,"Sub Recent","Bocas","Punta Donato","orig_df",0.7501154835,3.34107253528524,11,26,0.00987961538461538,2.99819230769231,"AT14-2_2",0.085008,0.5441,17,0.367663677020475
"661","Gobiidae","AT12-1-3-1",1.242683038,1242.683038,"Sub Recent","Bocas","STRI Point","orig_df",1.038893148,3.34250170600259,11,26,0.00987961538461538,2.99819230769231,"AT12-1_4",0.23809,1.15,62,0.368135407576809
"662","Gobiidae","AT14-2-2",1.243076138,1243.076138,"Sub Recent","Bocas","Punta Donato","orig_df",0.7954125519,3.34362591889546,11,26,0.00987961538461538,2.99819230769231,"AT14-2_2",0.085008,0.5441,17,0.368506763136045
"663","Gobiidae","AT14-2-1",1.243129172,1243.129172,"Sub Recent","Bocas","Punta Donato","orig_df",1.103329989,3.34377759069193,11,26,0.00987961538461538,2.99819230769231,"AT14-2_1",0.126321,0.6472,39,0.368556883218674
"664","Gobiidae","AT14-2-2",1.243204733,1243.204733,"Sub Recent","Bocas","Punta Donato","orig_df",0.8512414353,3.34399368810296,11,26,0.00987961538461538,2.99819230769231,"AT14-2_2",0.085008,0.5441,17,0.36862830065141
"665","Gobiidae","AT12-1-2-1",1.244741414,1244.741414,"Sub Recent","Bocas","STRI Point","orig_df",1.115733096,3.34838863254539,11,26,0.00987961538461538,2.99819230769231,"AT12-1_2",0.261,1.15,93,0.370082775594483
"666","Gobiidae","AT12-1-2-1",1.249972995,1249.972995,"Sub Recent","Bocas","STRI Point","orig_df",1.104770649,3.36335364955429,11,26,0.00987961538461538,2.99819230769231,"AT12-1_2",0.261,1.15,93,0.375064016140903
"667","Gobiidae","AT12-1-2-2",1.25553104,1255.53104,"Sub Recent","Bocas","STRI Point","orig_df",1.071394988,3.3792568612407,11,26,0.00987961538461538,2.99819230769231,"AT12-1_3",0.23893,1.15,73,0.38040630325554
"668","Gobiidae","AT12-1-2-2",1.255604238,1255.604238,"Sub Recent","Bocas","STRI Point","orig_df",1.039377621,3.37946633212833,11,26,0.00987961538461538,2.99819230769231,"AT12-1_3",0.23893,1.15,73,0.380477006046056
"669","Gobiidae","AT12-1-2-1",1.255983163,1255.983163,"Sub Recent","Bocas","STRI Point","orig_df",1.089242042,3.38055071503114,11,26,0.00987961538461538,2.99819230769231,"AT12-1_2",0.261,1.15,93,0.380843158255319
"670","Gobiidae","AT12-1-2-1",1.25693213,1256.93213,"Sub Recent","Bocas","STRI Point","orig_df",1.047259212,3.38326649779817,11,26,0.00987961538461538,2.99819230769231,"AT12-1_2",0.261,1.15,93,0.381761198556578
"671","Gobiidae","AT12-1-1-1",1.257552559,1257.552559,"Sub Recent","Bocas","STRI Point","orig_df",0.9208669267,3.3850421305783,11,26,0.00987961538461538,2.99819230769231,"AT12-1_1",0.1563,0.85,34,0.382362228239203
"672","Gobiidae","AT14-1-8",1.264695642,1264.695642,"Sub Recent","Bocas","Casa Blanca","orig_df",1.039274493,3.40548921498285,11,26,0.00987961538461538,2.99819230769231,"AT14-1_5",0.186586,0.6334,63,0.389328815654141
"673","Gobiidae","AT12-1-6-1",1.26552861,1265.52861,"Sub Recent","Bocas","STRI Point","orig_df",1.066906685,3.40787406325765,11,26,0.00987961538461538,2.99819230769231,"AT12-1_7",0.19713,1.2,16,0.390146830344862
"674","Gobiidae","AT12-1-2-2",1.266554922,1266.554922,"Sub Recent","Bocas","STRI Point","orig_df",1.105480131,3.41081260603139,11,26,0.00987961538461538,2.99819230769231,"AT12-1_3",0.23893,1.15,73,0.391156339215217
"675","Gobiidae","AT12-1-3-1",1.271079448,1271.079448,"Sub Recent","Bocas","STRI Point","orig_df",1.038338962,3.42376905009303,11,26,0.00987961538461538,2.99819230769231,"AT12-1_4",0.23809,1.15,62,0.395628166440278
"676","Gobiidae","AT12-1-1-1",1.271698083,1271.698083,"Sub Recent","Bocas","STRI Point","orig_df",0.9837868184,3.42554080172561,11,26,0.00987961538461538,2.99819230769231,"AT12-1_1",0.1563,0.85,34,0.396242309555279
"677","Gobiidae","AT12-1-4-1",1.272908462,1272.908462,"Sub Recent","Bocas","STRI Point","orig_df",1.100810318,3.42900744761059,11,26,0.00987961538461538,2.99819230769231,"AT12-1_5",0.21289,1.15,85,0.397445791842364
"678","Gobiidae","AT14-2-2",1.273013826,1273.013826,"Sub Recent","Bocas","Punta Donato","orig_df",1.054064167,3.42930923045558,11,26,0.00987961538461538,2.99819230769231,"AT14-2_2",0.085008,0.5441,17,0.397550674019857
"679","Gobiidae","AT12-1-2-1",1.273996442,1273.996442,"Sub Recent","Bocas","STRI Point","orig_df",1.156834777,3.43212370848872,11,26,0.00987961538461538,2.99819230769231,"AT12-1_2",0.261,1.15,93,0.39852971135728
"680","Gobiidae","AT12-1-2-1",1.277634996,1277.634996,"Sub Recent","Bocas","STRI Point","orig_df",1.099716598,3.44254670593544,11,26,0.00987961538461538,2.99819230769231,"AT12-1_2",0.261,1.15,93,0.402169422641846
"681","Gobiidae","AT12-1-2-1",1.278309497,1278.309497,"Sub Recent","Bocas","STRI Point","orig_df",1.057447363,3.44447908709868,11,26,0.00987961538461538,2.99819230769231,"AT12-1_2",0.261,1.15,93,0.402846635232459
"682","Gobiidae","AT12-1-1-1",1.278465238,1278.465238,"Sub Recent","Bocas","STRI Point","orig_df",1.059078223,3.44492527940357,11,26,0.00987961538461538,2.99819230769231,"AT12-1_1",0.1563,0.85,34,0.403003113473523
"683","Gobiidae","AT12-1-2-1",1.283449049,1283.449049,"Sub Recent","Bocas","STRI Point","orig_df",1.202407171,3.45920552957312,11,26,0.00987961538461538,2.99819230769231,"AT12-1_2",0.261,1.15,93,0.408032572869594
"684","Gobiidae","AT12-1-2-1",1.287067185,1287.067185,"Sub Recent","Bocas","STRI Point","orig_df",1.002422713,3.46957487168911,11,26,0.00987961538461538,2.99819230769231,"AT12-1_2",0.261,1.15,93,0.411710720645958
"685","Gobiidae","AT12-1-3-1",1.288367207,1288.367207,"Sub Recent","Bocas","STRI Point","orig_df",1.115366582,3.47330110050978,11,26,0.00987961538461538,2.99819230769231,"AT12-1_4",0.23809,1.15,62,0.41303784260005
"686","Gobiidae","AT14-3-6",1.28955696,1289.55696,"Sub Recent","Bocas","Cayo Adriana","orig_df",1.035482002,3.4767114757335,11,26,0.00987961538461538,2.99819230769231,"AT14-3_5",0.31401,0.6877,40,0.414254967173817
"687","Gobiidae","AT14-2-2",1.292833627,1292.833627,"Sub Recent","Bocas","Punta Donato","orig_df",0.9297192874,3.48610492724735,11,26,0.00987961538461538,2.99819230769231,"AT14-2_2",0.085008,0.5441,17,0.417619738497232
"688","Gobiidae","AT12-1-2-1",1.29292801,1292.92801,"Sub Recent","Bocas","STRI Point","orig_df",1.189170537,3.48637552395126,11,26,0.00987961538461538,2.99819230769231,"AT12-1_2",0.261,1.15,93,0.417716936251313
"689","Gobiidae","AT12-1-4-1",1.294493646,1294.493646,"Sub Recent","Bocas","STRI Point","orig_df",1.055214586,3.49086439518399,11,26,0.00987961538461538,2.99819230769231,"AT12-1_5",0.21289,1.15,85,0.419331529388198
"690","Gobiidae","AT14-3-4",1.296579124,1296.579124,"Sub Recent","Bocas","Cayo Adriana","orig_df",1.163039579,3.49684425063862,11,26,0.00987961538461538,2.99819230769231,"AT14-3_3",0.207246,0.625,27,0.421488865302762
"691","Gobiidae","AT12-1-1-1",1.297199458,1297.199458,"Sub Recent","Bocas","STRI Point","orig_df",0.9752359169,3.49862310062874,11,26,0.00987961538461538,2.99819230769231,"AT12-1_1",0.1563,0.85,34,0.422132040570518
"692","Gobiidae","AT12-1-2-2",1.298292429,1298.292429,"Sub Recent","Bocas","STRI Point","orig_df",1.013889164,3.50175740027494,11,26,0.00987961538461538,2.99819230769231,"AT12-1_3",0.23893,1.15,73,0.423266894111763
"693","Gobiidae","AT14-2-2",1.305190677,1305.190677,"Sub Recent","Bocas","Punta Donato","orig_df",0.797907879,3.52154326682389,11,26,0.00987961538461538,2.99819230769231,"AT14-2_2",0.085008,0.5441,17,0.430477838706888
"694","Gobiidae","AT14-3-6",1.305725597,1305.725597,"Sub Recent","Bocas","Cayo Adriana","orig_df",1.106575323,3.52307782527762,11,26,0.00987961538461538,2.99819230769231,"AT14-3_5",0.31401,0.6877,40,0.431040503519166
"695","Gobiidae","AT14-3-6",1.311516684,1311.516684,"Sub Recent","Bocas","Cayo Adriana","orig_df",1.027908776,3.53969362042529,11,26,0.00987961538461538,2.99819230769231,"AT14-3_5",0.31401,0.6877,40,0.437164307053672
"696","Gobiidae","AT14-1-8",1.311684083,1311.684083,"Sub Recent","Bocas","Casa Blanca","orig_df",1.043742006,3.54017399097351,11,26,0.00987961538461538,2.99819230769231,"AT14-1_5",0.186586,0.6334,63,0.437342206159259
"697","Gobiidae","AT12-1-1-1",1.315155888,1315.155888,"Sub Recent","Bocas","STRI Point","orig_df",1.034727626,3.55013760519941,11,26,0.00987961538461538,2.99819230769231,"AT12-1_1",0.1563,0.85,34,0.441042990625073
"698","Gobiidae","AT14-2-1",1.319386362,1319.386362,"Sub Recent","Bocas","Punta Donato","orig_df",0.8515818742,3.5622807455617,11,26,0.00987961538461538,2.99819230769231,"AT14-2_1",0.126321,0.6472,39,0.445581461366699
"699","Gobiidae","AT14-1-2",1.320099363,1320.099363,"Sub Recent","Bocas","Casa Blanca","orig_df",1.091328264,3.5643275842563,11,26,0.00987961538461538,2.99819230769231,"AT14-1_2",0.255748,0.58385,102,0.446349514675509
"700","Gobiidae","AT12-1-2-1",1.323657556,1323.657556,"Sub Recent","Bocas","STRI Point","orig_df",1.118257998,3.57454326655149,11,26,0.00987961538461538,2.99819230769231,"AT12-1_2",0.261,1.15,93,0.450196028752737
"701","Gobiidae","AT12-1-6-1",1.329180348,1329.180348,"Sub Recent","Bocas","STRI Point","orig_df",1.036394376,3.5904028115974,11,26,0.00987961538461538,2.99819230769231,"AT12-1_7",0.19713,1.2,16,0.456211297351773
"702","Gobiidae","AT12-1-2-2",1.334177653,1334.177653,"Sub Recent","Bocas","STRI Point","orig_df",1.122765347,3.60475693219883,11,26,0.00987961538461538,2.99819230769231,"AT12-1_3",0.23893,1.15,73,0.46170155192502
"703","Gobiidae","AT12-1-1-1",1.33681579,1336.81579,"Sub Recent","Bocas","STRI Point","orig_df",1.094813366,3.61233601602743,11,26,0.00987961538461538,2.99819230769231,"AT12-1_1",0.1563,0.85,34,0.464618129375038
"704","Gobiidae","AT12-1-3-1",1.34541324,1345.41324,"Sub Recent","Bocas","STRI Point","orig_df",1.121314067,3.63704212013659,11,26,0.00987961538461538,2.99819230769231,"AT12-1_4",0.23809,1.15,62,0.474210721833919
"705","Gobiidae","AT14-3-6",1.356678793,1356.678793,"Sub Recent","Bocas","Cayo Adriana","orig_df",1.052765514,3.66943053701827,11,26,0.00987961538461538,2.99819230769231,"AT14-3_5",0.31401,0.6877,40,0.486984826432717
"706","Gobiidae","AT14-1-2",1.356830315,1356.830315,"Sub Recent","Bocas","Casa Blanca","orig_df",1.136723989,3.66986627836323,11,26,0.00987961538461538,2.99819230769231,"AT14-1_2",0.255748,0.58385,102,0.487158229405368
"707","Gobiidae","AT12-1-6-1",1.357709846,1357.709846,"Sub Recent","Bocas","STRI Point","orig_df",1.109104932,3.67239566173691,11,26,0.00987961538461538,2.99819230769231,"AT12-1_7",0.19713,1.2,16,0.488165608589491
"708","Gobiidae","AT12-1-2-1",1.36159103,1361.59103,"Sub Recent","Bocas","STRI Point","orig_df",1.115695801,3.68355853142153,11,26,0.00987961538461538,2.99819230769231,"AT12-1_2",0.261,1.15,93,0.492628037437639
"709","Gobiidae","AT14-1-2",1.361729536,1361.729536,"Sub Recent","Bocas","Casa Blanca","orig_df",1.101211418,3.68395693275636,11,26,0.00987961538461538,2.99819230769231,"AT14-1_2",0.255748,0.58385,102,0.492787801372915
"710","Gobiidae","AT14-1-2",1.365799517,1365.799517,"Sub Recent","Bocas","Casa Blanca","orig_df",1.130819473,3.69566504770417,11,26,0.00987961538461538,2.99819230769231,"AT14-1_2",0.255748,0.58385,102,0.497498335293683
"711","Gobiidae","AT14-1-8",1.366760104,1366.760104,"Sub Recent","Bocas","Casa Blanca","orig_df",1.197196587,3.69842869053951,11,26,0.00987961538461538,2.99819230769231,"AT14-1_5",0.186586,0.6334,63,0.498614594013898
"712","Gobiidae","AT14-1-2",1.367589222,1367.589222,"Sub Recent","Bocas","Casa Blanca","orig_df",1.134627826,3.70081419117051,11,26,0.00987961538461538,2.99819230769231,"AT14-1_2",0.255748,0.58385,102,0.499579459109599
"713","Gobiidae","AT12-1-2-1",1.381575614,1381.575614,"Sub Recent","Bocas","STRI Point","orig_df",1.194481468,3.74106894546695,11,26,0.00987961538461538,2.99819230769231,"AT12-1_2",0.261,1.15,93,0.516049514634494
"714","Gobiidae","AT12-1-3-1",1.389075428,1389.075428,"Sub Recent","Bocas","STRI Point","orig_df",1.175568173,3.76266507195133,11,26,0.00987961538461538,2.99819230769231,"AT12-1_4",0.23809,1.15,62,0.525032762652371
"715","Gobiidae","AT12-1-3-1",1.395100382,1395.100382,"Sub Recent","Bocas","STRI Point","orig_df",1.088964791,3.78001960172103,11,26,0.00987961538461538,2.99819230769231,"AT12-1_4",0.23809,1.15,62,0.532326715039431
"716","Gobiidae","AT14-3-6",1.402596599,1402.596599,"Sub Recent","Bocas","Cayo Adriana","orig_df",1.13261988,3.80161863459518,11,26,0.00987961538461538,2.99819230769231,"AT14-3_5",0.31401,0.6877,40,0.541498523016417
"717","Gobiidae","AT12-1-2-2",1.422087086,1422.087086,"Sub Recent","Bocas","STRI Point","orig_df",1.157688412,3.85781112957811,11,26,0.00987961538461538,2.99819230769231,"AT12-1_3",0.23893,1.15,73,0.565852186943573
"718","Gobiidae","AT12-1-2-2",1.43111842,1431.11842,"Sub Recent","Bocas","STRI Point","orig_df",1.158443573,3.88386568130987,11,26,0.00987961538461538,2.99819230769231,"AT12-1_3",0.23893,1.15,73,0.577387576784003
"719","Gobiidae","AT14-3-6",1.436084091,1436.084091,"Sub Recent","Bocas","Cayo Adriana","orig_df",1.152257741,3.89819561139474,11,26,0.00987961538461538,2.99819230769231,"AT14-3_5",0.31401,0.6877,40,0.583798295649087
"720","Gobiidae","AT12-1-2-1",1.444005755,1444.005755,"Sub Recent","Bocas","STRI Point","orig_df",1.205455349,3.92106242709169,11,26,0.00987961538461538,2.99819230769231,"AT12-1_2",0.261,1.15,93,0.594126079730868
"721","Gobiidae","AT14-3-4",1.47671575,1476.71575,"Sub Recent","Bocas","Cayo Adriana","orig_df",1.144394561,4.01556725258476,11,26,0.00987961538461538,2.99819230769231,"AT14-3_3",0.207246,0.625,27,0.638100905148438
"722","Gobiidae","AT14-1-2",1.489726228,1489.726228,"Sub Recent","Bocas","Casa Blanca","orig_df",1.241123544,4.053193749814,11,26,0.00987961538461538,2.99819230769231,"AT14-1_2",0.255748,0.58385,102,0.656195760146338
"723","Gobiidae","AT12-1-2-1",1.49305263,1493.05263,"Sub Recent","Bocas","STRI Point","orig_df",1.210420176,4.06281709756178,11,26,0.00987961538461538,2.99819230769231,"AT12-1_2",0.261,1.15,93,0.660877976852874
"724","Gobiidae","AT12-1-2-2",1.500621488,1500.621488,"Sub Recent","Bocas","STRI Point","orig_df",1.308428327,4.08471900377705,11,26,0.00987961538461538,2.99819230769231,"AT12-1_3",0.23893,1.15,73,0.671617188254876
"725","Gobiidae","AT14-1-2",1.512955374,1512.955374,"Sub Recent","Bocas","Casa Blanca","orig_df",1.272614739,4.12042436426317,11,26,0.00987961538461538,2.99819230769231,"AT14-1_2",0.255748,0.58385,102,0.689372970848785
"726","Gobiidae","AT14-1-8",1.517655802,1517.655802,"Sub Recent","Bocas","Casa Blanca","orig_df",1.299011423,4.13403648392093,11,26,0.00987961538461538,2.99819230769231,"AT14-1_5",0.186586,0.6334,63,0.696223595691633
"727","Gobiidae","AT12-1-2-2",1.524998838,1524.998838,"Sub Recent","Bocas","STRI Point","orig_df",1.276825008,4.15530674973835,11,26,0.00987961538461538,2.99819230769231,"AT12-1_3",0.23893,1.15,73,0.707018962739493
"728","Gobiidae","AT12-1-2-1",1.529719426,1529.719426,"Sub Recent","Bocas","STRI Point","orig_df",1.281319824,4.16898410239531,11,26,0.00987961538461538,2.99819230769231,"AT12-1_2",0.261,1.15,93,0.714019267118385
"729","Gobiidae","AT12-1-2-2",1.531300904,1531.300904,"Sub Recent","Bocas","STRI Point","orig_df",1.379542858,4.17356684759128,11,26,0.00987961538461538,2.99819230769231,"AT12-1_3",0.23893,1.15,73,0.716375085284997
"730","Gobiidae","AT12-1-1-1",1.553749367,1553.749367,"Sub Recent","Bocas","STRI Point","orig_df",1.315635763,4.23864926780277,11,26,0.00987961538461538,2.99819230769231,"AT12-1_1",0.1563,0.85,34,0.750392783746019
"731","Gobiidae","AT12-1-2-1",1.554102462,1554.102462,"Sub Recent","Bocas","STRI Point","orig_df",1.254580098,4.23967343559141,11,26,0.00987961538461538,2.99819230769231,"AT12-1_2",0.261,1.15,93,0.750936530406985
"732","Gobiidae","AT14-1-8",1.568265765,1568.265765,"Sub Recent","Bocas","Casa Blanca","orig_df",1.271514626,4.28076682673569,11,26,0.00987961538461538,2.99819230769231,"AT14-1_5",0.186586,0.6334,63,0.772970925099899
"733","Gobiidae","AT12-1-1-1",1.611297529,1611.297529,"Sub Recent","Bocas","STRI Point","orig_df",1.287279228,4.40576233430032,11,26,0.00987961538461538,2.99819230769231,"AT12-1_1",0.1563,0.85,34,0.842634124684005
"734","Gobiidae","AT14-1-8",1.612358876,1612.358876,"Sub Recent","Bocas","Casa Blanca","orig_df",1.35810897,4.40884794883554,11,26,0.00987961538461538,2.99819230769231,"AT14-1_5",0.186586,0.6334,63,0.844404734983334
"735","Gobiidae","AT14-1-2",1.630687572,1630.687572,"Sub Recent","Bocas","Casa Blanca","orig_df",1.346778896,4.46215447740989,11,26,0.00987961538461538,2.99819230769231,"AT14-1_2",0.255748,0.58385,102,0.875386137139035
"736","Gobiidae","AT12-1-1-1",1.644821946,1644.821946,"Sub Recent","Bocas","STRI Point","orig_df",1.295135632,4.50328829438546,11,26,0.00987961538461538,2.99819230769231,"AT12-1_1",0.1563,0.85,34,0.899803979227905
"737","Gobiidae","AT12-1-2-1",1.672451347,1672.451347,"Sub Recent","Bocas","STRI Point","orig_df",1.152677191,4.58375970914952,11,26,0.00987961538461538,2.99819230769231,"AT12-1_2",0.261,1.15,93,0.948877788551863
"738","Gobiidae","AT12-1-2-1",1.704475817,1704.475817,"Sub Recent","Bocas","STRI Point","orig_df",1.081824692,4.67713705144658,11,26,0.00987961538461538,2.99819230769231,"AT12-1_2",0.261,1.15,93,1.00802013654491
"739","Gobiidae","AT12-1-6-1",1.710174271,1710.174271,"Sub Recent","Bocas","STRI Point","orig_df",1.437809139,4.69376436413653,11,26,0.00987961538461538,2.99819230769231,"AT12-1_7",0.19713,1.2,16,1.01880245802957
"740","Gobiidae","AT12-1-6-1",1.711456929,1711.456929,"Sub Recent","Bocas","STRI Point","orig_df",1.400701314,4.69750746899141,11,26,0.00987961538461538,2.99819230769231,"AT12-1_7",0.19713,1.2,16,1.02124030339346
"741","Gobiidae","AT14-1-8",1.711791278,1711.791278,"Sub Recent","Bocas","Casa Blanca","orig_df",1.268882663,4.6984832090243,11,26,0.00987961538461538,2.99819230769231,"AT14-1_5",0.186586,0.6334,63,1.02187643093716
"742","Gobiidae","AT14-1-8",1.741097602,1741.097602,"Sub Recent","Bocas","Casa Blanca","orig_df",1.383087015,4.78405525269418,11,26,0.00987961538461538,2.99819230769231,"AT14-1_5",0.186586,0.6334,63,1.07869765815708
"743","Gobiidae","AT14-1-8",1.751240841,1751.240841,"Sub Recent","Bocas","Casa Blanca","orig_df",1.546161996,4.81369397518968,11,26,0.00987961538461538,2.99819230769231,"AT14-1_5",0.186586,0.6334,63,1.09885846439133
"744","Gobiidae","AT14-1-8",1.753688525,1753.688525,"Sub Recent","Bocas","Casa Blanca","orig_df",1.502569793,4.82084777923976,11,26,0.00987961538461538,2.99819230769231,"AT14-1_5",0.186586,0.6334,63,1.10376194524676
"745","Gobiidae","AT14-1-8",1.768140782,1768.140782,"Sub Recent","Bocas","Casa Blanca","orig_df",1.456294174,4.86309998638671,11,26,0.00987961538461538,2.99819230769231,"AT14-1_5",0.186586,0.6334,63,1.13302086227319
"746","Gobiidae","AT14-1-8",1.786488829,1786.488829,"Sub Recent","Bocas","Casa Blanca","orig_df",1.556938197,4.91677326440534,11,26,0.00987961538461538,2.99819230769231,"AT14-1_5",0.186586,0.6334,63,1.17092812321685
"747","Gobiidae","AT14-3-6",1.818656841,1818.656841,"Sub Recent","Bocas","Cayo Adriana","orig_df",1.503882173,5.01095784626877,11,26,0.00987961538461538,2.99819230769231,"AT14-3_5",0.31401,0.6877,40,1.23947292474537
"748","Gobiidae","AT12-1-6-1",1.81926817,1819.26817,"Sub Recent","Bocas","STRI Point","orig_df",1.459313358,5.01274877997277,11,26,0.00987961538461538,2.99819230769231,"AT12-1_7",0.19713,1.2,16,1.24080157403322
"749","Gobiidae","AT14-1-2",1.852539637,1852.539637,"Sub Recent","Bocas","Casa Blanca","orig_df",1.450640948,5.1102770930979,11,26,0.00987961538461538,2.99819230769231,"AT14-1_2",0.255748,0.58385,102,1.31459730120235
"750","Gobiidae","AT12-1-1-1",1.85472155,1854.72155,"Sub Recent","Bocas","STRI Point","orig_df",1.443668432,5.11667680530785,11,26,0.00987961538461538,2.99819230769231,"AT12-1_1",0.1563,0.85,34,1.31953940074369
"751","Gobiidae","AT14-1-8",1.872151755,1872.151755,"Sub Recent","Bocas","Casa Blanca","orig_df",1.584735582,5.16781793538009,11,26,0.00987961538461538,2.99819230769231,"AT14-1_5",0.186586,0.6334,63,1.35947808905915
"752","Gobiidae","AT14-3-6",1.911464171,1911.464171,"Sub Recent","Bocas","Cayo Adriana","orig_df",1.473972454,5.28327278392077,11,26,0.00987961538461538,2.99819230769231,"AT14-3_5",0.31401,0.6877,40,1.45258767618778
"753","Gobiidae","AT12-1-2-2",1.923102575,1923.102575,"Sub Recent","Bocas","STRI Point","orig_df",1.586088803,5.31748204162012,11,26,0.00987961538461538,2.99819230769231,"AT12-1_3",0.23893,1.15,73,1.48097006484258
"754","Gobiidae","AT12-1-2-1",1.957448478,1957.448478,"Sub Recent","Bocas","STRI Point","orig_df",1.789356954,5.4185124821497,11,26,0.00987961538461538,2.99819230769231,"AT12-1_2",0.261,1.15,93,1.56694460272434
"755","Gobiidae","AT12-1-2-2",1.97595919,1975.95919,"Sub Recent","Bocas","STRI Point","orig_df",1.750334411,5.47300943536067,11,26,0.00987961538461538,2.99819230769231,"AT12-1_3",0.23893,1.15,73,1.61467136147083
"756","Gobiidae","AT12-1-6-1",1.982052758,1982.052758,"Sub Recent","Bocas","STRI Point","orig_df",1.687449261,5.49095644512202,11,26,0.00987961538461538,2.99819230769231,"AT12-1_7",0.19713,1.2,16,1.63059827406262
"757","Gobiidae","AT14-1-2",2.016928387,2016.928387,"Sub Recent","Bocas","Casa Blanca","orig_df",1.714769234,5.59374031860203,11,26,0.00987961538461538,2.99819230769231,"AT14-1_2",0.255748,0.58385,102,1.72383353480205
"758","Gobiidae","AT14-3-4",2.127921012,2127.921012,"Sub Recent","Bocas","Cayo Adriana","orig_df",1.785289403,5.92159261336736,11,26,0.00987961538461538,2.99819230769231,"AT14-3_3",0.207246,0.625,27,2.04483977686868
"759","Gobiidae","AT12-1-2-1",2.500861506,2500.861506,"Sub Recent","Bocas","STRI Point","orig_df",2.147604795,7.03084797516339,11,26,0.00987961538461538,2.99819230769231,"AT12-1_2",0.261,1.15,93,3.42162200978036
"760","Haemulidae","AT13-12-1-2",1.823589644,1823.589644,"Sub Recent","Bocas","Casa Blanca","orig_df",1.323350011,3.7991314321577,12,43,0.0170290697674419,3.03186511627907,"AT13-12_2",0.29472,0.6281,38,0.974351342981227
"761","Haemulidae","AT13-12-1-2",2.200757517,2200.757517,"Sub Recent","Bocas","Casa Blanca","orig_df",1.39329985,4.65999725400487,12,43,0.0170290697674419,3.03186511627907,"AT13-12_2",0.29472,0.6281,38,1.80986463478481
"762","Haemulidae","AT14-3-1",2.291687931,2291.687931,"Sub Recent","Bocas","Cayo Adriana","orig_df",1.367837229,4.8695474166498,12,43,0.0170290697674419,3.03186511627907,"AT14-3_1",0.193504,0.5189,23,2.06806234052168
"763","Haemulidae","AT13-10-5",2.62503451,2625.03451,"Sub Recent","Bocas","Punta Caracol","orig_df",1.71047662,5.64372066684612,12,43,0.0170290697674419,3.03186511627907,"AT13-10_9",NA,NA,NA,3.23471616179297
"764","Haemulidae","AT13-12-1-2",2.705447595,2705.447595,"Sub Recent","Bocas","Casa Blanca","orig_df",1.849724684,5.83179375139138,12,43,0.0170290697674419,3.03186511627907,"AT13-12_2",0.29472,0.6281,38,3.57272647450443
"765","Haemulidae","AT13-10-5",3.001159319,3001.159319,"Sub Recent","Bocas","Punta Caracol","orig_df",2.211317842,6.52748031116768,12,43,0.0170290697674419,3.03186511627907,"AT13-10_9",NA,NA,NA,5.02793435320129
"766","Haemulidae","AT14-3-1",3.318066241,3318.066241,"Sub Recent","Bocas","Cayo Adriana","orig_df",2.01362617,7.27963164024227,12,43,0.0170290697674419,3.03186511627907,"AT14-3_1",0.193504,0.5189,23,6.99826450590165
"767","Haemulidae","AT13-12-1-2",4.09094071,4090.94071,"Sub Recent","Bocas","Casa Blanca","orig_df",2.594288288,9.13917441670516,12,43,0.0170290697674419,3.03186511627907,"AT13-12_2",0.29472,0.6281,38,13.9486197130293
"768","Pomacentridae","AT13-10-2-1",1.32,1320,"Sub Recent","Bocas","Punta Caracol",NA,NA,4.39757258207782,2,3,0.0236666666666667,3.0377,"AT13-10_3",0.27105,0.6821,18,2.12826289489086
"769","Pomacentridae","AT13-10-3-2",2.51,2510,"Sub Recent","Bocas","Punta Caracol",NA,NA,7.7866200210882,2,3,0.0236666666666667,3.0377,"AT13-10_5",0.31048,0.6716,38,12.0722410048207
"770","Pomacentridae","AT13-10-4-1",1.79,1790,"Sub Recent","Bocas","Punta Caracol",NA,NA,5.76523266607452,2,3,0.0236666666666667,3.0377,"AT13-10_6",0.33121,0.7088,27,4.84473921855171
"771","Pomacentridae","AT13-10-5-1",1.64,1640,"Sub Recent","Bocas","Punta Caracol",NA,NA,5.33364936565286,2,3,0.0236666666666667,3.0377,"AT13-10_8",0.20766,0.5594,14,3.82489309723266
"772","Pomacentridae","AT14-1-3",1.58,1580,"Sub Recent","Bocas","Casa Blanca",NA,NA,5.15980737073698,2,3,0.0236666666666667,3.0377,"AT14-1_3",0.177701,0.6843,95,3.45862791359529
"773","Pomacentridae","AT14-1-8",1.51,1510,"Sub Recent","Bocas","Casa Blanca",NA,NA,4.95606163115509,2,3,0.0236666666666667,3.0377,"AT14-1_5",0.186586,0.6334,63,3.06022841073638
"774","Pomacentridae","AT14-2-1",2.49,2490,"Sub Recent","Bocas","Punta Donato",NA,NA,7.73143414425462,2,3,0.0236666666666667,3.0377,"AT14-2_1",0.126321,0.6472,39,11.8142098609302
"775","Apogonidae","AT14-2-2",0.95612544,956.1254397,"Sub Recent","Bocas","Punta Donato",NA,0.3823862008,1.61909283200225,3,3,0.01806,2.9928,"AT14-2_2",0.085008,0.5441,17,0.07638819352023
"776","Apogonidae","AT14-2-2",0.960898159,960.8981593,"Sub Recent","Bocas","Punta Donato",NA,0.7170708572,1.62705724522729,3,3,0.01806,2.9928,"AT14-2_2",0.085008,0.5441,17,0.0775182830407154
"777","Apogonidae","AT14-2-2",1.018537819,1018.537819,"Sub Recent","Bocas","Punta Donato",NA,0.6990807196,1.72319814071613,3,3,0.01806,2.9928,"AT14-2_2",0.085008,0.5441,17,0.0920495743272038
"778","Apogonidae","AT14-2-2",1.067609711,1067.609711,"Sub Recent","Bocas","Punta Donato",NA,0.7919812523,1.80498585643402,3,3,0.01806,2.9928,"AT14-2_2",0.085008,0.5441,17,0.105752962962978
"779","Apogonidae","AT14-2-2",1.076022836,1076.022836,"Sub Recent","Bocas","Punta Donato",NA,0.8542800749,1.81900238938047,3,3,0.01806,2.9928,"AT14-2_2",0.085008,0.5441,17,0.108229774866386
"780","Apogonidae","AT14-2-2",1.085588381,1085.588381,"Sub Recent","Bocas","Punta Donato",NA,0.8073079346,1.834936957896,3,3,0.01806,2.9928,"AT14-2_2",0.085008,0.5441,17,0.111092084971162
"781","Apogonidae","AT14-2-2",1.094609367,1094.609367,"Sub Recent","Bocas","Punta Donato",NA,0.7393405037,1.84996251544904,3,3,0.01806,2.9928,"AT14-2_2",0.085008,0.5441,17,0.113836873357856
"782","Apogonidae","AT14-2-2",1.099148823,1099.148823,"Sub Recent","Bocas","Punta Donato",NA,0.8127486463,1.85752285459626,3,3,0.01806,2.9928,"AT14-2_2",0.085008,0.5441,17,0.115234870420928
"783","Apogonidae","AT14-2-2",1.109975229,1109.975229,"Sub Recent","Bocas","Punta Donato",NA,0.8489800187,1.87555210933485,3,3,0.01806,2.9928,"AT14-2_2",0.085008,0.5441,17,0.118614728954213
"784","Apogonidae","AT14-2-2",1.124328058,1124.328058,"Sub Recent","Bocas","Punta Donato",NA,0.8810711359,1.89944999698357,3,3,0.01806,2.9928,"AT14-2_2",0.085008,0.5441,17,0.123195606817614
"785","Apogonidae","AT14-2-2",1.147113687,1147.113687,"Sub Recent","Bocas","Punta Donato",NA,0.874159448,1.93737967156758,3,3,0.01806,2.9928,"AT14-2_2",0.085008,0.5441,17,0.130705545903539
"786","Apogonidae","AT14-2-2",1.150507199,1150.507199,"Sub Recent","Bocas","Punta Donato",NA,0.9176369413,1.9430276769843,3,3,0.01806,2.9928,"AT14-2_2",0.085008,0.5441,17,0.131849248201696
"787","Apogonidae","AT14-2-2",1.155843069,1155.843069,"Sub Recent","Bocas","Punta Donato",NA,0.8824812255,1.951907964804,3,3,0.01806,2.9928,"AT14-2_2",0.085008,0.5441,17,0.133660920409676
"788","Apogonidae","AT14-2-2",1.170888635,1170.888635,"Sub Recent","Bocas","Punta Donato",NA,0.7843882615,1.97694453766836,3,3,0.01806,2.9928,"AT14-2_2",0.085008,0.5441,17,0.138857723932111
"789","Apogonidae","AT14-2-2",1.193902792,1193.902792,"Sub Recent","Bocas","Punta Donato",NA,0.8387427198,2.01523222593465,3,3,0.01806,2.9928,"AT14-2_2",0.085008,0.5441,17,0.147062486122415
"790","Apogonidae","AT14-2-2",1.199358573,1199.358573,"Sub Recent","Bocas","Punta Donato",NA,0.774141678,2.02430720078865,3,3,0.01806,2.9928,"AT14-2_2",0.085008,0.5441,17,0.149053375512379
"791","Apogonidae","AT14-2-2",1.239766879,1239.766879,"Sub Recent","Bocas","Punta Donato",NA,0.8924962142,2.09150262654299,3,3,0.01806,2.9928,"AT14-2_2",0.085008,0.5441,17,0.164356047386355
"792","Engraulidae","AT14-2-2",1.679206665,1679.206665,"Sub Recent","Bocas","Punta Donato",NA,0.9507650068,5.77951427065129,9,49,0.00612244897959184,3.19008591836735,"AT14-2_2",0.085008,0.5441,17,1.64977231387683
"793","Engraulidae","AT14-2-2",1.766607387,1766.607387,"Sub Recent","Bocas","Punta Donato",NA,1.286522115,6.11614676941992,9,49,0.00612244897959184,3.19008591836735,"AT14-2_2",0.085008,0.5441,17,1.97631990273456
"794","Engraulidae","AT14-2-2",1.782414773,1782.414773,"Sub Recent","Bocas","Punta Donato",NA,1.071085507,6.1772394608794,9,49,0.00612244897959184,3.19008591836735,"AT14-2_2",0.085008,0.5441,17,2.03998687299933
"795","Engraulidae","AT14-2-2",1.786969496,1786.969496,"Sub Recent","Bocas","Punta Donato",NA,1.023164099,6.19485430880285,9,49,0.00612244897959184,3.19008591836735,"AT14-2_2",0.085008,0.5441,17,2.0586021608453
"796","Engraulidae","AT14-2-2",1.800772235,1800.772235,"Sub Recent","Bocas","Punta Donato",NA,1.105713601,6.24826644933316,9,49,0.00612244897959184,3.19008591836735,"AT14-2_2",0.085008,0.5441,17,2.11576038610314
"797","Engraulidae","AT14-2-2",1.905428901,1905.428901,"Sub Recent","Bocas","Punta Donato",NA,1.039926017,6.65477416185419,9,49,0.00612244897959184,3.19008591836735,"AT14-2_2",0.085008,0.5441,17,2.58696881381651
"798","Engraulidae","AT14-2-2",2.042450338,2042.450338,"Sub Recent","Bocas","Punta Donato",NA,1.154777782,7.19089537766078,9,49,0.00612244897959184,3.19008591836735,"AT14-2_2",0.085008,0.5441,17,3.31235184922636
"799","Engraulidae","AT14-2-2",2.128804609,2128.804609,"Sub Recent","Bocas","Punta Donato",NA,1.178804083,7.53093601360021,9,49,0.00612244897959184,3.19008591836735,"AT14-2_2",0.085008,0.5441,17,3.83838635719795
"800","Engraulidae","AT14-2-2",2.129690928,2129.690928,"Sub Recent","Bocas","Punta Donato",NA,1.411285134,7.53443450464614,9,49,0.00612244897959184,3.19008591836735,"AT14-2_2",0.085008,0.5441,17,3.84407755639887
"801","Engraulidae","AT14-2-2",2.136173167,2136.173167,"Sub Recent","Bocas","Punta Donato",NA,1.071220691,7.56002641098396,9,49,0.00612244897959184,3.19008591836735,"AT14-2_2",0.085008,0.5441,17,3.88588571328162
"802","Engraulidae","AT14-2-2",2.206866958,2206.866958,"Sub Recent","Bocas","Punta Donato",NA,1.397833647,7.83970437722706,9,49,0.00612244897959184,3.19008591836735,"AT14-2_2",0.085008,0.5441,17,4.36332950917911
"803","Engraulidae","AT14-2-2",2.368319079,2368.319079,"Sub Recent","Bocas","Punta Donato",NA,1.116015549,8.48229022706971,9,49,0.00612244897959184,3.19008591836735,"AT14-2_2",0.085008,0.5441,17,5.60998667216062
"804","Engraulidae","AT14-2-2",2.414856475,2414.856475,"Sub Recent","Bocas","Punta Donato",NA,1.724293443,8.66847015995068,9,49,0.00612244897959184,3.19008591836735,"AT14-2_2",0.085008,0.5441,17,6.01232161180843
"805","Engraulidae","AT14-2-2",2.554453316,2554.453316,"Sub Recent","Bocas","Punta Donato",NA,1.747031537,9.2294152477663,9,49,0.00612244897959184,3.19008591836735,"AT14-2_2",0.085008,0.5441,17,7.3436801739083
"806","Engraulidae","AT14-2-2",2.597832384,2597.832384,"Sub Recent","Bocas","Punta Donato",NA,1.674913522,9.40445956996012,9,49,0.00612244897959184,3.19008591836735,"AT14-2_2",0.085008,0.5441,17,7.7972913736052
"807","Engraulidae","AT14-2-2",2.687330708,2687.330708,"Sub Recent","Bocas","Punta Donato",NA,1.802913017,9.76667015381276,9,49,0.00612244897959184,3.19008591836735,"AT14-2_2",0.085008,0.5441,17,8.79633201102218
"808","Bythitidae","AT13-10-3-2",2.044715,2044.715,"Sub Recent","Bocas","Punta Caracol","new_2025",1.03252,4.14850990785763,1,55,0.0072,3.155,"AT13-10_5",0.31048,0.6716,38,0.640888047029175
"809","Bythitidae","AT13-10-3-2",1.862663,1862.663,"Sub Recent","Bocas","Punta Caracol","new_2025",0.955112,3.66937340719733,1,55,0.0072,3.155,"AT13-10_5",0.31048,0.6716,38,0.435130945062529
"810","Bythitidae","AT14-1-2",1.589001,1589.001,"Sub Recent","Bocas","Casa Blanca","new_2025",0.729697,2.97692184637429,1,55,0.0072,3.155,"AT14-1_2",0.255748,0.58385,102,0.224941065590164
"811","Bythitidae","AT14-1-2",2.284567,2284.567,"Sub Recent","Bocas","Casa Blanca","new_2025",1.073294,4.80054250841263,1,55,0.0072,3.155,"AT14-1_2",0.255748,0.58385,102,1.01578888190853
"812","Bythitidae","AT14-3-3",2.211921,2211.921,"Sub Recent","Bocas","Cayo Adriana","new_2025",1.092835,4.60065578401694,1,55,0.0072,3.155,"AT14-3_2",0.195697,0.5768,34,0.888236835245272
"813","Bythitidae","AT14-3-5",2.508636,2508.636,"Sub Recent","Bocas","Cayo Adriana","new_2025",1.206559,5.4296089608609,1,55,0.0072,3.155,"AT14-3_4",0.279638,0.6827,60,1.49805335278966
"814","Bythitidae","AT14-3-5",1.876843,1876.843,"Sub Recent","Bocas","Cayo Adriana","new_2025",0.963028,3.70618166977753,1,55,0.0072,3.155,"AT14-3_4",0.279638,0.6827,60,0.449051598636033
"815","Bythitidae","AT14-3-5",2.077438,2077.438,"Sub Recent","Bocas","Cayo Adriana","new_2025",1.039903,4.23610822226564,1,55,0.0072,3.155,"AT14-3_4",0.279638,0.6827,60,0.684563168177016
"816","Bythitidae","AT14-2-1",3.447232,3447.232,"Sub Recent","Bocas","Punta Donato","new_2025",1.567733,8.24962342101133,1,55,0.0072,3.155,"AT14-2_1",0.126321,0.6472,39,5.60637519505455
"817","Bythitidae","AT14-2-1",1.871451,1871.451,"Sub Recent","Bocas","Punta Donato","new_2025",0.989896,3.69217478990184,1,55,0.0072,3.155,"AT14-2_1",0.126321,0.6472,39,0.443718977401378
"818","Bythitidae","AT14-3-1",2.112509,2112.509,"Sub Recent","Bocas","Cayo Adriana","new_2025",1.124944,4.33047738215729,1,55,0.0072,3.155,"AT14-3_1",0.193504,0.5189,23,0.733842509152331
"819","Bythitidae","AT14-3-1",2.535147,2535.147,"Sub Recent","Bocas","Cayo Adriana","new_2025",1.158224,5.50525221387162,1,55,0.0072,3.155,"AT14-3_1",0.193504,0.5189,23,1.56489292210469
"820","Bythitidae","AT14-1-7",1.450573,1450.573,"Sub Recent","Bocas","Casa Blanca","new_2025",0.671133,2.64040177872524,1,55,0.0072,3.155,"AT14-1_4",0.178184,0.6442,58,0.154064081444294
"821","Bythitidae","AT14-1-5",1.86283,1862.83,"Sub Recent","Bocas","Casa Blanca","new_2025",0.946021,3.66980638973548,1,55,0.0072,3.155,"AT14-1_1",0.093953,0.4014,23,0.435292959241097
"822","Bythitidae","AT14-1-8",1.680012,1680.012,"Sub Recent","Bocas","Casa Blanca","new_2025",0.884474,3.20332963887293,1,55,0.0072,3.155,"AT14-1_5",0.186586,0.6334,63,0.283469048279845
"823","Bythitidae","AT13-12-4-1",2.414353,2414.353,"Sub Recent","Bocas","Casa Blanca","new_2025",1.078657,5.16265007477402,1,55,0.0072,3.155,"AT13-12_7",0.28469,0.5885,73,1.27774982984962
"824","Bythitidae","AT13-12-4-2",2.766129,2766.129,"Sub Recent","Bocas","Casa Blanca","new_2025",1.502016,6.17471797760957,1,55,0.0072,3.155,"AT13-12_8",0.28791,0.6922,48,2.24765437862942
"825","Bythitidae","AT14-3-6",2.282258,2282.258,"Sub Recent","Bocas","Cayo Adriana","new_2025",1.181458,4.79415794665661,1,55,0.0072,3.155,"AT14-3_5",0.31401,0.6877,40,1.0115326909694
"826","Bythitidae","AT12-1-2-2",3.580645,3580.645,"Sub Recent","Bocas","STRI Point","new_2025",1.75,8.67236736322691,1,55,0.0072,3.155,"AT12-1_3",0.23893,1.15,73,6.56382258468286
"827","Bythitidae","AT12-1-3-1",1.119407,1119.407,"Sub Recent","Bocas","STRI Point","new_2025",0.608233,1.87732934480345,1,55,0.0072,3.155,"AT12-1_4",0.23809,1.15,62,0.0525233810994545
"828","Bythitidae","AT12-1-5-1",2.044657,2044.657,"Sub Recent","Bocas","STRI Point","new_2025",1.006951,4.14835503492196,1,55,0.0072,3.155,"AT12-1_6",0.27754,1.1,20,0.640812564322542
"829","Bythitidae","AT12-1-6-1",2.794077,2794.077,"Sub Recent","Bocas","STRI Point","new_2025",1.315213,6.25695681286429,1,55,0.0072,3.155,"AT12-1_7",0.19713,1.2,16,2.34346384685557
"830","Bythitidae","AT13-10-4-2",1.978495,1978.495,"Sub Recent","Bocas","Punta Caracol","new_2025",0.938172,3.97259881727998,1,55,0.0072,3.155,"AT13-10_7",0.29614,0.7047,21,0.559001796002617
"831","Bythitidae","AT13-12-3-1",2.046271,2046.271,"Sub Recent","Bocas","Casa Blanca","new_2025",0.897849,4.15266529316136,1,55,0.0072,3.155,"AT13-12_5",0.26412,0.582,38,0.642915586692973
"832","Bythitidae","AT13-10-5-1",2.043011,2043.011,"Sub Recent","Bocas","Punta Caracol","new_2025",1.026882,4.14396042684686,1,55,0.0072,3.155,"AT13-10_8",0.20766,0.5594,14,0.63867322929655
"833","Bythitidae","AT12-1-2-1",3.381601,3381.601,"Sub Recent","Bocas","STRI Point","new_2025",1.554696,8.04353754761577,1,55,0.0072,3.155,"AT12-1_2",0.261,1.15,93,5.17628376358689
"834","Bythitidae","AT12-1-2-1",1.260764,1260.764,"Sub Recent","Bocas","STRI Point","new_2025",0.705931,2.19538997264475,1,55,0.0072,3.155,"AT12-1_2",0.261,1.15,93,0.0860600977447949
"835","Bythitidae","AT13-10-1-1",1.830645,1830.645,"Sub Recent","Bocas","Punta Caracol","new_2025",0.869624,3.58658761958828,1,55,0.0072,3.155,"AT13-10_1",0.26303,0.6473,26,0.40490436206856
"836","Bythitidae","AT13-10-1-1",2.375,2375,"Sub Recent","Bocas","Punta Caracol","new_2025",1.111559,5.05218742937146,1,55,0.0072,3.155,"AT13-10_1",0.26303,0.6473,26,1.19346633642206
"837","Bythitidae","AT13-10-3-1",1.177729,1177.729,"Sub Recent","Bocas","Punta Caracol","new_2025",0.635717,2.00710564018443,1,55,0.0072,3.155,"AT13-10_4",0.31716,0.6704,23,0.0648547181590843
"838","Bythitidae","AT13-12-3-2",2.510931,2510.931,"Sub Recent","Bocas","Casa Blanca","new_2025",1.096604,5.43614728588635,1,55,0.0072,3.155,"AT13-12_6",0.33171,0.6298,57,1.50375221295177
"839","Bythitidae","AT13-12-3-2",NA,NA,"Sub Recent","Bocas","Casa Blanca","new_2025",0.74822,2.46670495153453,1,55,0.0072,3.155,"AT13-12_6",0.33171,0.6298,57,0.124297467469961
"840","Serranidae","AT14-1-8",1.990747,1990.747,"Sub Recent","Bocas","Casa Blanca","new_2025",0.767189,5.33019333768033,7,19,0.0118142105263158,3.16442631578947,"AT14-1_5",0.186586,0.6334,63,2.35575032521271
"841","Serranidae","AT14-3-3",2.685484,2685.484,"Sub Recent","Bocas","Cayo Adriana","new_2025",1.58871,7.3615532705152,7,19,0.0118142105263158,3.16442631578947,"AT14-3_2",0.195697,0.5768,34,6.54433732945311
"842","Serranidae","AT14-3-6",2.008065,2008.065,"Sub Recent","Bocas","Cayo Adriana","new_2025",1.104839,5.38022416983757,7,19,0.0118142105263158,3.16442631578947,"AT14-3_5",0.31401,0.6877,40,2.42643483157516
"843","Serranidae","AT14-2-5",1.559457,1559.457,"Sub Recent","Bocas","Punta Donato","new_2025",0.675208,4.09603944254774,7,19,0.0118142105263158,3.16442631578947,"AT14-2_4",0.121947,0.6014,28,1.0237310445443
"844","Haemulidae","AT14-2-4",2.374396,2374.396,"Sub Recent","Bocas","Punta Donato","new_2025",1.503333,5.06077506138608,12,43,0.0170290697674419,3.03186511627907,"AT14-2_3",0.074169,0.5598,30,2.32424543054822
"845","Bregmacerotidae","AT13-12-3-2",1.419355,1419.355,"Sub Recent","Bocas","Casa Blanca","new_2025",1.47379,6.8929318367749,2,6,0.00495666666666667,3.03316666666667,"AT13-12_6",0.33171,0.6298,57,1.73064794404945
"846","Bregmacerotidae","AT14-2-1",1.366873,1366.873,"Sub Recent","Bocas","Punta Donato","new_2025",1.180602,6.69462378067238,2,6,0.00495666666666667,3.03316666666667,"AT14-2_1",0.126321,0.6472,39,1.58399871994623
"847","Bregmacerotidae","AT14-1-2",1.532258,1532.258,"Sub Recent","Bocas","Casa Blanca","new_2025",1.471774,7.31406337428816,2,6,0.00495666666666667,3.03316666666667,"AT14-1_2",0.255748,0.58385,102,2.07170128372685
"848","Bregmacerotidae","AT14-1-8",1.064516,1064.516,"Sub Recent","Bocas","Casa Blanca","new_2025",1.155914,5.51572305146821,2,6,0.00495666666666667,3.03316666666667,"AT14-1_5",0.186586,0.6334,63,0.880224698764975
"849","Gerreidae","AT13-10-3-2",1.767316,1767.316,"Sub Recent","Bocas","Punta Caracol","new_2025",1.26698,4.93480373585234,11,83,0.0143642168674699,3.04463734939759,"AT13-10_5",0.31048,0.6716,38,1.85369098554971
"850","Gerreidae","AT14-3-4",3.545482,3545.482,"Sub Recent","Bocas","Cayo Adriana","new_2025",2.323331,10.2013052648238,11,83,0.0143642168674699,3.04463734939759,"AT14-3_3",0.207246,0.625,27,16.9150350919777
"851","Labridae","AT13-12-3-2",1.112903,1112.903,"Sub Recent","Bocas","Casa Blanca","new_2025",0.745968,6.17816001021404,20,32,0.0206834375,3.041190625,"AT13-12_6",0.33171,0.6298,57,5.25746217997452
"852","Labridae","AT13-12-4-1",NA,NA,"Sub Recent","Bocas","Casa Blanca","new_2025",0.639785,6.50473312946564,20,32,0.0206834375,3.041190625,"AT13-12_7",0.28469,0.5885,73,6.14905813823774
"853","Labridae","AT13-12-4-1",NA,NA,"Sub Recent","Bocas","Casa Blanca","new_2025",1.035646,9.7203561171382,20,32,0.0206834375,3.041190625,"AT13-12_7",0.28469,0.5885,73,20.8618343601966
"854","Labridae","AT14-1-1",1.464334,1464.334,"Sub Recent","Bocas","Casa Blanca","new_2025",0.896366,7.8610436842491,20,32,0.0206834375,3.041190625,"AT14-1_1",0.235586,0.6604,39,10.9382724581287
"855","Labridae","AT14-3-4",1.176312,1176.312,"Sub Recent","Bocas","Cayo Adriana","new_2025",0.812921,6.48610649513099,20,32,0.0206834375,3.041190625,"AT14-3_3",0.207246,0.625,27,6.09566477014754
"856","Labridae","AT12-1-2-1",1.24521,1245.21,"Sub Recent","Bocas","STRI Point","new_2025",0.872052,6.81842150857906,20,32,0.0206834375,3.041190625,"AT12-1_2",0.261,1.15,93,7.0960099077688
"857","Labridae","AT12-1-2-2",1.126778,1126.778,"Sub Recent","Bocas","STRI Point","new_2025",0.740635,6.24572331211903,20,32,0.0206834375,3.041190625,"AT12-1_3",0.23893,1.15,73,5.43427349110299
"858","Clupeidae","AT12-1-3-1",1.738146,1738.146,"Sub Recent","Bocas","STRI Point","new_2025",1.02205,8.06458308519394,5,36,0.00788194444444444,3.11483333333333,"AT12-1_4",0.23809,1.15,62,5.25393813963165
"859","Clupeidae","AT12-1-3-1",1.165936,1165.936,"Sub Recent","Bocas","STRI Point","new_2025",0.655599,5.91867042665722,5,36,0.00788194444444444,3.11483333333333,"AT12-1_4",0.23809,1.15,62,2.00439317880524
"860","Clupeidae","AT14-1-1",1.217117,1217.117,"Sub Recent","Bocas","Casa Blanca","new_2025",0.634948,6.11899245174009,5,36,0.00788194444444444,3.11483333333333,"AT14-1_1",0.235586,0.6604,39,2.22336210363819
"861","Clupeidae","AT14-1-1",0.959693,959.693,"Sub Recent","Bocas","Casa Blanca","new_2025",0.56505,5.09004296907086,5,36,0.00788194444444444,3.11483333333333,"AT14-1_1",0.235586,0.6604,39,1.25300526204933
"862","Clupeidae","AT14-1-2",1.227966,1227.966,"Sub Recent","Bocas","Casa Blanca","new_2025",0.728339,6.16120946610117,5,36,0.00788194444444444,3.11483333333333,"AT14-1_2",0.255748,0.58385,102,2.27149229204227
"863","Clupeidae","AT14-1-2",1.226092,1226.092,"Sub Recent","Bocas","Casa Blanca","new_2025",0.686217,6.15392313912792,5,36,0.00788194444444444,3.11483333333333,"AT14-1_2",0.255748,0.58385,102,2.2631353850105
"864","Clupeidae","AT14-1-3",1.288581,1288.581,"Sub Recent","Bocas","Casa Blanca","new_2025",0.732468,6.39556295768854,5,36,0.00788194444444444,3.11483333333333,"AT14-1_3",0.177701,0.6843,95,2.55159328906409
"865","Clupeidae","AT14-1-3",1.127002,1127.002,"Sub Recent","Bocas","Casa Blanca","new_2025",0.599443,5.76495558217796,5,36,0.00788194444444444,3.11483333333333,"AT14-1_3",0.177701,0.6843,95,1.84665600498667
"866","Clupeidae","AT14-1-7",1.901174,1901.174,"Sub Recent","Bocas","Casa Blanca","new_2025",1.094538,8.64467950885189,5,36,0.00788194444444444,3.11483333333333,"AT14-1_4",0.178184,0.6442,58,6.5230402549834
"867","Clupeidae","AT14-1-8",1.30022,1300.22,"Sub Recent","Bocas","Casa Blanca","new_2025",0.703557,6.44027527424937,5,36,0.00788194444444444,3.11483333333333,"AT14-1_5",0.186586,0.6334,63,2.60756926522385
"868","Clupeidae","AT14-1-8",1.028566,1028.566,"Sub Recent","Bocas","Casa Blanca","new_2025",0.625272,5.37084405042653,5,36,0.00788194444444444,3.11483333333333,"AT14-1_5",0.186586,0.6334,63,1.48113353383769
"869","Clupeidae","AT14-2-5",1.471272,1471.272,"Sub Recent","Bocas","Punta Donato","new_2025",0.934003,7.08748626806141,5,36,0.00788194444444444,3.11483333333333,"AT14-2_4",0.121947,0.6014,28,3.51378284840565
"870","Clupeidae","AT14-3-1",1.211071,1211.071,"Sub Recent","Bocas","Cayo Adriana","new_2025",0.738606,6.095428731891,5,36,0.00788194444444444,3.11483333333333,"AT14-3_1",0.193504,0.5189,23,2.19680140955847
"871","Clupeidae","AT14-3-3",1.045611,1045.611,"Sub Recent","Bocas","Cayo Adriana","new_2025",0.642363,5.43967542278271,5,36,0.00788194444444444,3.11483333333333,"AT14-3_2",0.195697,0.5768,34,1.54106383147813
"872","Clupeidae","AT14-3-5",1.226532,1226.532,"Sub Recent","Bocas","Cayo Adriana","new_2025",0.671943,6.15563413477319,5,36,0.00788194444444444,3.11483333333333,"AT14-3_4",0.279638,0.6827,60,2.26509589861755
"873","Clupeidae","AT14-3-5",0.944103,944.103,"Sub Recent","Bocas","Cayo Adriana","new_2025",0.542349,5.02586011702654,5,36,0.00788194444444444,3.11483333333333,"AT14-3_4",0.279638,0.6827,60,1.20444476197511
"874","Clupeidae","AT14-3-5",1.141748,1141.748,"Sub Recent","Bocas","Cayo Adriana","new_2025",0.662779,5.82331263306156,5,36,0.00788194444444444,3.11483333333333,"AT14-3_4",0.279638,0.6827,60,1.90550776437956
"875","Clupeidae","AT14-3-5",1.075002,1075.002,"Sub Recent","Bocas","Cayo Adriana","new_2025",0.625263,5.5577729369659,5,36,0.00788194444444444,3.11483333333333,"AT14-3_4",0.279638,0.6827,60,1.64768887846387
"876","Clupeidae","AT13-10-3-1",1.300202,1300.202,"Sub Recent","Bocas","Punta Caracol","new_2025",0.744497,6.44020619532972,5,36,0.00788194444444444,3.11483333333333,"AT13-10_4",0.31716,0.6704,23,2.60748214743428
"877","Clupeidae","AT13-10-4-1",0.900476,900.476,"Sub Recent","Bocas","Punta Caracol","new_2025",0.588607,4.84496424630988,5,36,0.00788194444444444,3.11483333333333,"AT13-10_6",0.33121,0.7088,27,1.07448238509921
"878","Clupeidae","AT13-12-1-1",1.082054,1082.054,"Sub Recent","Bocas","Casa Blanca","new_2025",0.729865,5.5860001843722,5,36,0.00788194444444444,3.11483333333333,"AT13-12_1",0.22898,0.5786,44,1.67389533283128
"879","Clupeidae","AT13-12-1-1",1.127744,1127.744,"Sub Recent","Bocas","Casa Blanca","new_2025",0.651557,5.76789612670756,5,36,0.00788194444444444,3.11483333333333,"AT13-12_1",0.22898,0.5786,44,1.84959153708224
"880","Clupeidae","AT13-10-4-2",1.232346,1232.346,"Sub Recent","Bocas","Punta Caracol","new_2025",0.662963,6.17822965182455,5,36,0.00788194444444444,3.11483333333333,"AT13-10_7",0.29614,0.7047,21,2.29109483720581
"881","Clupeidae","AT13-12-2-2",1.232338,1232.338,"Sub Recent","Bocas","Casa Blanca","new_2025",0.709904,6.17819857715934,5,36,0.00788194444444444,3.11483333333333,"AT13-12_4",0.27237,0.6317,40,2.29105894352624
"882","Clupeidae","AT13-12-2-2",1.115508,1115.508,"Sub Recent","Bocas","Casa Blanca","new_2025",0.650994,5.71934897216792,5,36,0.00788194444444444,3.11483333333333,"AT13-12_4",0.27237,0.6317,40,1.8015312189358
"883","Clupeidae","AT13-12-3-2",1.048602,1048.602,"Sub Recent","Bocas","Casa Blanca","new_2025",0.602437,5.45172756571604,5,36,0.00788194444444444,3.11483333333333,"AT13-12_6",0.33171,0.6298,57,1.55172399445272
"884","Clupeidae","AT13-12-3-2",1.235808,1235.808,"Sub Recent","Bocas","Casa Blanca","new_2025",0.702295,6.19167295428444,5,36,0.00788194444444444,3.11483333333333,"AT13-12_6",0.33171,0.6298,57,2.30665874707175
"885","Clupeidae","AT13-12-4-1",NA,NA,"Sub Recent","Bocas","Casa Blanca","new_2025",1.003049,10.2120736641313,5,36,0.00788194444444444,3.11483333333333,"AT13-12_7",0.28469,0.5885,73,10.9611243185717
"886","Batrachoididae","AT12-1-4-1",4.092606,4092.606,"Sub Recent","Bocas","STRI Point","new_2025",2.022222,9.44852994831408,3,6,0.00868666666666667,3.21966666666667,"AT12-1_5",0.21289,1.15,85,12.0005430929132
"887","Batrachoididae","AT14-3-3",2.542331,2542.331,"Sub Recent","Bocas","Cayo Adriana","new_2025",1.367849,4.63620598983949,3,6,0.00868666666666667,3.21966666666667,"AT14-3_2",0.195697,0.5768,34,1.21248136580638
"888","Batrachoididae","AT14-3-6",1.373724,1373.724,"Sub Recent","Bocas","Cayo Adriana","new_2025",0.83832,1.84668319011147,3,6,0.00868666666666667,3.21966666666667,"AT14-3_5",0.31401,0.6877,40,0.0625961862515787
"889","Batrachoididae","AT14-3-6",2.015826,2015.826,"Sub Recent","Bocas","Cayo Adriana","new_2025",1.200063,3.27685556314372,3,6,0.00868666666666667,3.21966666666667,"AT14-3_5",0.31401,0.6877,40,0.396692363694857
"890","Synodontidae","AT13-12-3-2",NA,NA,"Sub Recent","Bocas","Casa Blanca","new_2025",1.215956,11.5726859008575,8,24,0.00649625,3.119125,"AT13-12_6",0.33171,0.6298,57,13.4786632351447
"891","Synodontidae","AT13-12-3-2",NA,NA,"Sub Recent","Bocas","Casa Blanca","new_2025",1.025893,10.3626038999002,8,24,0.00649625,3.119125,"AT13-12_6",0.33171,0.6298,57,9.55074294453583
"892","Labridae","AT13-10-1-1",NA,NA,"Sub Recent","Bocas","Punta Caracol","new_2025",1.136171,11.0734245388927,20,32,0.0206834375,3.041190625,"AT13-10_1",0.26303,0.6473,26,31.0086740470454
"893","Labridae","AT13-10-1-2",1.602571,1602.571,"Sub Recent","Bocas","Punta Caracol","new_2025",1.016643,10.59249859494,20,32,0.0206834375,3.041190625,"AT13-10_2",0.37675,0.9095,21,27.0918267001357
"894","Labridae","AT14-1-5",2.852923,2852.923,"Sub Recent","Bocas","Casa Blanca","new_2025",1.784876,17.2222239789582,20,32,0.0206834375,3.041190625,"AT14-1_1",0.093953,0.4014,23,118.797063464682
"895","Labridae","AT14-3-1",1.063653,1063.653,"Sub Recent","Bocas","Cayo Adriana","new_2025",0.695699,7.49843879887421,20,32,0.0206834375,3.041190625,"AT14-3_1",0.193504,0.5189,23,9.47492690106506
"896","Labridae","AT14-3-2",1.176696,1176.696,"Sub Recent","Bocas","Cayo Adriana","new_2025",0.81787,8.16466467803091,20,32,0.0206834375,3.041190625,"AT14-3_1",0.078406,0.4314,7,12.2744230636956
"897","Labridae","AT14-3-6",2.379087,2379.087,"Sub Recent","Bocas","Cayo Adriana","new_2025",1.399427,14.7778686982119,20,32,0.0206834375,3.041190625,"AT14-3_5",0.31401,0.6877,40,74.5821966004272
"898","Atherinidae","AT14-1-2",1.322996,1322.996,"Sub Recent","Bocas","Casa Blanca","new_2025",1.073789,2.33630633765729,1,2,0.0059,3.18135,"AT14-1_2",0.255748,0.58385,102,0.087755480755443
"899","Atherinidae","AT14-1-2",1.112984,1112.984,"Sub Recent","Bocas","Casa Blanca","new_2025",0.89274,1.79506317621492,1,2,0.0059,3.18135,"AT14-1_2",0.255748,0.58385,102,0.0379462257327409
"900","Atherinidae","AT14-1-2",1.310232,1310.232,"Sub Recent","Bocas","Casa Blanca","new_2025",1.023894,2.30202894430168,1,2,0.0059,3.18135,"AT14-1_2",0.255748,0.58385,102,0.0837246115420807
"901","Atherinidae","AT14-1-2",NA,NA,"Sub Recent","Bocas","Casa Blanca","new_2025",1.034615,5.01597812601779,1,2,0.0059,3.18135,"AT14-1_2",0.255748,0.58385,102,0.997535609020875
"902","Atherinidae","AT14-1-2",1.552357,1552.357,"Sub Recent","Bocas","Casa Blanca","new_2025",1.309932,2.98116801585424,1,2,0.0059,3.18135,"AT14-1_2",0.255748,0.58385,102,0.190564216837387
"903","Atherinidae","AT14-1-2",1.547229,1547.229,"Sub Recent","Bocas","Casa Blanca","new_2025",1.162665,2.96616709103513,1,2,0.0059,3.18135,"AT14-1_2",0.255748,0.58385,102,0.187530331999215
"904","Atherinidae","AT14-1-2",1.618222,1618.222,"Sub Recent","Bocas","Casa Blanca","new_2025",1.295115,3.17614179679101,1,2,0.0059,3.18135,"AT14-1_2",0.255748,0.58385,102,0.233115528647576
"905","Atherinidae","AT14-1-2",1.519626,1519.626,"Sub Recent","Bocas","Casa Blanca","new_2025",1.259746,2.88586879750251,1,2,0.0059,3.18135,"AT14-1_2",0.255748,0.58385,102,0.171851337875365
"906","Atherinidae","AT14-1-2",1.583415,1583.415,"Sub Recent","Bocas","Casa Blanca","new_2025",1.325367,3.07257641575541,1,2,0.0059,3.18135,"AT14-1_2",0.255748,0.58385,102,0.209782232610236
"907","Atherinidae","AT14-1-2",NA,NA,"Sub Recent","Bocas","Casa Blanca","new_2025",0.957687,4.72519624369946,1,2,0.0059,3.18135,"AT14-1_2",0.255748,0.58385,102,0.824930957023969
"908","Atherinidae","AT14-1-2",1.967742,1967.742,"Sub Recent","Bocas","Casa Blanca","new_2025",1.818553,4.2794013926989,1,2,0.0059,3.18135,"AT14-1_2",0.255748,0.58385,102,0.601869580662707
"909","Atherinidae","AT14-1-2",2.091463,2091.463,"Sub Recent","Bocas","Casa Blanca","new_2025",1.983871,4.69631422054184,1,2,0.0059,3.18135,"AT14-1_2",0.255748,0.58385,102,0.808996441078331
"910","Atherinidae","AT14-1-2",2.092008,2092.008,"Sub Recent","Bocas","Casa Blanca","new_2025",1.961999,4.69818010594945,1,2,0.0059,3.18135,"AT14-1_2",0.255748,0.58385,102,0.810019437387784
"911","Atherinidae","AT14-1-2",1.44047,1440.47,"Sub Recent","Bocas","Casa Blanca","new_2025",1.294557,2.6598469666435,1,2,0.0059,3.18135,"AT14-1_2",0.255748,0.58385,102,0.132577466720525
"912","Atherinidae","AT14-1-2",NA,NA,"Sub Recent","Bocas","Casa Blanca","new_2025",1.333513,6.10304735803705,1,2,0.0059,3.18135,"AT14-1_2",0.255748,0.58385,102,1.86187762509113
"913","Atherinidae","AT14-1-2",0.773295,773.295,"Sub Recent","Bocas","Casa Blanca","new_2025",0.649539,1.03032940777687,1,2,0.0059,3.18135,"AT14-1_2",0.255748,0.58385,102,0.00648833871638433
"914","Atherinidae","AT14-1-5",0.916053,916.053,"Sub Recent","Bocas","Casa Blanca","new_2025",0.789689,1.33397623449421,1,2,0.0059,3.18135,"AT14-1_1",0.093953,0.4014,23,0.014756789952247
"915","Atherinidae","AT14-1-5",1.263354,1263.354,"Sub Recent","Bocas","Casa Blanca","new_2025",0.998136,2.17764480919283,1,2,0.0059,3.18135,"AT14-1_1",0.093953,0.4014,23,0.0701628295858579
"916","Atherinidae","AT14-1-5",1.538686,1538.686,"Sub Recent","Bocas","Casa Blanca","new_2025",1.247531,2.94123416366059,1,2,0.0059,3.18135,"AT14-1_1",0.093953,0.4014,23,0.182561275117119
"917","Atherinidae","AT14-1-5",1.392403,1392.403,"Sub Recent","Bocas","Casa Blanca","new_2025",1.139366,2.52572099782805,1,2,0.0059,3.18135,"AT14-1_1",0.093953,0.4014,23,0.112455505931299
"918","Atherinidae","AT14-1-5",1.990272,1990.272,"Sub Recent","Bocas","Casa Blanca","new_2025",2.038904,4.35432658015403,1,2,0.0059,3.18135,"AT14-1_1",0.093953,0.4014,23,0.636038391294397
"919","Atherinidae","AT14-1-5",1.748152,1748.152,"Sub Recent","Bocas","Casa Blanca","new_2025",1.635234,3.5730257601781,1,2,0.0059,3.18135,"AT14-1_1",0.093953,0.4014,23,0.339042044993674
"920","Atherinidae","AT14-1-7",0.971919,971.919,"Sub Recent","Bocas","Casa Blanca","new_2025",0.761309,1.45997151485108,1,2,0.0059,3.18135,"AT14-1_4",0.178184,0.6442,58,0.0196647764075937
"921","Atherinidae","AT14-1-7",1.238503,1238.503,"Sub Recent","Bocas","Casa Blanca","new_2025",0.941006,2.11267612448952,1,2,0.0059,3.18135,"AT14-1_4",0.178184,0.6442,58,0.0637175745152269
"922","Atherinidae","AT14-1-7",1.448512,1448.512,"Sub Recent","Bocas","Casa Blanca","new_2025",1.201304,2.68251966760894,1,2,0.0059,3.18135,"AT14-1_4",0.178184,0.6442,58,0.136206242921096
"923","Atherinidae","AT14-1-7",1.215194,1215.194,"Sub Recent","Bocas","Casa Blanca","new_2025",0.974326,2.05235690924049,1,2,0.0059,3.18135,"AT14-1_4",0.178184,0.6442,58,0.0581082419360541
"924","Atherinidae","AT14-1-7",1.204275,1204.275,"Sub Recent","Bocas","Casa Blanca","new_2025",0.9683,2.02430801534907,1,2,0.0059,3.18135,"AT14-1_4",0.178184,0.6442,58,0.0556192407739151
"925","Atherinidae","AT14-1-7",1.284184,1284.184,"Sub Recent","Bocas","Casa Blanca","new_2025",1.139691,2.23262070843763,1,2,0.0059,3.18135,"AT14-1_4",0.178184,0.6442,58,0.0759546643011115
"926","Atherinidae","AT14-1-7",1.058647,1058.647,"Sub Recent","Bocas","Casa Blanca","new_2025",0.798014,1.66317778941507,1,2,0.0059,3.18135,"AT14-1_4",0.178184,0.6442,58,0.0297670139258458
"927","Atherinidae","AT14-1-7",1.010077,1010.077,"Sub Recent","Bocas","Casa Blanca","new_2025",NA,1.54825388172319,1,2,0.0059,3.18135,"AT14-1_4",0.178184,0.6442,58,0.0237031695536951
"928","Atherinidae","AT14-1-7",2.15469,2154.69,"Sub Recent","Bocas","Casa Blanca","new_2025",1.882155,4.91447429494468,1,2,0.0059,3.18135,"AT14-1_4",0.178184,0.6442,58,0.934722251551314
"929","Atherinidae","AT14-1-7",1.085218,1085.218,"Sub Recent","Bocas","Casa Blanca","new_2025",0.927635,1.72723761494044,1,2,0.0059,3.18135,"AT14-1_4",0.178184,0.6442,58,0.0335700566803624
"930","Atherinidae","AT14-1-7",0.999563,999.563,"Sub Recent","Bocas","Casa Blanca","new_2025",0.840663,1.52375094290677,1,2,0.0059,3.18135,"AT14-1_4",0.178184,0.6442,58,0.0225302196306441
"931","Atherinidae","AT14-1-7",1.389256,1389.256,"Sub Recent","Bocas","Casa Blanca","new_2025",1.207776,2.51702315878613,1,2,0.0059,3.18135,"AT14-1_4",0.178184,0.6442,58,0.111228105924162
"932","Atherinidae","AT14-1-7",1.261245,1261.245,"Sub Recent","Bocas","Casa Blanca","new_2025",1.186663,2.17210493203673,1,2,0.0059,3.18135,"AT14-1_4",0.178184,0.6442,58,0.0695965561927999
"933","Atherinidae","AT14-1-7",1.651089,1651.089,"Sub Recent","Bocas","Casa Blanca","new_2025",1.42282,3.27501390630915,1,2,0.0059,3.18135,"AT14-1_4",0.178184,0.6442,58,0.256995406798469
"934","Atherinidae","AT14-1-7",1.633738,1633.738,"Sub Recent","Bocas","Casa Blanca","new_2025",1.427261,3.22268781994112,1,2,0.0059,3.18135,"AT14-1_4",0.178184,0.6442,58,0.244158642737511
"935","Atherinidae","AT14-1-7",1.860126,1860.126,"Sub Recent","Bocas","Casa Blanca","new_2025",1.788533,3.92774976843483,1,2,0.0059,3.18135,"AT14-1_4",0.178184,0.6442,58,0.458175040548128
"936","Atherinidae","AT14-1-8",2.003492,2003.492,"Sub Recent","Bocas","Casa Blanca","new_2025",1.942187,4.39849857708665,1,2,0.0059,3.18135,"AT14-1_5",0.186586,0.6334,63,0.656793191535993
"937","Atherinidae","AT14-1-8",1.461795,1461.795,"Sub Recent","Bocas","Casa Blanca","new_2025",1.276516,2.72011298379909,1,2,0.0059,3.18135,"AT14-1_5",0.186586,0.6334,63,0.142372196129561
"938","Atherinidae","AT14-1-8",0.913624,913.624,"Sub Recent","Bocas","Casa Blanca","new_2025",0.754971,1.32858727960557,1,2,0.0059,3.18135,"AT14-1_5",0.186586,0.6334,63,0.014567971211231
"939","Atherinidae","AT14-1-8",1.287778,1287.778,"Sub Recent","Bocas","Casa Blanca","new_2025",1.090351,2.24215385203064,1,2,0.0059,3.18135,"AT14-1_5",0.186586,0.6334,63,0.0769912574489988
"940","Atherinidae","AT14-1-8",1.51191,1511.91,"Sub Recent","Bocas","Casa Blanca","new_2025",1.29773,2.86355853604341,1,2,0.0059,3.18135,"AT14-1_5",0.186586,0.6334,63,0.167660255004707
"941","Atherinidae","AT14-1-1",2.113563,2113.563,"Sub Recent","Bocas","Casa Blanca","new_2025",2.180242,4.77218089994351,1,2,0.0059,3.18135,"AT14-1_1",0.235586,0.6604,39,0.851310550422176
"942","Atherinidae","AT14-1-1",1.393121,1393.121,"Sub Recent","Bocas","Casa Blanca","new_2025",1.06894,2.52770688889839,1,2,0.0059,3.18135,"AT14-1_1",0.235586,0.6604,39,0.112737042370246
"943","Atherinidae","AT14-2-1",1.397636,1397.636,"Sub Recent","Bocas","Punta Donato","new_2025",1.186167,2.54020706946746,1,2,0.0059,3.18135,"AT14-2_1",0.126321,0.6472,39,0.11452027642926
"944","Atherinidae","AT14-2-1",1.738586,1738.586,"Sub Recent","Bocas","Punta Donato","new_2025",1.469206,3.54326014722343,1,2,0.0059,3.18135,"AT14-2_1",0.126321,0.6472,39,0.330137890152338
"945","Atherinidae","AT14-2-2",1.732997,1732.997,"Sub Recent","Bocas","Punta Donato","new_2025",1.359858,3.52590907724539,1,2,0.0059,3.18135,"AT14-2_2",0.085008,0.5441,17,0.325022146449341
"946","Atherinidae","AT14-2-4",1.529912,1529.912,"Sub Recent","Bocas","Punta Donato","new_2025",1.281435,2.91570254088394,1,2,0.0059,3.18135,"AT14-2_3",0.074169,0.5598,30,0.177567238095662
"947","Atherinidae","AT14-2-4",1.506811,1506.811,"Sub Recent","Bocas","Punta Donato","new_2025",1.221524,2.84884786751155,1,2,0.0059,3.18135,"AT14-2_3",0.074169,0.5598,30,0.164935467327491
"948","Atherinidae","AT14-2-4",1.340177,1340.177,"Sub Recent","Bocas","Punta Donato","new_2025",1.134175,2.38271994232574,1,2,0.0059,3.18135,"AT14-2_3",0.074169,0.5598,30,0.0934228687723901
"949","Atherinidae","AT14-3-3",1.236406,1236.406,"Sub Recent","Bocas","Cayo Adriana","new_2025",1.020029,2.1072249115449,1,2,0.0059,3.18135,"AT14-3_2",0.195697,0.5768,34,0.0631960097569897
"950","Atherinidae","AT14-3-3",1.399521,1399.521,"Sub Recent","Bocas","Cayo Adriana","new_2025",1.180146,2.5454321356302,1,2,0.0059,3.18135,"AT14-3_2",0.195697,0.5768,34,0.115271363922549
"951","Atherinidae","AT14-3-4",1.645417,1645.417,"Sub Recent","Bocas","Cayo Adriana","new_2025",1.402513,3.25787674059814,1,2,0.0059,3.18135,"AT14-3_3",0.207246,0.625,27,0.252741557489907
"952","Atherinidae","AT14-3-4",1.225741,1225.741,"Sub Recent","Bocas","Cayo Adriana","new_2025",0.997711,2.07957603930053,1,2,0.0059,3.18135,"AT14-3_3",0.207246,0.625,27,0.0605956093590958
"953","Atherinidae","AT14-3-4",1.025023,1025.023,"Sub Recent","Bocas","Cayo Adriana","new_2025",0.802014,1.58331638077987,1,2,0.0059,3.18135,"AT14-3_3",0.207246,0.625,27,0.0254534543461091
"954","Atherinidae","AT14-3-5",1.696495,1696.495,"Sub Recent","Bocas","Cayo Adriana","new_2025",1.495711,3.41331185258392,1,2,0.0059,3.18135,"AT14-3_4",0.279638,0.6827,60,0.293137500233284
"955","Atherinidae","AT14-3-5",1.292702,1292.702,"Sub Recent","Bocas","Cayo Adriana","new_2025",1.10761,2.25523751517786,1,2,0.0059,3.18135,"AT14-3_4",0.279638,0.6827,60,0.0784296532219086
"956","Atherinidae","AT14-3-5",0.919595,919.595,"Sub Recent","Bocas","Cayo Adriana","new_2025",0.736702,1.3418479217508,1,2,0.0059,3.18135,"AT14-3_4",0.279638,0.6827,60,0.0150356046716007
"957","Atherinidae","AT14-3-6",1.711012,1711.012,"Sub Recent","Bocas","Cayo Adriana","new_2025",1.430434,3.45794160033012,1,2,0.0059,3.18135,"AT14-3_5",0.31401,0.6877,40,0.30550586804904
"958","Atherinidae","AT14-3-6",1.849363,1849.363,"Sub Recent","Bocas","Cayo Adriana","new_2025",1.475226,3.89315372853295,1,2,0.0059,3.18135,"AT14-3_5",0.31401,0.6877,40,0.445459122541215
"959","Atherinidae","AT12-1-2-1",1.188094,1188.094,"Sub Recent","Bocas","STRI Point","new_2025",0.96355,1.98298694572195,1,2,0.0059,3.18135,"AT12-1_2",0.261,1.15,93,0.0520871425320302
"960","Atherinidae","AT12-1-2-2",1.323384,1323.384,"Sub Recent","Bocas","STRI Point","new_2025",1.00577,2.33735102951478,1,2,0.0059,3.18135,"AT12-1_3",0.23893,1.15,73,0.0878803788794307
"961","Atherinidae","AT12-1-2-2",1.542985,1542.985,"Sub Recent","Bocas","STRI Point","new_2025",1.461367,2.95377183483585,1,2,0.0059,3.18135,"AT12-1_3",0.23893,1.15,73,0.18504855823758
"962","Atherinidae","AT12-1-3-1",1.392739,1392.739,"Sub Recent","Bocas","STRI Point","new_2025",1.11565,2.52665026161161,1,2,0.0059,3.18135,"AT12-1_4",0.23809,1.15,62,0.112587186009659
"963","Atherinidae","AT12-1-3-1",1.375092,1375.092,"Sub Recent","Bocas","STRI Point","new_2025",1.212712,2.47800400489305,1,2,0.0059,3.18135,"AT12-1_4",0.23809,1.15,62,0.105834782559442
"964","Atherinidae","AT12-1-3-1",1.660759,1660.759,"Sub Recent","Bocas","STRI Point","new_2025",1.402626,3.30430172235529,1,2,0.0059,3.18135,"AT12-1_4",0.23809,1.15,62,0.264378543035771
"965","Atherinidae","AT12-1-4-1",1.482353,1482.353,"Sub Recent","Bocas","STRI Point","new_2025",1.301849,2.77864974368795,1,2,0.0059,3.18135,"AT12-1_5",0.21289,1.15,85,0.152350081576742
"966","Atherinidae","AT12-1-4-1",1.154956,1154.956,"Sub Recent","Bocas","STRI Point","new_2025",0.965512,1.89928337519837,1,2,0.0059,3.18135,"AT12-1_5",0.21289,1.15,85,0.045409170250503
"967","Atherinidae","AT12-1-5-1",1.3377,1337.7,"Sub Recent","Bocas","STRI Point","new_2025",1.197356,2.37600908483007,1,2,0.0059,3.18135,"AT12-1_6",0.27754,1.1,20,0.0925883521157446
"968","Atherinidae","AT12-1-5-1",1.243823,1243.823,"Sub Recent","Bocas","STRI Point","new_2025",0.996492,2.12652734428965,1,2,0.0059,3.18135,"AT12-1_6",0.27754,1.1,20,0.0650561048524021
"969","Atherinidae","AT12-1-6-1",1.431681,1431.681,"Sub Recent","Bocas","STRI Point","new_2025",1.161345,2.63514409423163,1,2,0.0059,3.18135,"AT12-1_7",0.19713,1.2,16,0.128699834468058
"970","Atherinidae","AT13-10-3-1",2.080024,2080.024,"Sub Recent","Bocas","Punta Caracol","new_2025",2.028911,4.65721007272236,1,2,0.0059,3.18135,"AT13-10_4",0.31716,0.6704,23,0.787760344506828
"971","Atherinidae","AT13-10-4-2",NA,NA,"Sub Recent","Bocas","Punta Caracol","new_2025",1.243263,5.78126953329795,1,2,0.0059,3.18135,"AT13-10_7",0.29614,0.7047,21,1.56716446090704
"972","Atherinidae","AT13-10-2-1",NA,NA,"Sub Recent","Bocas","Punta Caracol","new_2025",1.450853,6.51412629655151,1,2,0.0059,3.18135,"AT13-10_3",0.27105,0.6821,18,2.29093808586897
"973","Atherinidae","AT13-10-2-1",NA,NA,"Sub Recent","Bocas","Punta Caracol","new_2025",1.224901,5.71516182951352,1,2,0.0059,3.18135,"AT13-10_3",0.27105,0.6821,18,1.51086177249611
"974","Atherinidae","AT13-10-2-1",2.267899,2267.899,"Sub Recent","Bocas","Punta Caracol","new_2025",2.030588,5.31351848541455,1,2,0.0059,3.18135,"AT13-10_3",0.27105,0.6821,18,1.19824785508026
"975","Atherinidae","AT13-10-2-1",1.598229,1598.229,"Sub Recent","Bocas","Punta Caracol","new_2025",1.304002,3.11650983028761,1,2,0.0059,3.18135,"AT13-10_3",0.27105,0.6821,18,0.219474615900065
"976","Atherinidae","AT13-10-3-2",1.965,1965,"Sub Recent","Bocas","Punta Caracol","new_2025",1.704063,4.27031324567708,1,2,0.0059,3.18135,"AT13-10_5",0.31048,0.6716,38,0.5978126283564
"977","Atherinidae","AT13-10-3-2",1.165717,1165.717,"Sub Recent","Bocas","Punta Caracol","new_2025",0.921952,1.92632839338942,1,2,0.0059,3.18135,"AT13-10_5",0.31048,0.6716,38,0.0474983840146359
"978","Atherinidae","AT13-10-3-2",1.759994,1759.994,"Sub Recent","Bocas","Punta Caracol","new_2025",1.535632,3.60999188877155,1,2,0.0059,3.18135,"AT13-10_5",0.31048,0.6716,38,0.350327672741961
"979","Atherinidae","AT13-10-3-2",1.281963,1281.963,"Sub Recent","Bocas","Punta Caracol","new_2025",1.103736,2.22673646047431,1,2,0.0059,3.18135,"AT13-10_5",0.31048,0.6716,38,0.0753196360995235
"980","Atherinidae","AT13-12-2-1",1.657074,1657.074,"Sub Recent","Bocas","Casa Blanca","new_2025",1.42295,3.29313027407623,1,2,0.0059,3.18135,"AT13-12_3",0.27994,0.6656,34,0.261545421647726
"981","Atherinidae","AT13-12-2-1",1.647103,1647.103,"Sub Recent","Bocas","Casa Blanca","new_2025",1.385656,3.26296752553206,1,2,0.0059,3.18135,"AT13-12_3",0.27994,0.6656,34,0.254000129883723
"982","Atherinidae","AT13-12-2-1",1.716927,1716.927,"Sub Recent","Bocas","Casa Blanca","new_2025",1.469305,3.47618326948533,1,2,0.0059,3.18135,"AT13-12_3",0.27994,0.6656,34,0.310662601706985
"983","Atherinidae","AT13-12-2-1",1.356709,1356.709,"Sub Recent","Bocas","Casa Blanca","new_2025",1.136175,2.42767600332636,1,2,0.0059,3.18135,"AT13-12_3",0.27994,0.6656,34,0.0991467599267469
"984","Atherinidae","AT13-12-2-1",1.362147,1362.147,"Sub Recent","Bocas","Casa Blanca","new_2025",1.208352,2.44252684622308,1,2,0.0059,3.18135,"AT13-12_3",0.27994,0.6656,34,0.101089189486349
"985","Atherinidae","AT13-12-2-1",1.45628,1456.28,"Sub Recent","Bocas","Casa Blanca","new_2025",1.221096,2.70448267430075,1,2,0.0059,3.18135,"AT13-12_3",0.27994,0.6656,34,0.139785811712848
"986","Apogonidae","AT12-1-1-1",1.605716,1605.716,"Sub Recent","Bocas","STRI Point","new_2025",1.192141,2.69870763235599,3,3,0.01806,2.9928,"AT12-1_1",0.1563,0.85,34,0.352436545601013
"987","Apogonidae","AT12-1-1-1",1.007019,1007.019,"Sub Recent","Bocas","STRI Point","new_2025",0.760598,1.70399162572521,3,3,0.01806,2.9928,"AT12-1_1",0.1563,0.85,34,0.0890130226049616
"988","Apogonidae","AT12-1-3-1",NA,NA,"Sub Recent","Bocas","STRI Point","new_2025",1.38054,4.40038655025419,3,3,0.01806,2.9928,"AT12-1_4",0.23809,1.15,62,1.52249928653978
"989","Apogonidae","AT12-1-3-1",1.957079,1957.079,"Sub Recent","Bocas","STRI Point","new_2025",1.337452,3.27980036554083,3,3,0.01806,2.9928,"AT12-1_4",0.23809,1.15,62,0.631750907479657
"990","Apogonidae","AT12-1-3-1",3.16887,3168.87,"Sub Recent","Bocas","STRI Point","new_2025",2.100033,5.27356126103556,3,3,0.01806,2.9928,"AT12-1_4",0.23809,1.15,62,2.61716186468158
"991","Apogonidae","AT12-1-2-2",2.00515,2005.15,"Sub Recent","Bocas","STRI Point","new_2025",1.517402,3.35917690084928,3,3,0.01806,2.9928,"AT12-1_3",0.23893,1.15,73,0.678621312829855
"992","Apogonidae","AT12-1-4-1",1.469966,1469.966,"Sub Recent","Bocas","STRI Point","new_2025",1.05996,2.47372542233563,3,3,0.01806,2.9928,"AT12-1_5",0.21289,1.15,85,0.27160645811754
"993","Apogonidae","AT12-1-4-1",1.235037,1235.037,"Sub Recent","Bocas","STRI Point","new_2025",0.913915,2.08363892141646,3,3,0.01806,2.9928,"AT12-1_5",0.21289,1.15,85,0.16251356150504
"994","Apogonidae","AT12-1-5-1",2.190537,2190.537,"Sub Recent","Bocas","STRI Point","new_2025",1.581632,3.66504142424934,3,3,0.01806,2.9928,"AT12-1_6",0.27754,1.1,20,0.880831912835706
"995","Apogonidae","AT12-1-6-1",1.537402,1537.402,"Sub Recent","Bocas","STRI Point","new_2025",1.079166,2.58552502597013,3,3,0.01806,2.9928,"AT12-1_7",0.19713,1.2,16,0.310022798588728
"996","Apogonidae","AT12-1-6-1",1.393617,1393.617,"Sub Recent","Bocas","STRI Point","new_2025",1.027673,2.34705913914812,3,3,0.01806,2.9928,"AT12-1_7",0.19713,1.2,16,0.232071639861682
"997","Apogonidae","AT13-12-4-2",2.578022,2578.022,"Sub Recent","Bocas","Casa Blanca","new_2025",1.761689,4.30316161130241,3,3,0.01806,2.9928,"AT13-12_8",0.28791,0.6922,48,1.42402444865731
"998","Apogonidae","AT13-12-4-2",1.964531,1964.531,"Sub Recent","Bocas","Casa Blanca","new_2025",1.337438,3.29210720868003,3,3,0.01806,2.9928,"AT13-12_8",0.28791,0.6922,48,0.638871982297963
"999","Apogonidae","AT13-12-4-2",1.053032,1053.032,"Sub Recent","Bocas","Casa Blanca","new_2025",0.749455,1.78069512234727,3,3,0.01806,2.9928,"AT13-12_8",0.28791,0.6922,48,0.101550533269921
"1000","Apogonidae","AT13-12-4-2",1.690701,1690.701,"Sub Recent","Bocas","Casa Blanca","new_2025",0.128512,2.83941346963412,3,3,0.01806,2.9928,"AT13-12_8",0.28791,0.6922,48,0.410336750041593
"1001","Apogonidae","AT13-12-4-2",1.820992,1820.992,"Sub Recent","Bocas","Casa Blanca","new_2025",1.376885,3.0549326957767,3,3,0.01806,2.9928,"AT13-12_8",0.28791,0.6922,48,0.510776224858075
"1002","Apogonidae","AT13-12-4-2",1.642909,1642.909,"Sub Recent","Bocas","Casa Blanca","new_2025",1.211006,2.76029938836917,3,3,0.01806,2.9928,"AT13-12_8",0.28791,0.6922,48,0.377060838516198
"1003","Apogonidae","AT13-12-4-2",2.05859,2058.59,"Sub Recent","Bocas","Casa Blanca","new_2025",1.498135,3.44738651264609,3,3,0.01806,2.9928,"AT13-12_8",0.28791,0.6922,48,0.73336090231615
"1004","Apogonidae","AT13-12-4-2",NA,NA,"Sub Recent","Bocas","Casa Blanca","new_2025",0.88227,3.11158879813599,3,3,0.01806,2.9928,"AT13-12_8",0.28791,0.6922,48,0.539653343527078
"1005","Apogonidae","AT13-12-4-2",1.824813,1824.813,"Sub Recent","Bocas","Casa Blanca","new_2025",1.38596,3.0612496945466,3,3,0.01806,2.9928,"AT13-12_8",0.28791,0.6922,48,0.513943691193696
"1006","Apogonidae","AT13-10-1-1",1.810845,1810.845,"Sub Recent","Bocas","Punta Caracol","new_2025",1.34126,3.03815641707938,3,3,0.01806,2.9928,"AT13-10_1",0.26303,0.6473,26,0.502427429554186
"1007","Apogonidae","AT13-10-1-2",1.964705,1964.705,"Sub Recent","Bocas","Punta Caracol","new_2025",1.414551,3.29239455842145,3,3,0.01806,2.9928,"AT13-10_2",0.37675,0.9095,21,0.639038886068836
"1008","Apogonidae","AT13-10-3-1",2.274919,2274.919,"Sub Recent","Bocas","Punta Caracol","new_2025",1.577757,3.80413431301907,3,3,0.01806,2.9928,"AT13-10_4",0.31716,0.6704,23,0.984707919137922
"1009","Apogonidae","AT13-10-3-2",2.347151,2347.151,"Sub Recent","Bocas","Punta Caracol","new_2025",1.626642,3.92313986452922,3,3,0.01806,2.9928,"AT13-10_5",0.31048,0.6716,38,1.0798040628725
"1010","Apogonidae","AT13-10-3-2",1.427238,1427.238,"Sub Recent","Bocas","Punta Caracol","new_2025",1.025086,2.40284992910576,3,3,0.01806,2.9928,"AT13-10_5",0.31048,0.6716,38,0.248975410444306
"1011","Apogonidae","AT13-10-4-1",NA,NA,"Sub Recent","Bocas","Punta Caracol","new_2025",1.818752,5.44705109111289,3,3,0.01806,2.9928,"AT13-10_6",0.33121,0.7088,27,2.88337899219958
"1012","Apogonidae","AT13-10-4-1",1.828407,1828.407,"Sub Recent","Bocas","Punta Caracol","new_2025",1.375595,3.06719123437686,3,3,0.01806,2.9928,"AT13-10_6",0.33121,0.7088,27,0.51693480613297
"1013","Apogonidae","AT13-10-5-2",0.906798,906.798,"Sub Recent","Bocas","Punta Caracol","new_2025",0.709973,1.53674393498199,3,3,0.01806,2.9928,"AT13-10_9",0.35729,0.7013,20,0.0653399410718007
"1014","Apogonidae","AT13-12-1-1",1.634503,1634.503,"Sub Recent","Bocas","Casa Blanca","new_2025",1.263545,2.74638080653982,3,3,0.01806,2.9928,"AT13-12_1",0.22898,0.5786,44,0.371399174786505
"1015","Apogonidae","AT13-12-1-1",NA,NA,"Sub Recent","Bocas","Casa Blanca","new_2025",1.610169,4.95693900716723,3,3,0.01806,2.9928,"AT13-12_1",0.22898,0.5786,44,2.17446756344639
"1016","Apogonidae","AT13-12-1-1",2.063587,2063.587,"Sub Recent","Bocas","Casa Blanca","new_2025",1.700978,3.45563299204832,3,3,0.01806,2.9928,"AT13-12_1",0.22898,0.5786,44,0.738623604187439
"1017","Apogonidae","AT13-12-1-2",NA,NA,"Sub Recent","Bocas","Casa Blanca","new_2025",1.070367,3.61366306755602,3,3,0.01806,2.9928,"AT13-12_2",0.29472,0.6281,38,0.844390802872799
"1018","Apogonidae","AT13-12-1-2",1.559566,1559.566,"Sub Recent","Bocas","Casa Blanca","new_2025",1.062005,2.62225418283333,3,3,0.01806,2.9928,"AT13-12_2",0.29472,0.6281,38,0.323390790568896
"1019","Apogonidae","AT13-12-1-2",1.9139,1913.9,"Sub Recent","Bocas","Casa Blanca","new_2025",1.490024,3.20847754880657,3,3,0.01806,2.9928,"AT13-12_2",0.29472,0.6281,38,0.591519964523933
"1020","Apogonidae","AT13-12-1-2",2.338744,2338.744,"Sub Recent","Bocas","Casa Blanca","new_2025",1.571749,3.90929171080679,3,3,0.01806,2.9928,"AT13-12_2",0.29472,0.6281,38,1.06843689293244
"1021","Apogonidae","AT13-12-2-1",2.318917,2318.917,"Sub Recent","Bocas","Casa Blanca","new_2025",1.707793,3.87662947066942,3,3,0.01806,2.9928,"AT13-12_3",0.27994,0.6656,34,1.04194250278302
"1022","Apogonidae","AT13-12-2-1",2.319064,2319.064,"Sub Recent","Bocas","Casa Blanca","new_2025",1.655221,3.87687164771776,3,3,0.01806,2.9928,"AT13-12_3",0.27994,0.6656,34,1.04213731992635
"1023","Apogonidae","AT13-12-2-1",2.000492,2000.492,"Sub Recent","Bocas","Casa Blanca","new_2025",1.468191,3.35148666636002,3,3,0.01806,2.9928,"AT13-12_3",0.27994,0.6656,34,0.673982350373026
"1024","Apogonidae","AT13-12-2-1",1.874345,1874.345,"Sub Recent","Bocas","Casa Blanca","new_2025",1.333514,3.14312033365787,3,3,0.01806,2.9928,"AT13-12_3",0.27994,0.6656,34,0.556185639462883
"1025","Apogonidae","AT13-12-2-1",1.347673,1347.673,"Sub Recent","Bocas","Casa Blanca","new_2025",0.959719,2.27078781476523,3,3,0.01806,2.9928,"AT13-12_3",0.27994,0.6656,34,0.210224312115467
"1026","Apogonidae","AT13-12-2-2",NA,NA,"Sub Recent","Bocas","Casa Blanca","new_2025",1.165522,3.85991179967863,3,3,0.01806,2.9928,"AT13-12_4",0.27237,0.6317,40,1.02855266041426
"1027","Apogonidae","AT13-12-2-2",1.975186,1975.186,"Sub Recent","Bocas","Casa Blanca","new_2025",1.356449,3.30970257136191,3,3,0.01806,2.9928,"AT13-12_4",0.27237,0.6317,40,0.649145674399213
"1028","Apogonidae","AT13-12-2-2",1.878564,1878.564,"Sub Recent","Bocas","Casa Blanca","new_2025",1.398967,3.15009238644963,3,3,0.01806,2.9928,"AT13-12_4",0.27237,0.6317,40,0.559886107443575
"1029","Apogonidae","AT13-12-2-2",1.551625,1551.625,"Sub Recent","Bocas","Casa Blanca","new_2025",1.078544,2.60909560156844,3,3,0.01806,2.9928,"AT13-12_4",0.27237,0.6317,40,0.318558352039974
"1030","Apogonidae","AT13-12-3-2",2.47298,2472.98,"Sub Recent","Bocas","Casa Blanca","new_2025",1.695543,4.13032288539408,3,3,0.01806,2.9928,"AT13-12_6",0.33171,0.6298,57,1.25960585936271
"1031","Apogonidae","AT13-12-3-2",0.983627,983.627,"Sub Recent","Bocas","Casa Blanca","new_2025",0.704696,1.66497787242912,3,3,0.01806,2.9928,"AT13-12_6",0.33171,0.6298,57,0.0830517911805461
"1032","Apogonidae","AT13-12-3-2",NA,NA,"Sub Recent","Bocas","Casa Blanca","new_2025",1.326593,4.26669234630623,3,3,0.01806,2.9928,"AT13-12_6",0.33171,0.6298,57,1.38820970037494
"1033","Apogonidae","AT13-12-3-2",1.307966,1307.966,"Sub Recent","Bocas","Casa Blanca","new_2025",0.998227,2.20484010712061,3,3,0.01806,2.9928,"AT13-12_6",0.33171,0.6298,57,0.192476065227917
"1034","Apogonidae","AT14-3-2",3.331243,3331.243,"Sub Recent","Bocas","Cayo Adriana","new_2025",2.232826,5.53975709897783,3,3,0.01806,2.9928,"AT14-3_1",0.078406,0.4314,7,3.03275118328004
"1035","Apogonidae","AT14-2-1",2.157287,2157.287,"Sub Recent","Bocas","Punta Donato","new_2025",1.607832,3.6102118575237,3,3,0.01806,2.9928,"AT14-2_1",0.126321,0.6472,39,0.841979612066513
"1036","Apogonidae","AT14-2-1",NA,NA,"Sub Recent","Bocas","Punta Donato","new_2025",1.555108,4.82522141254245,3,3,0.01806,2.9928,"AT14-2_1",0.126321,0.6472,39,2.00607959731184
"1037","Apogonidae","AT14-3-5",NA,NA,"Sub Recent","Bocas","Cayo Adriana","new_2025",1.841673,5.50011080952039,3,3,0.01806,2.9928,"AT14-3_4",0.279638,0.6827,60,2.96825623862555
"1038","Apogonidae","AT14-3-5",2.251126,2251.126,"Sub Recent","Bocas","Cayo Adriana","new_2025",1.481425,3.76492231562718,3,3,0.01806,2.9928,"AT14-3_4",0.279638,0.6827,60,0.954641612489531
"1039","Apogonidae","AT14-2-5",2.07356,2073.56,"Sub Recent","Bocas","Punta Donato","new_2025",1.457751,3.47209042861862,3,3,0.01806,2.9928,"AT14-2_4",0.121947,0.6014,28,0.749201388166674
"1040","Apogonidae","AT14-2-5",1.847099,1847.099,"Sub Recent","Bocas","Punta Donato","new_2025",1.371045,3.09808980439726,3,3,0.01806,2.9928,"AT14-2_4",0.121947,0.6014,28,0.532676916011893
"1041","Apogonidae","AT14-3-4",1.426618,1426.618,"Sub Recent","Bocas","Cayo Adriana","new_2025",0.990735,2.40182127333868,3,3,0.01806,2.9928,"AT14-3_3",0.207246,0.625,27,0.248656556124472
"1042","Apogonidae","AT14-3-6",NA,NA,"Sub Recent","Bocas","Cayo Adriana","new_2025",2.151723,6.2040569220414,3,3,0.01806,2.9928,"AT14-3_5",0.31401,0.6877,40,4.25635459627249
"1043","Apogonidae","AT14-3-6",1.960888,1960.888,"Sub Recent","Bocas","Cayo Adriana","new_2025",1.341006,3.28609094497009,3,3,0.01806,2.9928,"AT14-3_5",0.31401,0.6877,40,0.635384167765358
"1044","Apogonidae","AT14-3-1",2.011344,2011.344,"Sub Recent","Bocas","Cayo Adriana","new_2025",1.395888,3.36940262885339,3,3,0.01806,2.9928,"AT14-3_1",0.193504,0.5189,23,0.684822618871649
"1045","Apogonidae","AT14-3-1",1.396197,1396.197,"Sub Recent","Bocas","Cayo Adriana","new_2025",0.894094,2.35134108555221,3,3,0.01806,2.9928,"AT14-3_1",0.193504,0.5189,23,0.233341062353531
"1046","Apogonidae","AT14-3-1",2.00725,2007.25,"Sub Recent","Bocas","Cayo Adriana","new_2025",1.421539,3.3626438602833,3,3,0.01806,2.9928,"AT14-3_1",0.193504,0.5189,23,0.680719612989154
"1047","Apogonidae","AT13-12-4-1",2.26244,2262.44,"Sub Recent","Bocas","Casa Blanca","new_2025",1.647294,3.78356907323906,3,3,0.01806,2.9928,"AT13-12_7",0.28469,0.5885,73,0.968861848353828
"1048","Apogonidae","AT13-12-4-1",1.778269,1778.269,"Sub Recent","Bocas","Casa Blanca","new_2025",1.292457,2.98428846814602,3,3,0.01806,2.9928,"AT13-12_7",0.28469,0.5885,73,0.476234982994327
"1049","Apogonidae","AT13-12-4-1",1.664986,1664.986,"Sub Recent","Bocas","Casa Blanca","new_2025",1.219124,2.79684938234153,3,3,0.01806,2.9928,"AT13-12_7",0.28469,0.5885,73,0.392201243170554
"1050","Apogonidae","AT13-12-4-1",1.514284,1514.284,"Sub Recent","Bocas","Casa Blanca","new_2025",1.052709,2.54720674819026,3,3,0.01806,2.9928,"AT13-12_7",0.28469,0.5885,73,0.296474041459606
"1051","Apogonidae","AT13-12-4-1",1.872442,1872.442,"Sub Recent","Bocas","Casa Blanca","new_2025",1.318567,3.13997548155931,3,3,0.01806,2.9928,"AT13-12_7",0.28469,0.5885,73,0.554521829801077
"1052","Engraulidae","AT12-1-1-1",3.328776,3328.776,"Sub Recent","Bocas","STRI Point","new_2025",1.954216,12.4013950870714,9,49,0.00612244897959184,3.19008591836735,"AT12-1_1",0.1563,0.85,34,18.8447403501358
"1053","Engraulidae","AT12-1-2-1",2.158373,2158.373,"Sub Recent","Bocas","STRI Point","new_2025",1.198967,7.64773941577046,9,49,0.00612244897959184,3.19008591836735,"AT12-1_2",0.261,1.15,93,4.03154597575689
"1054","Engraulidae","AT12-1-5-1",2.557342,2557.342,"Sub Recent","Bocas","STRI Point","new_2025",1.561768,9.24106111281543,9,49,0.00612244897959184,3.19008591836735,"AT12-1_6",0.27754,1.1,20,7.37328167078781
"1055","Engraulidae","AT12-1-5-1",2.075197,2075.197,"Sub Recent","Bocas","STRI Point","new_2025",1.325075,7.3196510891953,9,49,0.00612244897959184,3.19008591836735,"AT12-1_6",0.27754,1.1,20,3.50528844856031
"1056","Engraulidae","AT12-1-5-1",1.249098,1249.098,"Sub Recent","Bocas","STRI Point","new_2025",0.793647,4.15440547137181,9,49,0.00612244897959184,3.19008591836735,"AT12-1_6",0.27754,1.1,20,0.575468621806207
"1057","Engraulidae","AT12-1-5-1",2.159522,2159.522,"Sub Recent","Bocas","STRI Point","new_2025",1.205549,7.65228204276125,9,49,0.00612244897959184,3.19008591836735,"AT12-1_6",0.27754,1.1,20,4.03919014771519
"1058","Engraulidae","AT12-1-6-1",2.238776,2238.776,"Sub Recent","Bocas","STRI Point","new_2025",1.419198,7.96628467815319,9,49,0.00612244897959184,3.19008591836735,"AT12-1_7",0.19713,1.2,16,4.59207192123188
"1059","Engraulidae","AT12-1-2-1",1.624099,1624.099,"Sub Recent","Bocas","STRI Point","new_2025",0.873065,5.56829549774675,9,49,0.00612244897959184,3.19008591836735,"AT12-1_2",0.261,1.15,93,1.46501914788257
"1060","Engraulidae","AT12-1-2-1",NA,NA,"Sub Recent","Bocas","STRI Point","new_2025",1.123583,10.5843984522506,9,49,0.00612244897959184,3.19008591836735,"AT12-1_2",0.261,1.15,93,11.3683733659916
"1061","Engraulidae","AT12-1-2-1",1.872114,1872.114,"Sub Recent","Bocas","STRI Point","new_2025",1.214982,6.52508484080379,9,49,0.00612244897959184,3.19008591836735,"AT12-1_2",0.261,1.15,93,2.42954541754068
"1062","Engraulidae","AT12-1-2-1",1.846031,1846.031,"Sub Recent","Bocas","STRI Point","new_2025",1.144527,6.42373414785448,9,49,0.00612244897959184,3.19008591836735,"AT12-1_2",0.261,1.15,93,2.31119660869919
"1063","Engraulidae","AT12-1-2-1",2.19014,2190.14,"Sub Recent","Bocas","STRI Point","new_2025",1.37497,7.77343443233135,9,49,0.00612244897959184,3.19008591836735,"AT12-1_2",0.261,1.15,93,4.24675270784351
"1064","Engraulidae","AT12-1-2-1",2.109423,2109.423,"Sub Recent","Bocas","STRI Point","new_2025",1.313555,7.45447491126599,9,49,0.00612244897959184,3.19008591836735,"AT12-1_2",0.261,1.15,93,3.71544249956233
"1065","Engraulidae","AT13-10-2-1",2.031355,2031.355,"Sub Recent","Bocas","Punta Caracol","new_2025",1.203849,7.14732389817408,9,49,0.00612244897959184,3.19008591836735,"AT13-10_3",0.27105,0.6821,18,3.24874938529044
"1066","Engraulidae","AT13-10-2-1",1.976486,1976.486,"Sub Recent","Bocas","Punta Caracol","new_2025",1.118303,6.9322603359935,9,49,0.00612244897959184,3.19008591836735,"AT13-10_3",0.27105,0.6821,18,2.94705497483068
"1067","Engraulidae","AT13-10-2-1",1.408611,1408.611,"Sub Recent","Bocas","Punta Caracol","new_2025",0.9791,4.75056200059844,9,49,0.00612244897959184,3.19008591836735,"AT13-10_3",0.27105,0.6821,18,0.882672994152504
"1068","Engraulidae","AT13-10-2-2",1.894731,1894.731,"Sub Recent","Bocas","Punta Caracol","new_2025",1.165887,6.61310019318675,9,49,0.00612244897959184,3.19008591836735,"AT13-10_3",0.33569,0.6996,7,2.5356420185842
"1069","Engraulidae","AT13-10-2-2",1.6778,1677.8,"Sub Recent","Bocas","Punta Caracol","new_2025",0.953016,5.77411265225433,9,49,0.00612244897959184,3.19008591836735,"AT13-10_3",0.33569,0.6996,7,1.64485854854283
"1070","Engraulidae","AT13-10-3-1",1.667804,1667.804,"Sub Recent","Bocas","Punta Caracol","new_2025",0.941796,5.73574295612507,9,49,0.00612244897959184,3.19008591836735,"AT13-10_4",0.31716,0.6704,23,1.61024304535222
"1071","Engraulidae","AT13-10-3-1",2.130789,2130.789,"Sub Recent","Bocas","Punta Caracol","new_2025",1.087213,7.53876906389976,9,49,0.00612244897959184,3.19008591836735,"AT13-10_4",0.31716,0.6704,23,3.85113686838049
"1072","Engraulidae","AT13-10-3-1",2.137751,2137.751,"Sub Recent","Bocas","Punta Caracol","new_2025",1.077926,7.56625706364195,9,49,0.00612244897959184,3.19008591836735,"AT13-10_4",0.31716,0.6704,23,3.89611144816497
"1073","Engraulidae","AT13-10-3-1",2.075566,2075.566,"Sub Recent","Bocas","Punta Caracol","new_2025",1.332103,7.3211032976879,9,49,0.00612244897959184,3.19008591836735,"AT13-10_4",0.31716,0.6704,23,3.50750745766408
"1074","Engraulidae","AT13-10-3-1",1.951156,1951.156,"Sub Recent","Bocas","Punta Caracol","new_2025",1.212904,6.83320909203293,9,49,0.00612244897959184,3.19008591836735,"AT13-10_4",0.31716,0.6704,23,2.81481404543208
"1075","Engraulidae","AT13-10-3-2",1.779899,1779.899,"Sub Recent","Bocas","Punta Caracol","new_2025",0.982585,6.16751224148432,9,49,0.00612244897959184,3.19008591836735,"AT13-10_5",0.31048,0.6716,38,2.0297568885484
"1076","Engraulidae","AT13-10-3-2",2.08649,2086.49,"Sub Recent","Bocas","Punta Caracol","new_2025",1.157225,7.36410848366252,9,49,0.00612244897959184,3.19008591836735,"AT13-10_5",0.31048,0.6716,38,3.5736584515167
"1077","Engraulidae","AT13-10-3-2",2.108215,2108.215,"Sub Recent","Bocas","Punta Caracol","new_2025",1.119026,7.44971199434548,9,49,0.00612244897959184,3.19008591836735,"AT13-10_5",0.31048,0.6716,38,3.70787478077505
"1078","Engraulidae","AT13-10-3-2",1.89825,1898.25,"Sub Recent","Bocas","Punta Caracol","new_2025",1.06489,6.62680555643918,9,49,0.00612244897959184,3.19008591836735,"AT13-10_5",0.31048,0.6716,38,2.55244402168205
"1079","Engraulidae","AT13-10-3-2",NA,NA,"Sub Recent","Bocas","Punta Caracol","new_2025",0.971816,9.6819431044396,9,49,0.00612244897959184,3.19008591836735,"AT13-10_5",0.31048,0.6716,38,8.5552035221251
"1080","Engraulidae","AT13-10-3-2",NA,NA,"Sub Recent","Bocas","Punta Caracol","new_2025",0.651766,7.57555235819048,9,49,0.00612244897959184,3.19008591836735,"AT13-10_5",0.31048,0.6716,38,3.91140118306109
"1081","Engraulidae","AT13-10-3-2",NA,NA,"Sub Recent","Bocas","Punta Caracol","new_2025",1.040276,10.0952999414152,9,49,0.00612244897959184,3.19008591836735,"AT13-10_5",0.31048,0.6716,38,9.77578812729513
"1082","Engraulidae","AT13-10-3-2",1.713715,1713.715,"Sub Recent","Bocas","Punta Caracol","new_2025",0.975306,5.91218997879322,9,49,0.00612244897959184,3.19008591836735,"AT13-10_5",0.31048,0.6716,38,1.77365365154208
"1083","Engraulidae","AT13-10-4-1",NA,NA,"Sub Recent","Bocas","Punta Caracol","new_2025",1.414519,12.1922033180248,9,49,0.00612244897959184,3.19008591836735,"AT13-10_6",0.33121,0.7088,27,17.8492797213616
"1084","Engraulidae","AT13-10-4-1",2.351399,2351.399,"Sub Recent","Bocas","Punta Caracol","new_2025",1.413663,8.41470334686848,9,49,0.00612244897959184,3.19008591836735,"AT13-10_6",0.33121,0.7088,27,5.46862893605876
"1085","Engraulidae","AT13-10-4-1",1.974368,1974.368,"Sub Recent","Bocas","Punta Caracol","new_2025",1.18082,6.92397238410149,9,49,0.00612244897959184,3.19008591836735,"AT13-10_6",0.33121,0.7088,27,2.93582976940996
"1086","Engraulidae","AT13-10-4-1",2.014306,2014.306,"Sub Recent","Bocas","Punta Caracol","new_2025",1.097902,7.08042605679173,9,49,0.00612244897959184,3.19008591836735,"AT13-10_6",0.33121,0.7088,27,3.15273646442168
"1087","Engraulidae","AT13-10-4-1",2.40454,2404.54,"Sub Recent","Bocas","Punta Caracol","new_2025",1.454064,8.62716141260438,9,49,0.00612244897959184,3.19008591836735,"AT13-10_6",0.33121,0.7088,27,5.92139809293633
"1088","Engraulidae","AT13-10-4-1",NA,NA,"Sub Recent","Bocas","Punta Caracol","new_2025",1.118179,10.5531055418249,9,49,0.00612244897959184,3.19008591836735,"AT13-10_6",0.33121,0.7088,27,11.2614989324275
"1089","Engraulidae","AT13-10-4-1",1.815801,1815.801,"Sub Recent","Bocas","Punta Caracol","new_2025",1.054041,6.30647681691819,9,49,0.00612244897959184,3.19008591836735,"AT13-10_6",0.33121,0.7088,27,2.1792838199756
"1090","Engraulidae","AT13-10-4-2",1.99934,1999.34,"Sub Recent","Bocas","Punta Caracol","new_2025",1.160037,7.02175558576269,9,49,0.00612244897959184,3.19008591836735,"AT13-10_7",0.29614,0.7047,21,3.07015081433901
"1091","Engraulidae","AT13-10-4-2",1.580916,1580.916,"Sub Recent","Bocas","Punta Caracol","new_2025",1.125299,5.403359467593,9,49,0.00612244897959184,3.19008591836735,"AT13-10_7",0.29614,0.7047,21,1.3310238562918
"1092","Engraulidae","AT13-10-5-1",1.70088,1700.88,"Sub Recent","Bocas","Punta Caracol","new_2025",0.978482,5.86280623211215,9,49,0.00612244897959184,3.19008591836735,"AT13-10_8",0.20766,0.5594,14,1.72682307877703
"1093","Engraulidae","AT13-10-5-1",1.587809,1587.809,"Sub Recent","Bocas","Punta Caracol","new_2025",1.072859,5.42965245113314,9,49,0.00612244897959184,3.19008591836735,"AT13-10_8",0.20766,0.5594,14,1.3517957780947
"1094","Engraulidae","AT13-10-5-1",1.859332,1859.332,"Sub Recent","Bocas","Punta Caracol","new_2025",1.050649,6.47539726801479,9,49,0.00612244897959184,3.19008591836735,"AT13-10_8",0.20766,0.5594,14,2.37101744760441
"1095","Engraulidae","AT13-10-5-1",1.576419,1576.419,"Sub Recent","Bocas","Punta Caracol","new_2025",0.869372,5.38621304678374,9,49,0.00612244897959184,3.19008591836735,"AT13-10_8",0.20766,0.5594,14,1.31759657799473
"1096","Engraulidae","AT13-10-5-1",2.00352,2003.52,"Sub Recent","Bocas","Punta Caracol","new_2025",1.014243,7.0381371337073,9,49,0.00612244897959184,3.19008591836735,"AT13-10_8",0.20766,0.5594,14,3.0930584581376
"1097","Engraulidae","AT13-10-5-2",2.071485,2071.485,"Sub Recent","Bocas","Punta Caracol","new_2025",1.261484,7.30504408619399,9,49,0.00612244897959184,3.19008591836735,"AT13-10_9",0.35729,0.7013,20,3.48302217444962
"1098","Engraulidae","AT13-10-5-2",1.817354,1817.354,"Sub Recent","Bocas","Punta Caracol","new_2025",1.082116,6.31249518281194,9,49,0.00612244897959184,3.19008591836735,"AT13-10_9",0.35729,0.7013,20,2.18592525209137
"1099","Engraulidae","AT13-10-5-2",2.268641,2268.641,"Sub Recent","Bocas","Punta Caracol","new_2025",1.365017,8.08494585321454,9,49,0.00612244897959184,3.19008591836735,"AT13-10_9",0.35729,0.7013,20,4.81385672097944
"1100","Engraulidae","AT13-10-5-2",2.020175,2020.175,"Sub Recent","Bocas","Punta Caracol","new_2025",1.097388,7.10344780546689,9,49,0.00612244897959184,3.19008591836735,"AT13-10_9",0.35729,0.7013,20,3.18555464575587
"1101","Engraulidae","AT13-10-5-2",1.732067,1732.067,"Sub Recent","Bocas","Punta Caracol","new_2025",0.980196,5.98287518193493,9,49,0.00612244897959184,3.19008591836735,"AT13-10_9",0.35729,0.7013,20,1.84219093929046
"1102","Engraulidae","AT13-10-5-2",1.857492,1857.492,"Sub Recent","Bocas","Punta Caracol","new_2025",0.98293,6.46824786953696,9,49,0.00612244897959184,3.19008591836735,"AT13-10_9",0.35729,0.7013,20,2.36267650646182
"1103","Engraulidae","AT13-10-4-2",2.33586,2335.86,"Sub Recent","Bocas","Punta Caracol","new_2025",1.388594,8.35268271629472,9,49,0.00612244897959184,3.19008591836735,"AT13-10_7",0.29614,0.7047,21,5.3410822703446
"1104","Engraulidae","AT13-12-1-2",NA,NA,"Sub Recent","Bocas","Casa Blanca","new_2025",1.098812,10.4404746030484,9,49,0.00612244897959184,3.19008591836735,"AT13-12_2",0.29472,0.6281,38,10.882539974865
"1105","Engraulidae","AT13-12-1-2",1.335447,1335.447,"Sub Recent","Bocas","Casa Blanca","new_2025",0.860388,4.4760948303756,9,49,0.00612244897959184,3.19008591836735,"AT13-12_2",0.29472,0.6281,38,0.730045281924459
"1106","Engraulidae","AT13-12-1-2",1.226727,1226.727,"Sub Recent","Bocas","Casa Blanca","new_2025",0.873179,4.07147539547908,9,49,0.00612244897959184,3.19008591836735,"AT13-12_2",0.29472,0.6281,38,0.539617284652246
"1107","Engraulidae","AT13-12-1-2",1.317866,1317.866,"Sub Recent","Bocas","Casa Blanca","new_2025",0.771952,4.41039700914998,9,49,0.00612244897959184,3.19008591836735,"AT13-12_2",0.29472,0.6281,38,0.696408979354894
"1108","Engraulidae","AT13-12-1-2",NA,NA,"Sub Recent","Bocas","Casa Blanca","new_2025",0.909583,9.29632188889097,9,49,0.00612244897959184,3.19008591836735,"AT13-12_2",0.29472,0.6281,38,7.51486093519662
"1109","Engraulidae","AT13-12-1-2",2.027848,2027.848,"Sub Recent","Bocas","Casa Blanca","new_2025",1.096754,7.13355760316362,9,49,0.00612244897959184,3.19008591836735,"AT13-12_2",0.29472,0.6281,38,3.22882999934138
"1110","Engraulidae","AT13-12-1-2",1.767888,1767.888,"Sub Recent","Bocas","Casa Blanca","new_2025",0.958349,6.12109375981197,9,49,0.00612244897959184,3.19008591836735,"AT13-12_2",0.29472,0.6281,38,1.98142386443756
"1111","Engraulidae","AT13-12-1-2",2.215436,2215.436,"Sub Recent","Bocas","Casa Blanca","new_2025",1.105198,7.87367631872899,9,49,0.00612244897959184,3.19008591836735,"AT13-12_2",0.29472,0.6281,38,4.42393340267758
"1112","Engraulidae","AT13-12-1-1",NA,NA,"Sub Recent","Bocas","Casa Blanca","new_2025",1.103583,10.4682915155966,9,49,0.00612244897959184,3.19008591836735,"AT13-12_1",0.22898,0.5786,44,10.9753057773966
"1113","Engraulidae","AT13-12-1-1",1.386182,1386.182,"Sub Recent","Bocas","Casa Blanca","new_2025",0.801125,4.66624238503072,9,49,0.00612244897959184,3.19008591836735,"AT13-12_1",0.22898,0.5786,44,0.833658763276926
"1114","Engraulidae","AT13-12-1-1",1.776321,1776.321,"Sub Recent","Bocas","Casa Blanca","new_2025",1.135286,6.15368066999667,9,49,0.00612244897959184,3.19008591836735,"AT13-12_1",0.22898,0.5786,44,2.01527113776155
"1115","Engraulidae","AT13-12-1-1",1.569694,1569.694,"Sub Recent","Bocas","Casa Blanca","new_2025",0.941382,5.36058214597475,9,49,0.00612244897959184,3.19008591836735,"AT13-12_1",0.22898,0.5786,44,1.29769898704178
"1116","Engraulidae","AT13-12-1-1",2.087634,2087.634,"Sub Recent","Bocas","Casa Blanca","new_2025",1.297206,7.3686136492839,9,49,0.00612244897959184,3.19008591836735,"AT13-12_1",0.22898,0.5786,44,3.58063751134923
"1117","Engraulidae","AT13-12-2-1",NA,NA,"Sub Recent","Bocas","Casa Blanca","new_2025",1.050704,10.1573297872964,9,49,0.00612244897959184,3.19008591836735,"AT13-12_3",0.27994,0.6656,34,9.96869825948607
"1118","Engraulidae","AT13-12-2-1",NA,NA,"Sub Recent","Bocas","Casa Blanca","new_2025",1.047758,10.1398299917524,9,49,0.00612244897959184,3.19008591836735,"AT13-12_3",0.27994,0.6656,34,9.91401244431887
"1119","Engraulidae","AT13-12-2-1",2.108336,2108.336,"Sub Recent","Bocas","Casa Blanca","new_2025",1.284772,7.45018906036669,9,49,0.00612244897959184,3.19008591836735,"AT13-12_3",0.27994,0.6656,34,3.70863230564502
"1120","Engraulidae","AT13-12-2-1",2.417324,2417.324,"Sub Recent","Bocas","Casa Blanca","new_2025",1.413787,8.67835353915851,9,49,0.00612244897959184,3.19008591836735,"AT13-12_3",0.27994,0.6656,34,6.03421685204085
"1121","Engraulidae","AT13-12-2-1",2.009309,2009.309,"Sub Recent","Bocas","Casa Blanca","new_2025",1.068533,7.06083093445592,9,49,0.00612244897959184,3.19008591836735,"AT13-12_3",0.27994,0.6656,34,3.12498653120935
"1122","Engraulidae","AT13-12-2-1",1.853853,1853.853,"Sub Recent","Bocas","Casa Blanca","new_2025",1.004977,6.45411079417979,9,49,0.00612244897959184,3.19008591836735,"AT13-12_3",0.27994,0.6656,34,2.34624263803425
"1123","Engraulidae","AT13-12-2-1",1.98492,1984.92,"Sub Recent","Bocas","Casa Blanca","new_2025",1.095221,6.96527363408408,9,49,0.00612244897959184,3.19008591836735,"AT13-12_3",0.27994,0.6656,34,2.99206070762839
"1124","Engraulidae","AT13-12-2-2",NA,NA,"Sub Recent","Bocas","Casa Blanca","new_2025",0.89259,9.18927330490946,9,49,0.00612244897959184,3.19008591836735,"AT13-12_4",0.27237,0.6317,40,7.24227256184243
"1125","Engraulidae","AT13-12-2-2",2.218012,2218.012,"Sub Recent","Bocas","Casa Blanca","new_2025",1.311381,7.88389183947631,9,49,0.00612244897959184,3.19008591836735,"AT13-12_4",0.27237,0.6317,40,4.44226966491954
"1126","Engraulidae","AT13-12-2-2",1.711651,1711.651,"Sub Recent","Bocas","Casa Blanca","new_2025",0.96269,5.90424566701977,9,49,0.00612244897959184,3.19008591836735,"AT13-12_4",0.27237,0.6317,40,1.76606193588574
"1127","Engraulidae","AT13-12-2-2",2.352568,2352.568,"Sub Recent","Bocas","Casa Blanca","new_2025",1.35765,8.41937108597257,9,49,0.00612244897959184,3.19008591836735,"AT13-12_4",0.27237,0.6317,40,5.47831199071272
"1128","Engraulidae","AT13-12-2-2",2.048828,2048.828,"Sub Recent","Bocas","Casa Blanca","new_2025",1.226465,7.21595291912225,9,49,0.00612244897959184,3.19008591836735,"AT13-12_4",0.27237,0.6317,40,3.34931343911068
"1129","Engraulidae","AT13-12-2-2",2.067201,2067.201,"Sub Recent","Bocas","Casa Blanca","new_2025",1.124203,7.28818998555511,9,49,0.00612244897959184,3.19008591836735,"AT13-12_4",0.27237,0.6317,40,3.45745140786474
"1130","Engraulidae","AT13-12-2-2",2.268693,2268.693,"Sub Recent","Bocas","Casa Blanca","new_2025",1.187434,8.08515262074795,9,49,0.00612244897959184,3.19008591836735,"AT13-12_4",0.27237,0.6317,40,4.81424946803116
"1131","Engraulidae","AT13-12-2-2",2.071118,2071.118,"Sub Recent","Bocas","Casa Blanca","new_2025",1.058193,7.30360007770137,9,49,0.00612244897959184,3.19008591836735,"AT13-12_4",0.27237,0.6317,40,3.48082627972522
"1132","Engraulidae","AT13-12-2-2",1.50041,1500.41,"Sub Recent","Bocas","Casa Blanca","new_2025",0.859058,5.09726970328562,9,49,0.00612244897959184,3.19008591836735,"AT13-12_4",0.27237,0.6317,40,1.10507800347742
"1133","Engraulidae","AT13-12-2-2",1.625594,1625.594,"Sub Recent","Bocas","Casa Blanca","new_2025",1.080363,5.57401477547215,9,49,0.00612244897959184,3.19008591836735,"AT13-12_4",0.27237,0.6317,40,1.46982480724084
"1134","Engraulidae","AT13-12-2-2",2.03716,2037.16,"Sub Recent","Bocas","Casa Blanca","new_2025",1.317899,7.17011675224758,9,49,0.00612244897959184,3.19008591836735,"AT13-12_4",0.27237,0.6317,40,3.28191512636555
"1135","Engraulidae","AT13-12-3-1",2.146716,2146.716,"Sub Recent","Bocas","Casa Blanca","new_2025",1.260246,7.60166875094072,9,49,0.00612244897959184,3.19008591836735,"AT13-12_5",0.26412,0.582,38,3.95458015402306
"1136","Engraulidae","AT13-12-3-1",1.504588,1504.588,"Sub Recent","Bocas","Casa Blanca","new_2025",0.950462,5.11310889859455,9,49,0.00612244897959184,3.19008591836735,"AT13-12_5",0.26412,0.582,38,1.11606978041323
"1137","Engraulidae","AT13-12-3-1",1.894103,1894.103,"Sub Recent","Bocas","Casa Blanca","new_2025",1.098365,6.61065464659089,9,49,0.00612244897959184,3.19008591836735,"AT13-12_5",0.26412,0.582,38,2.53265192155321
"1138","Engraulidae","AT13-12-3-1",1.864829,1864.829,"Sub Recent","Bocas","Casa Blanca","new_2025",1.057322,6.49676097131168,9,49,0.00612244897959184,3.19008591836735,"AT13-12_5",0.26412,0.582,38,2.39606212711289
"1139","Engraulidae","AT13-12-3-1",1.727241,1727.241,"Sub Recent","Bocas","Casa Blanca","new_2025",1.011784,5.96427875256714,9,49,0.00612244897959184,3.19008591836735,"AT13-12_5",0.26412,0.582,38,1.82398648162621
"1140","Engraulidae","AT13-12-3-1",1.684669,1684.669,"Sub Recent","Bocas","Casa Blanca","new_2025",0.964392,5.80049469590586,9,49,0.00612244897959184,3.19008591836735,"AT13-12_5",0.26412,0.582,38,1.66895346998272
"1141","Engraulidae","AT13-12-3-1",1.69748,1697.48,"Sub Recent","Bocas","Casa Blanca","new_2025",0.916464,5.84973165667491,9,49,0.00612244897959184,3.19008591836735,"AT13-12_5",0.26412,0.582,38,1.71456813405882
"1142","Engraulidae","AT13-12-3-1",2.281393,2281.393,"Sub Recent","Bocas","Casa Blanca","new_2025",1.429042,8.1356680153349,9,49,0.00612244897959184,3.19008591836735,"AT13-12_5",0.26412,0.582,38,4.91086234778424
"1143","Engraulidae","AT13-12-3-1",1.023819,1023.819,"Sub Recent","Bocas","Casa Blanca","new_2025",0.732446,3.327651201427,9,49,0.00612244897959184,3.19008591836735,"AT13-12_5",0.26412,0.582,38,0.283523859149832
"1144","Engraulidae","AT13-12-3-1",1.639185,1639.185,"Sub Recent","Bocas","Casa Blanca","new_2025",1.170481,5.62603642344313,9,49,0.00612244897959184,3.19008591836735,"AT13-12_5",0.26412,0.582,38,1.51403436197967
"1145","Engraulidae","AT13-12-3-2",2.069221,2069.221,"Sub Recent","Bocas","Casa Blanca","new_2025",1.215587,7.29613656060781,9,49,0.00612244897959184,3.19008591836735,"AT13-12_6",0.33171,0.6298,57,3.46949170532594
"1146","Engraulidae","AT13-12-3-2",NA,NA,"Sub Recent","Bocas","Casa Blanca","new_2025",1.101904,10.4585075493969,9,49,0.00612244897959184,3.19008591836735,"AT13-12_6",0.33171,0.6298,57,10.942615876856
"1147","Engraulidae","AT13-12-3-2",NA,NA,"Sub Recent","Bocas","Casa Blanca","new_2025",0.999853,9.85254493762454,9,49,0.00612244897959184,3.19008591836735,"AT13-12_6",0.33171,0.6298,57,9.04544656610731
"1148","Engraulidae","AT13-12-3-2",1.950132,1950.132,"Sub Recent","Bocas","Casa Blanca","new_2025",1.192693,6.82920792605238,9,49,0.00612244897959184,3.19008591836735,"AT13-12_6",0.33171,0.6298,57,2.80955949634982
"1149","Engraulidae","AT13-12-3-2",2.305412,2305.412,"Sub Recent","Bocas","Casa Blanca","new_2025",1.380978,8.23129464566762,9,49,0.00612244897959184,3.19008591836735,"AT13-12_6",0.33171,0.6298,57,5.0973824804181
"1150","Engraulidae","AT13-12-3-2",2.067663,2067.663,"Sub Recent","Bocas","Casa Blanca","new_2025",1.064454,7.29000739030765,9,49,0.00612244897959184,3.19008591836735,"AT13-12_6",0.33171,0.6298,57,3.46020252463835
"1151","Engraulidae","AT13-12-3-2",1.943422,1943.422,"Sub Recent","Bocas","Casa Blanca","new_2025",1.078044,6.80299537104997,9,49,0.00612244897959184,3.19008591836735,"AT13-12_6",0.33171,0.6298,57,2.77530219160573
"1152","Engraulidae","AT13-12-3-2",1.755554,1755.554,"Sub Recent","Bocas","Casa Blanca","new_2025",1.150488,6.07346496849906,9,49,0.00612244897959184,3.19008591836735,"AT13-12_6",0.33171,0.6298,57,1.93265804835847
"1153","Engraulidae","AT13-12-3-2",1.245075,1245.075,"Sub Recent","Bocas","Casa Blanca","new_2025",0.854656,4.13947929901776,9,49,0.00612244897959184,3.19008591836735,"AT13-12_6",0.33171,0.6298,57,0.568898793566234
"1154","Engraulidae","AT13-12-3-2",1.486623,1486.623,"Sub Recent","Bocas","Casa Blanca","new_2025",1.036968,5.04503815774664,9,49,0.00612244897959184,3.19008591836735,"AT13-12_6",0.33171,0.6298,57,1.06935813146588
"1155","Engraulidae","AT13-12-3-2",1.71472,1714.72,"Sub Recent","Bocas","Casa Blanca","new_2025",1.132921,5.91605861302352,9,49,0.00612244897959184,3.19008591836735,"AT13-12_6",0.33171,0.6298,57,1.7773586808291
"1156","Engraulidae","AT13-12-3-2",2.261017,2261.017,"Sub Recent","Bocas","Casa Blanca","new_2025",1.446834,8.05463649403021,9,49,0.00612244897959184,3.19008591836735,"AT13-12_6",0.33171,0.6298,57,4.75652284275223
"1157","Engraulidae","AT13-12-4-1",1.890584,1890.584,"Sub Recent","Bocas","Casa Blanca","new_2025",1.140042,6.59695275563752,9,49,0.00612244897959184,3.19008591836735,"AT13-12_7",0.28469,0.5885,73,2.51594378945756
"1158","Engraulidae","AT13-12-4-1",1.467532,1467.532,"Sub Recent","Bocas","Casa Blanca","new_2025",0.849345,4.97280522559345,9,49,0.00612244897959184,3.19008591836735,"AT13-12_7",0.28469,0.5885,73,1.02127722813014
"1159","Engraulidae","AT13-12-4-1",1.508586,1508.586,"Sub Recent","Bocas","Casa Blanca","new_2025",0.980916,5.12827046448976,9,49,0.00612244897959184,3.19008591836735,"AT13-12_7",0.28469,0.5885,73,1.12666139803119
"1160","Engraulidae","AT13-12-4-1",NA,NA,"Sub Recent","Bocas","Casa Blanca","new_2025",1.159275,10.7896405855149,9,49,0.00612244897959184,3.19008591836735,"AT13-12_7",0.28469,0.5885,73,12.0866567615888
"1161","Engraulidae","AT13-12-4-1",2.4375,2437.5,"Sub Recent","Bocas","Casa Blanca","new_2025",1.425739,8.7592098372617,9,49,0.00612244897959184,3.19008591836735,"AT13-12_7",0.28469,0.5885,73,6.21540278505112
"1162","Engraulidae","AT13-12-4-1",1.772849,1772.849,"Sub Recent","Bocas","Casa Blanca","new_2025",1.131048,6.14026194815285,9,49,0.00612244897959184,3.19008591836735,"AT13-12_7",0.28469,0.5885,73,2.00128574434055
"1163","Engraulidae","AT13-12-4-1",2.351164,2351.164,"Sub Recent","Bocas","Casa Blanca","new_2025",1.417635,8.41376503994891,9,49,0.00612244897959184,3.19008591836735,"AT13-12_7",0.28469,0.5885,73,5.46668387197558
"1164","Engraulidae","AT13-12-4-1",2.419234,2419.234,"Sub Recent","Bocas","Casa Blanca","new_2025",1.411497,8.68600461989339,9,49,0.00612244897959184,3.19008591836735,"AT13-12_7",0.28469,0.5885,73,6.05120429301806
"1165","Engraulidae","AT13-12-4-1",2.09207,2092.07,"Sub Recent","Bocas","Casa Blanca","new_2025",1.303763,7.38608568153916,9,49,0.00612244897959184,3.19008591836735,"AT13-12_7",0.28469,0.5885,73,3.6077923744174
"1166","Engraulidae","AT13-12-4-1",1.944284,1944.284,"Sub Recent","Bocas","Casa Blanca","new_2025",1.076554,6.80636218068677,9,49,0.00612244897959184,3.19008591836735,"AT13-12_7",0.28469,0.5885,73,2.77968614963692
"1167","Engraulidae","AT13-12-4-1",1.786894,1786.894,"Sub Recent","Bocas","Casa Blanca","new_2025",0.986965,6.19456229463277,9,49,0.00612244897959184,3.19008591836735,"AT13-12_7",0.28469,0.5885,73,2.05829261483144
"1168","Engraulidae","AT13-12-4-1",2.126974,2126.974,"Sub Recent","Bocas","Casa Blanca","new_2025",1.388906,7.523710741334,9,49,0.00612244897959184,3.19008591836735,"AT13-12_7",0.28469,0.5885,73,3.82665090059825
"1169","Engraulidae","AT13-12-4-1",2.205645,2205.645,"Sub Recent","Bocas","Casa Blanca","new_2025",1.415994,7.83486117078383,9,49,0.00612244897959184,3.19008591836735,"AT13-12_7",0.28469,0.5885,73,4.3547362114114
"1170","Engraulidae","AT13-12-4-2",1.57681,1576.81,"Sub Recent","Bocas","Casa Blanca","new_2025",1.019248,5.38770364962999,9,49,0.00612244897959184,3.19008591836735,"AT13-12_8",0.28791,0.6922,48,1.31876015428418
"1171","Engraulidae","AT13-12-4-2",1.749607,1749.607,"Sub Recent","Bocas","Casa Blanca","new_2025",1.00979,6.05051394139237,9,49,0.00612244897959184,3.19008591836735,"AT13-12_8",0.28791,0.6922,48,1.90945607977639
"1172","Engraulidae","AT13-12-4-2",1.831265,1831.265,"Sub Recent","Bocas","Casa Blanca","new_2025",1.118663,6.36643120182745,9,49,0.00612244897959184,3.19008591836735,"AT13-12_8",0.28791,0.6922,48,2.24606667643378
"1173","Engraulidae","AT13-12-4-2",2.237943,2237.943,"Sub Recent","Bocas","Casa Blanca","new_2025",1.310055,7.96297757367246,9,49,0.00612244897959184,3.19008591836735,"AT13-12_8",0.28791,0.6922,48,4.58599329114567
"1174","Engraulidae","AT13-12-4-2",1.793583,1793.583,"Sub Recent","Bocas","Casa Blanca","new_2025",1.129991,6.22044049633608,9,49,0.00612244897959184,3.19008591836735,"AT13-12_8",0.28791,0.6922,48,2.08584875865159
"1175","Engraulidae","AT13-12-4-2",2.142946,2142.946,"Sub Recent","Bocas","Casa Blanca","new_2025",1.14209,7.58677518749712,9,49,0.00612244897959184,3.19008591836735,"AT13-12_8",0.28791,0.6922,48,3.92991633052489
"1176","Engraulidae","AT13-12-4-2",2.061843,2061.843,"Sub Recent","Bocas","Casa Blanca","new_2025",1.016759,7.2671162476712,9,49,0.00612244897959184,3.19008591836735,"AT13-12_8",0.28791,0.6922,48,3.42566037450769
"1177","Engraulidae","AT13-12-4-2",1.933835,1933.835,"Sub Recent","Bocas","Casa Blanca","new_2025",0.981793,6.7655620218177,9,49,0.00612244897959184,3.19008591836735,"AT13-12_8",0.28791,0.6922,48,2.72687913744777
"1178","Engraulidae","AT13-12-4-2",2.396632,2396.632,"Sub Recent","Bocas","Casa Blanca","new_2025",1.589244,8.59551045055869,9,49,0.00612244897959184,3.19008591836735,"AT13-12_8",0.28791,0.6922,48,5.85237412671826
"1179","Engraulidae","AT14-1-1",1.514528,1514.528,"Sub Recent","Bocas","Casa Blanca","new_2025",0.818253,5.15081282854882,9,49,0.00612244897959184,3.19008591836735,"AT14-1_1",0.235586,0.6604,39,1.14253638640937
"1180","Engraulidae","AT14-1-1",1.170796,1170.796,"Sub Recent","Bocas","Casa Blanca","new_2025",0.800216,3.8649087136958,9,49,0.00612244897959184,3.19008591836735,"AT14-1_1",0.235586,0.6604,39,0.457035356305086
"1181","Engraulidae","AT14-1-1",2.050926,2050.926,"Sub Recent","Bocas","Casa Blanca","new_2025",1.25606,7.22419783999117,9,49,0.00612244897959184,3.19008591836735,"AT14-1_1",0.235586,0.6604,39,3.36153690219031
"1182","Engraulidae","AT14-1-1",1.547883,1547.883,"Sub Recent","Bocas","Casa Blanca","new_2025",0.872983,5.27754186869766,9,49,0.00612244897959184,3.19008591836735,"AT14-1_1",0.235586,0.6604,39,1.23465132747053
"1183","Engraulidae","AT14-1-1",1.816188,1816.188,"Sub Recent","Bocas","Casa Blanca","new_2025",1.222819,6.30797650853011,9,49,0.00612244897959184,3.19008591836735,"AT14-1_1",0.235586,0.6604,39,2.18093747311966
"1184","Engraulidae","AT14-1-1",1.853334,1853.334,"Sub Recent","Bocas","Casa Blanca","new_2025",1.011131,6.45209480344898,9,49,0.00612244897959184,3.19008591836735,"AT14-1_1",0.235586,0.6604,39,2.34390552960262
"1185","Engraulidae","AT14-1-1",2.988191,2988.191,"Sub Recent","Bocas","Casa Blanca","new_2025",1.72396,10.9943201661785,9,49,0.00612244897959184,3.19008591836735,"AT14-1_1",0.235586,0.6604,39,12.8334009244881
"1186","Engraulidae","AT14-1-1",1.807547,1807.547,"Sub Recent","Bocas","Casa Blanca","new_2025",1.16152,6.27449996672746,9,49,0.00612244897959184,3.19008591836735,"AT14-1_1",0.235586,0.6604,39,2.14422866936488
"1187","Engraulidae","AT14-1-3",1.314927,1314.927,"Sub Recent","Bocas","Casa Blanca","new_2025",0.803145,4.39942422057739,9,49,0.00612244897959184,3.19008591836735,"AT14-1_3",0.177701,0.6843,95,0.69089681150503
"1188","Engraulidae","AT14-1-3",1.702775,1702.775,"Sub Recent","Bocas","Casa Blanca","new_2025",1.005151,5.87009469861618,9,49,0.00612244897959184,3.19008591836735,"AT14-1_3",0.177701,0.6843,95,1.73368067564087
"1189","Engraulidae","AT14-1-3",1.79956,1799.56,"Sub Recent","Bocas","Casa Blanca","new_2025",1.01359,6.24357358781869,9,49,0.00612244897959184,3.19008591836735,"AT14-1_3",0.177701,0.6843,95,2.11069526500629
"1190","Engraulidae","AT14-1-3",NA,NA,"Sub Recent","Bocas","Casa Blanca","new_2025",1.783728,14.0584703463041,9,49,0.00612244897959184,3.19008591836735,"AT14-1_3",0.177701,0.6843,95,28.1155280311324
"1191","Engraulidae","AT14-1-3",1.077205,1077.205,"Sub Recent","Bocas","Casa Blanca","new_2025",1.946221,3.52182835875432,9,49,0.00612244897959184,3.19008591836735,"AT14-1_3",0.177701,0.6843,95,0.339752503913535
"1192","Engraulidae","AT14-1-3",1.165781,1165.781,"Sub Recent","Bocas","Casa Blanca","new_2025",1.521468,3.8464420592141,9,49,0.00612244897959184,3.19008591836735,"AT14-1_3",0.177701,0.6843,95,0.450105452104664
"1193","Engraulidae","AT14-1-3",1.030905,1030.905,"Sub Recent","Bocas","Casa Blanca","new_2025",2.17019,3.35335849890372,9,49,0.00612244897959184,3.19008591836735,"AT14-1_3",0.177701,0.6843,95,0.290570470023763
"1194","Engraulidae","AT14-1-3",1.328058,1328.058,"Sub Recent","Bocas","Casa Blanca","new_2025",1.932892,4.44847086276358,9,49,0.00612244897959184,3.19008591836735,"AT14-1_3",0.177701,0.6843,95,0.715769455286078
"1195","Engraulidae","AT14-1-5",1.638326,1638.326,"Sub Recent","Bocas","Casa Blanca","new_2025",0.97131,5.62274698588903,9,49,0.00612244897959184,3.19008591836735,"AT14-1_1",0.093953,0.4014,23,1.51121221819537
"1196","Engraulidae","AT14-1-5",2.156096,2156.096,"Sub Recent","Bocas","Casa Blanca","new_2025",1.367934,7.63873801340183,9,49,0.00612244897959184,3.19008591836735,"AT14-1_1",0.093953,0.4014,23,4.01642808359029
"1197","Engraulidae","AT14-1-5",2.048577,2048.577,"Sub Recent","Bocas","Casa Blanca","new_2025",1.29799,7.21496658076967,9,49,0.00612244897959184,3.19008591836735,"AT14-1_1",0.093953,0.4014,23,3.34785319522943
"1198","Engraulidae","AT14-1-8",NA,NA,"Sub Recent","Bocas","Casa Blanca","new_2025",1.060676,10.2164253473872,9,49,0.00612244897959184,3.19008591836735,"AT14-1_5",0.186586,0.6334,63,10.1548986484511
"1199","Engraulidae","AT14-1-8",1.631733,1631.733,"Sub Recent","Bocas","Casa Blanca","new_2025",0.846579,5.5975065354416,9,49,0.00612244897959184,3.19008591836735,"AT14-1_5",0.186586,0.6334,63,1.48967745414584
"1200","Engraulidae","AT14-1-8",1.57856,1578.56,"Sub Recent","Bocas","Casa Blanca","new_2025",0.918603,5.39437566988735,9,49,0.00612244897959184,3.19008591836735,"AT14-1_5",0.186586,0.6334,63,1.32397703228835
"1201","Engraulidae","AT14-1-8",2.054433,2054.433,"Sub Recent","Bocas","Casa Blanca","new_2025",1.081516,7.23798216327515,9,49,0.00612244897959184,3.19008591836735,"AT14-1_5",0.186586,0.6334,63,3.38204112192387
"1202","Engraulidae","AT14-1-8",1.863894,1863.894,"Sub Recent","Bocas","Casa Blanca","new_2025",1.049521,6.49312664457679,9,49,0.00612244897959184,3.19008591836735,"AT14-1_5",0.186586,0.6334,63,2.39178884588254
"1203","Engraulidae","AT14-1-7",1.473121,1473.121,"Sub Recent","Bocas","Casa Blanca","new_2025",1.039815,4.99394063543677,9,49,0.00612244897959184,3.19008591836735,"AT14-1_4",0.178184,0.6442,58,1.0351887687582
"1204","Engraulidae","AT14-1-7",1.186351,1186.351,"Sub Recent","Bocas","Casa Blanca","new_2025",0.827258,3.92224474458123,9,49,0.00612244897959184,3.19008591836735,"AT14-1_4",0.178184,0.6442,58,0.479017997161493
"1205","Engraulidae","AT14-1-7",1.473242,1473.242,"Sub Recent","Bocas","Casa Blanca","new_2025",1.002964,4.99439831284747,9,49,0.00612244897959184,3.19008591836735,"AT14-1_4",0.178184,0.6442,58,1.03549144728931
"1206","Engraulidae","AT14-1-7",1.627115,1627.115,"Sub Recent","Bocas","Casa Blanca","new_2025",0.889963,5.57983414372793,9,49,0.00612244897959184,3.19008591836735,"AT14-1_4",0.178184,0.6442,58,1.47472566507386
"1207","Engraulidae","AT14-1-7",1.163972,1163.972,"Sub Recent","Bocas","Casa Blanca","new_2025",0.769668,3.83978306167684,9,49,0.00612244897959184,3.19008591836735,"AT14-1_4",0.178184,0.6442,58,0.447624360582287
"1208","Engraulidae","AT14-1-7",1.997909,1997.909,"Sub Recent","Bocas","Casa Blanca","new_2025",1.301301,7.01614836337029,9,49,0.00612244897959184,3.19008591836735,"AT14-1_4",0.178184,0.6442,58,3.06233661744913
"1209","Engraulidae","AT14-1-7",1.92063,1920.63,"Sub Recent","Bocas","Casa Blanca","new_2025",NA,6.71403702834618,9,49,0.00612244897959184,3.19008591836735,"AT14-1_4",0.178184,0.6442,58,2.66118050404505
"1210","Engraulidae","AT14-1-7",NA,NA,"Sub Recent","Bocas","Casa Blanca","new_2025",1.165452,10.8249116376106,9,49,0.00612244897959184,3.19008591836735,"AT14-1_4",0.178184,0.6442,58,12.2131519097819
"1211","Engraulidae","AT14-1-7",2.027128,2027.128,"Sub Recent","Bocas","Casa Blanca","new_2025",1.055984,7.13073167294858,9,49,0.00612244897959184,3.19008591836735,"AT14-1_4",0.178184,0.6442,58,3.224751368365
"1212","Engraulidae","AT14-1-7",1.707455,1707.455,"Sub Recent","Bocas","Casa Blanca","new_2025",0.987998,5.88809873177751,9,49,0.00612244897959184,3.19008591836735,"AT14-1_4",0.178184,0.6442,58,1.75070046274913
"1213","Engraulidae","AT14-2-1",1.967888,1967.888,"Sub Recent","Bocas","Punta Donato","new_2025",1.250415,6.89862187208305,9,49,0.00612244897959184,3.19008591836735,"AT14-2_1",0.126321,0.6472,39,2.90167726906709
"1214","Engraulidae","AT14-2-1",NA,NA,"Sub Recent","Bocas","Punta Donato","new_2025",1.170917,10.8560570294738,9,49,0.00612244897959184,3.19008591836735,"AT14-2_1",0.126321,0.6472,39,12.3256039387518
"1215","Engraulidae","AT14-2-1",2.041452,2041.452,"Sub Recent","Bocas","Punta Donato","new_2025",1.205502,7.18697377248495,9,49,0.00612244897959184,3.19008591836735,"AT14-2_1",0.126321,0.6472,39,3.30659267307131
"1216","Engraulidae","AT14-2-1",2.076716,2076.716,"Sub Recent","Bocas","Punta Donato","new_2025",1.354069,7.32562934239097,9,49,0.00612244897959184,3.19008591836735,"AT14-2_1",0.126321,0.6472,39,3.514429548073
"1217","Engraulidae","AT14-2-1",1.547892,1547.892,"Sub Recent","Bocas","Punta Donato","new_2025",1.077284,5.27757610629663,9,49,0.00612244897959184,3.19008591836735,"AT14-2_1",0.126321,0.6472,39,1.23467687926503
"1218","Engraulidae","AT14-2-4",1.360227,1360.227,"Sub Recent","Bocas","Punta Donato","new_2025",0.906818,4.56886420495022,9,49,0.00612244897959184,3.19008591836735,"AT14-2_3",0.074169,0.5598,30,0.77941755365154
"1219","Engraulidae","AT14-2-4",1.016558,1016.558,"Sub Recent","Bocas","Punta Donato","new_2025",0.769737,3.30133037817843,9,49,0.00612244897959184,3.19008591836735,"AT14-2_3",0.074169,0.5598,30,0.276431551937302
"1220","Engraulidae","AT14-2-4",1.145475,1145.475,"Sub Recent","Bocas","Punta Donato","new_2025",0.798839,3.77176393622581,9,49,0.00612244897959184,3.19008591836735,"AT14-2_3",0.074169,0.5598,30,0.422816256917603
"1221","Engraulidae","AT14-2-4",1.600759,1600.759,"Sub Recent","Bocas","Punta Donato","new_2025",1.067877,5.47908523708715,9,49,0.00612244897959184,3.19008591836735,"AT14-2_3",0.074169,0.5598,30,1.39144916410863
"1222","Engraulidae","AT14-3-2",2.097747,2097.747,"Sub Recent","Bocas","Cayo Adriana","new_2025",1.303508,7.40845188429742,9,49,0.00612244897959184,3.19008591836735,"AT14-3_1",0.078406,0.4314,7,3.64275960819855
"1223","Engraulidae","AT14-3-4",2.128592,2128.592,"Sub Recent","Bocas","Cayo Adriana","new_2025",1.376335,7.53009682538117,9,49,0.00612244897959184,3.19008591836735,"AT14-3_3",0.207246,0.625,27,3.8370220615524
"1224","Engraulidae","AT14-3-4",2.338548,2338.548,"Sub Recent","Bocas","Cayo Adriana","new_2025",1.441765,8.36340789261765,9,49,0.00612244897959184,3.19008591836735,"AT14-3_3",0.207246,0.625,27,5.3629911736005
"1225","Engraulidae","AT14-3-4",1.987739,1987.739,"Sub Recent","Bocas","Cayo Adriana","new_2025",1.259246,6.97631170091616,9,49,0.00612244897959184,3.19008591836735,"AT14-3_3",0.207246,0.625,27,3.00721309583662
"1226","Engraulidae","AT14-3-6",NA,NA,"Sub Recent","Bocas","Cayo Adriana","new_2025",1.38955,12.0595771796447,9,49,0.00612244897959184,3.19008591836735,"AT14-3_5",0.31401,0.6877,40,17.237227767159
"1227","Engraulidae","AT14-3-6",1.929135,1929.135,"Sub Recent","Bocas","Cayo Adriana","new_2025",1.308235,6.74721826545674,9,49,0.00612244897959184,3.19008591836735,"AT14-3_5",0.31401,0.6877,40,2.70336317815237
"1228","Engraulidae","AT14-3-5",2.073541,2073.541,"Sub Recent","Bocas","Cayo Adriana","new_2025",1.42191,7.31313422896424,9,49,0.00612244897959184,3.19008591836735,"AT14-3_4",0.279638,0.6827,60,3.49534239715661
"1229","Engraulidae","AT14-3-5",1.556097,1556.097,"Sub Recent","Bocas","Cayo Adriana","new_2025",1.039909,5.3087989552936,9,49,0.00612244897959184,3.19008591836735,"AT14-3_4",0.279638,0.6827,60,1.2581302219874
"1230","Engraulidae","AT14-3-5",2.128832,2128.832,"Sub Recent","Bocas","Cayo Adriana","new_2025",1.147517,7.53104412922322,9,49,0.00612244897959184,3.19008591836735,"AT14-3_4",0.279638,0.6827,60,3.83856214850371
"1231","Gobiidae","AT12-1-5-1",1.568156,1568.156,"Sub Recent","Bocas","STRI Point","new_2025",NA,4.28044826417147,11,26,0.00987961538461538,2.99819230769231,"AT12-1_6",0.27754,1.1,20,0.772798474972354
"1232","Gobiidae","AT12-1-5-1",0.994442,994.442,"Sub Recent","Bocas","STRI Point","new_2025",1.002527,2.63736739082881,11,26,0.00987961538461538,2.99819230769231,"AT12-1_6",0.27754,1.1,20,0.180921669754208
"1233","Gobiidae","AT12-1-5-1",1.059121,1059.121,"Sub Recent","Bocas","STRI Point","new_2025",1.094155,2.82011807923046,11,26,0.00987961538461538,2.99819230769231,"AT12-1_6",0.27754,1.1,20,0.221170892904759
"1234","Gobiidae","AT12-1-5-1",1.31133,1311.33,"Sub Recent","Bocas","STRI Point","new_2025",1.264665,3.53915791394012,11,26,0.00987961538461538,2.99819230769231,"AT12-1_6",0.27754,1.1,20,0.436965971879033
"1235","Gobiidae","AT12-1-5-1",0.905933,905.933,"Sub Recent","Bocas","STRI Point","new_2025",0.970909,2.38851087745039,11,26,0.00987961538461538,2.99819230769231,"AT12-1_6",0.27754,1.1,20,0.13441203933376
"1236","Gobiidae","AT12-1-5-1",0.66147,661.47,"Sub Recent","Bocas","STRI Point","new_2025",0.624404,1.70963763550385,11,26,0.00987961538461538,2.99819230769231,"AT12-1_6",0.27754,1.1,20,0.0493209266911122
"1237","Gobiidae","AT12-1-5-1",1.251834,1251.834,"Sub Recent","Bocas","STRI Point","new_2025",1.137789,3.36867803865812,11,26,0.00987961538461538,2.99819230769231,"AT12-1_6",0.27754,1.1,20,0.376847005895409
"1238","Gobiidae","AT12-1-5-1",1.592724,1592.724,"Sub Recent","Bocas","STRI Point","new_2025",1.48762,4.35178508205292,11,26,0.00987961538461538,2.99819230769231,"AT12-1_6",0.27754,1.1,20,0.812059480185112
"1239","Gobiidae","AT12-1-5-1",0.865954,865.954,"Sub Recent","Bocas","STRI Point","new_2025",0.911883,2.27659852396708,11,26,0.00987961538461538,2.99819230769231,"AT12-1_6",0.27754,1.1,20,0.116400145611403
"1240","Gobiidae","AT12-1-5-1",1.28376,1283.76,"Sub Recent","Bocas","STRI Point","new_2025",1.242659,3.46009662235506,11,26,0.00987961538461538,2.99819230769231,"AT12-1_6",0.27754,1.1,20,0.408347792058494
"1241","Gobiidae","AT13-10-1-1",2.478003,2478.003,"Sub Recent","Bocas","Punta Caracol","new_2025",2.040992,6.96254023364025,11,26,0.00987961538461538,2.99819230769231,"AT13-10_1",0.26303,0.6473,26,3.32291878148541
"1242","Gobiidae","AT13-10-1-2",1.756196,1756.196,"Sub Recent","Bocas","Punta Caracol","new_2025",1.640305,4.82817698817159,11,26,0.00987961538461538,2.99819230769231,"AT13-10_2",0.37675,0.9095,21,1.10880075645023
"1243","Gobiidae","AT13-10-1-2",1.218703,1218.703,"Sub Recent","Bocas","Punta Caracol","new_2025",1.233217,3.27396481996263,11,26,0.00987961538461538,2.99819230769231,"AT13-10_2",0.37675,0.9095,21,0.345964046203171
"1244","Gobiidae","AT13-10-1-2",1.406084,1406.084,"Sub Recent","Bocas","Punta Caracol","new_2025",1.388395,3.81166945877329,11,26,0.00987961538461538,2.99819230769231,"AT13-10_2",0.37675,0.9095,21,0.545802169067295
"1245","Gobiidae","AT13-10-1-2",1.312385,1312.385,"Sub Recent","Bocas","Punta Caracol","new_2025",1.254407,3.54218539444725,11,26,0.00987961538461538,2.99819230769231,"AT13-10_2",0.37675,0.9095,21,0.438087627754511
"1246","Gobiidae","AT13-10-2-1",1.659854,1659.854,"Sub Recent","Bocas","Punta Caracol","new_2025",1.529558,4.54705906700817,11,26,0.00987961538461538,2.99819230769231,"AT13-10_3",0.27105,0.6821,18,0.926281202100988
"1247","Gobiidae","AT13-10-2-1",1.330478,1330.478,"Sub Recent","Bocas","Punta Caracol","new_2025",1.192905,3.59412982378726,11,26,0.00987961538461538,2.99819230769231,"AT13-10_3",0.27105,0.6821,18,0.457632622670508
"1248","Gobiidae","AT13-10-3-1",0.810466,810.466,"Sub Recent","Bocas","Punta Caracol","new_2025",0.953961,2.12181610966906,11,26,0.00987961538461538,2.99819230769231,"AT13-10_4",0.31716,0.6704,23,0.0942481160938521
"1249","Gobiidae","AT13-10-3-1",1.715874,1715.874,"Sub Recent","Bocas","Punta Caracol","new_2025",1.689063,4.71039890219347,11,26,0.00987961538461538,2.99819230769231,"AT13-10_4",0.31716,0.6704,23,1.02966610778755
"1250","Gobiidae","AT13-10-4-1",1.228147,1228.147,"Sub Recent","Bocas","Punta Caracol","new_2025",1.058205,3.30094644819922,11,26,0.00987961538461538,2.99819230769231,"AT13-10_6",0.33121,0.7088,27,0.354583020510333
"1251","Gobiidae","AT13-10-4-1",1.149058,1149.058,"Sub Recent","Bocas","Punta Caracol","new_2025",1.070135,3.07540282916365,11,26,0.00987961538461538,2.99819230769231,"AT13-10_6",0.33121,0.7088,27,0.286790056606392
"1252","Gobiidae","AT13-10-4-2",0.897574,897.574,"Sub Recent","Bocas","Punta Caracol","new_2025",0.989218,2.36508540871471,11,26,0.00987961538461538,2.99819230769231,"AT13-10_7",0.29614,0.7047,21,0.130498260865019
"1253","Gobiidae","AT13-10-4-2",1.358491,1358.491,"Sub Recent","Bocas","Punta Caracol","new_2025",1.204852,3.67464221627184,11,26,0.00987961538461538,2.99819230769231,"AT13-10_7",0.29614,0.7047,21,0.489061508666401
"1254","Gobiidae","AT13-10-4-2",0.714286,714.286,"Sub Recent","Bocas","Punta Caracol","new_2025",0.832884,1.85513600003085,11,26,0.00987961538461538,2.99819230769231,"AT13-10_7",0.29614,0.7047,21,0.0630060359566509
"1255","Gobiidae","AT13-10-2-2",1.355361,1355.361,"Sub Recent","Bocas","Punta Caracol","new_2025",1.286581,3.66564100661419,11,26,0.00987961538461538,2.99819230769231,"AT13-10_3",0.33569,0.6996,7,0.485478519553535
"1256","Gobiidae","AT13-10-2-2",0.962913,962.913,"Sub Recent","Bocas","Punta Caracol","new_2025",0.958867,2.54855136986851,11,26,0.00987961538461538,2.99819230769231,"AT13-10_3",0.33569,0.6996,7,0.16326224341198
"1257","Gobiidae","AT13-10-3-2",NA,NA,"Sub Recent","Bocas","Punta Caracol","new_2025",1.181389,4.01272605776196,11,26,0.00987961538461538,2.99819230769231,"AT13-10_5",0.31048,0.6716,38,0.636748222510992
"1258","Gobiidae","AT13-10-3-2",1.019555,1019.555,"Sub Recent","Bocas","Punta Caracol","new_2025",1.197572,2.70823758299016,11,26,0.00987961538461538,2.99819230769231,"AT13-10_5",0.31048,0.6716,38,0.195892656205962
"1259","Gobiidae","AT13-10-5-1",0.914363,914.363,"Sub Recent","Bocas","Punta Caracol","new_2025",0.894134,2.41214916518698,11,26,0.00987961538461538,2.99819230769231,"AT13-10_8",0.20766,0.5594,14,0.138439891659372
"1260","Gobiidae","AT13-10-5-2",1.505057,1505.057,"Sub Recent","Bocas","Punta Caracol","new_2025",1.343223,4.09755723636013,11,26,0.00987961538461538,2.99819230769231,"AT13-10_9",0.35729,0.7013,20,0.677965925829127
"1261","Gobiidae","AT13-10-5-2",1.227242,1227.242,"Sub Recent","Bocas","Punta Caracol","new_2025",1.024949,3.29836028163482,11,26,0.00987961538461538,2.99819230769231,"AT13-10_9",0.35729,0.7013,20,0.353750767366362
"1262","Gobiidae","AT13-12-1-1",1.983871,1983.871,"Sub Recent","Bocas","Casa Blanca","new_2025",1.653226,5.49631227747463,11,26,0.00987961538461538,2.99819230769231,"AT13-12_1",0.22898,0.5786,44,1.63537146266343
"1263","Gobiidae","AT13-12-1-1",1.082028,1082.028,"Sub Recent","Bocas","Casa Blanca","new_2025",0.884159,2.88501360329811,11,26,0.00987961538461538,2.99819230769231,"AT13-12_1",0.22898,0.5786,44,0.236783713732022
"1264","Gobiidae","AT13-12-1-1",1.169355,1169.355,"Sub Recent","Bocas","Casa Blanca","new_2025",1.177419,3.1331941979314,11,26,0.00987961538461538,2.99819230769231,"AT13-12_1",0.22898,0.5786,44,0.303253195726276
"1265","Gobiidae","AT13-12-1-1",1.363356,1363.356,"Sub Recent","Bocas","Casa Blanca","new_2025",1.246431,3.68863551689648,11,26,0.00987961538461538,2.99819230769231,"AT13-12_1",0.22898,0.5786,44,0.494666556885644
"1266","Gobiidae","AT13-12-1-1",0.717742,717.742,"Sub Recent","Bocas","Casa Blanca","new_2025",0.766129,1.86468094855019,11,26,0.00987961538461538,2.99819230769231,"AT13-12_1",0.22898,0.5786,44,0.0639829808178986
"1267","Gobiidae","AT13-12-1-1",1.556452,1556.452,"Sub Recent","Bocas","Casa Blanca","new_2025",1.258065,4.24648874987724,11,26,0.00987961538461538,2.99819230769231,"AT13-12_1",0.22898,0.5786,44,0.754561576337984
"1268","Gobiidae","AT13-12-1-1",1.008154,1008.154,"Sub Recent","Bocas","Casa Blanca","new_2025",1.049686,2.67604952043762,11,26,0.00987961538461538,2.99819230769231,"AT13-12_1",0.22898,0.5786,44,0.188994731302554
"1269","Gobiidae","AT13-12-1-1",0.715054,715.054,"Sub Recent","Bocas","Casa Blanca","new_2025",0.830645,1.85725684782426,11,26,0.00987961538461538,2.99819230769231,"AT13-12_1",0.22898,0.5786,44,0.063222243750834
"1270","Gobiidae","AT13-12-1-1",0.951613,951.613,"Sub Recent","Bocas","Casa Blanca","new_2025",0.931452,2.51676412226996,11,26,0.00987961538461538,2.99819230769231,"AT13-12_1",0.22898,0.5786,44,0.157232739223992
"1271","Gobiidae","AT13-12-1-1",1.403145,1403.145,"Sub Recent","Bocas","Casa Blanca","new_2025",1.207808,3.80319904281554,11,26,0.00987961538461538,2.99819230769231,"AT13-12_1",0.22898,0.5786,44,0.542173731458003
"1272","Gobiidae","AT13-12-1-1",0.837555,837.555,"Sub Recent","Bocas","Casa Blanca","new_2025",0.872246,2.19729922872058,11,26,0.00987961538461538,2.99819230769231,"AT13-12_1",0.22898,0.5786,44,0.1046621416088
"1273","Gobiidae","AT13-12-1-1",0.765683,765.683,"Sub Recent","Bocas","Casa Blanca","new_2025",0.825973,1.9973809418135,11,26,0.00987961538461538,2.99819230769231,"AT13-12_1",0.22898,0.5786,44,0.0786284296266867
"1274","Gobiidae","AT13-12-1-1",1.371489,1371.489,"Sub Recent","Bocas","Casa Blanca","new_2025",1.398723,3.7120356810947,11,26,0.00987961538461538,2.99819230769231,"AT13-12_1",0.22898,0.5786,44,0.504134919765973
"1275","Gobiidae","AT13-12-1-1",1.167469,1167.469,"Sub Recent","Bocas","Casa Blanca","new_2025",1.007205,3.12782152536557,11,26,0.00987961538461538,2.99819230769231,"AT13-12_1",0.22898,0.5786,44,0.301696786911857
"1276","Gobiidae","AT13-12-1-1",0.883469,883.469,"Sub Recent","Bocas","Casa Blanca","new_2025",0.946679,2.32558854108639,11,26,0.00987961538461538,2.99819230769231,"AT13-12_1",0.22898,0.5786,44,0.124072660706831
"1277","Gobiidae","AT13-12-1-1",0.758065,758.065,"Sub Recent","Bocas","Casa Blanca","new_2025",0.900538,1.97625842306038,11,26,0.00987961538461538,2.99819230769231,"AT13-12_1",0.22898,0.5786,44,0.0761616677054113
"1278","Gobiidae","AT13-12-1-2",0.943967,943.967,"Sub Recent","Bocas","Casa Blanca","new_2025",1.177064,2.49526920755725,11,26,0.00987961538461538,2.99819230769231,"AT13-12_2",0.29472,0.6281,38,0.153240793993186
"1279","Gobiidae","AT13-12-1-2",1.233536,1233.536,"Sub Recent","Bocas","Casa Blanca","new_2025",1.109596,3.31634877680429,11,26,0.00987961538461538,2.99819230769231,"AT13-12_2",0.29472,0.6281,38,0.359566679894639
"1280","Gobiidae","AT13-12-1-2",1.146309,1146.309,"Sub Recent","Bocas","Casa Blanca","new_2025",1.119463,3.06758057670038,11,26,0.00987961538461538,2.99819230769231,"AT13-12_2",0.29472,0.6281,38,0.284608586322206
"1281","Gobiidae","AT13-12-1-2",1.100671,1100.671,"Sub Recent","Bocas","Casa Blanca","new_2025",1.065101,2.93789346842274,11,26,0.00987961538461538,2.99819230769231,"AT13-12_2",0.29472,0.6281,38,0.250035747313848
"1282","Gobiidae","AT13-12-1-2",0.812258,812.258,"Sub Recent","Bocas","Casa Blanca","new_2025",0.831624,2.12680462365796,11,26,0.00987961538461538,2.99819230769231,"AT13-12_2",0.29472,0.6281,38,0.0949140257987825
"1283","Gobiidae","AT13-12-1-2",1.54094,1540.94,"Sub Recent","Bocas","Casa Blanca","new_2025",1.436242,4.20150510451405,11,26,0.00987961538461538,2.99819230769231,"AT13-12_2",0.29472,0.6281,38,0.730849240630746
"1284","Gobiidae","AT13-12-1-2",0.794631,794.631,"Sub Recent","Bocas","Casa Blanca","new_2025",0.926174,2.07776560484669,11,26,0.00987961538461538,2.99819230769231,"AT13-12_2",0.29472,0.6281,38,0.0885025082182504
"1285","Gobiidae","AT13-12-1-2",2.008213,2008.213,"Sub Recent","Bocas","Casa Blanca","new_2025",1.930905,5.56804411374296,11,26,0.00987961538461538,2.99819230769231,"AT13-12_2",0.29472,0.6281,38,1.70020010603622
"1286","Gobiidae","AT13-12-1-2",1.457718,1457.718,"Sub Recent","Bocas","Casa Blanca","new_2025",1.385235,3.96066316653983,11,26,0.00987961538461538,2.99819230769231,"AT13-12_2",0.29472,0.6281,38,0.612298486411903
"1287","Gobiidae","AT13-12-1-2",1.409396,1409.396,"Sub Recent","Bocas","Casa Blanca","new_2025",1.283221,3.82121623012289,11,26,0.00987961538461538,2.99819230769231,"AT13-12_2",0.29472,0.6281,38,0.549911038449886
"1288","Gobiidae","AT13-12-1-2",1.025503,1025.503,"Sub Recent","Bocas","Casa Blanca","new_2025",0.840268,2.72503942611478,11,26,0.00987961538461538,2.99819230769231,"AT13-12_2",0.29472,0.6281,38,0.199559031664375
"1289","Gobiidae","AT13-12-1-2",0.801342,801.342,"Sub Recent","Bocas","Casa Blanca","new_2025",0.821477,2.09642784805635,11,26,0.00987961538461538,2.99819230769231,"AT13-12_2",0.29472,0.6281,38,0.0909072794798048
"1290","Gobiidae","AT13-12-2-1",0.918156,918.156,"Sub Recent","Bocas","Casa Blanca","new_2025",0.914094,2.4227894965184,11,26,0.00987961538461538,2.99819230769231,"AT13-12_3",0.27994,0.6656,34,0.140278902637785
"1291","Gobiidae","AT13-12-2-1",NA,NA,"Sub Recent","Bocas","Casa Blanca","new_2025",1.103356,3.74979885100891,11,26,0.00987961538461538,2.99819230769231,"AT13-12_3",0.27994,0.6656,34,0.519668416631503
"1292","Gobiidae","AT13-12-2-1",1.200537,1200.537,"Sub Recent","Bocas","Casa Blanca","new_2025",1.099875,3.22210157894487,11,26,0.00987961538461538,2.99819230769231,"AT13-12_3",0.27994,0.6656,34,0.329791274883994
"1293","Gobiidae","AT13-12-2-1",0.854822,854.822,"Sub Recent","Bocas","Casa Blanca","new_2025",0.686456,2.24549443680518,11,26,0.00987961538461538,2.99819230769231,"AT13-12_3",0.27994,0.6656,34,0.111696849611095
"1294","Gobiidae","AT13-12-2-1",1.201497,1201.497,"Sub Recent","Bocas","Casa Blanca","new_2025",0.974896,3.22484110727741,11,26,0.00987961538461538,2.99819230769231,"AT13-12_3",0.27994,0.6656,34,0.330632677930166
"1295","Gobiidae","AT13-12-2-1",0.899068,899.068,"Sub Recent","Bocas","Casa Blanca","new_2025",1.01114,2.36927122259104,11,26,0.00987961538461538,2.99819230769231,"AT13-12_3",0.27994,0.6656,34,0.131191950176443
"1296","Gobiidae","AT13-12-2-1",NA,NA,"Sub Recent","Bocas","Casa Blanca","new_2025",1.310067,4.44598844275808,11,26,0.00987961538461538,2.99819230769231,"AT13-12_3",0.27994,0.6656,34,0.865911881219758
"1297","Gobiidae","AT13-12-2-1",0.853691,853.691,"Sub Recent","Bocas","Casa Blanca","new_2025",0.869799,2.24233572045098,11,26,0.00987961538461538,2.99819230769231,"AT13-12_3",0.27994,0.6656,34,0.111226426612275
"1298","Gobiidae","AT13-12-2-1",0.765006,765.006,"Sub Recent","Bocas","Casa Blanca","new_2025",0.881179,1.99550327587451,11,26,0.00987961538461538,2.99819230769231,"AT13-12_3",0.27994,0.6656,34,0.0784070240505269
"1299","Gobiidae","AT13-12-2-1",1.35056,1350.56,"Sub Recent","Bocas","Casa Blanca","new_2025",1.25701,3.65183691409272,11,26,0.00987961538461538,2.99819230769231,"AT13-12_3",0.27994,0.6656,34,0.480017767990401
"1300","Gobiidae","AT13-12-2-1",1.023555,1023.555,"Sub Recent","Bocas","Casa Blanca","new_2025",0.948962,2.71953605735114,11,26,0.00987961538461538,2.99819230769231,"AT13-12_3",0.27994,0.6656,34,0.19835313494523
"1301","Gobiidae","AT13-12-2-1",0.989332,989.332,"Sub Recent","Bocas","Casa Blanca","new_2025",1.000736,2.62296046563428,11,26,0.00987961538461538,2.99819230769231,"AT13-12_3",0.27994,0.6656,34,0.177974681924834
"1302","Gobiidae","AT13-12-2-2",0.922961,922.961,"Sub Recent","Bocas","Casa Blanca","new_2025",0.980991,2.43627273586622,11,26,0.00987961538461538,2.99819230769231,"AT13-12_4",0.27237,0.6317,40,0.142632558180852
"1303","Gobiidae","AT13-12-2-2",0.974067,974.067,"Sub Recent","Bocas","Casa Blanca","new_2025",1.000453,2.57995105913394,11,26,0.00987961538461538,2.99819230769231,"AT13-12_4",0.27237,0.6317,40,0.169367615690054
"1304","Gobiidae","AT13-12-2-2",1.529254,1529.254,"Sub Recent","Bocas","Casa Blanca","new_2025",1.38803,4.167635466152,11,26,0.00987961538461538,2.99819230769231,"AT13-12_4",0.27237,0.6317,40,0.713326968232782
"1305","Gobiidae","AT13-12-2-2",1.529254,1529.254,"Sub Recent","Bocas","Casa Blanca","new_2025",1.444519,4.167635466152,11,26,0.00987961538461538,2.99819230769231,"AT13-12_4",0.27237,0.6317,40,0.713326968232782
"1306","Gobiidae","AT13-12-2-2",1.210491,1210.491,"Sub Recent","Bocas","Casa Blanca","new_2025",1.011432,3.25051377264423,11,26,0.00987961538461538,2.99819230769231,"AT13-12_4",0.27237,0.6317,40,0.338587263638118
"1307","Gobiidae","AT13-12-2-2",0.882313,882.313,"Sub Recent","Bocas","Casa Blanca","new_2025",0.960323,2.32235326513245,11,26,0.00987961538461538,2.99819230769231,"AT13-12_4",0.27237,0.6317,40,0.12355587527401
"1308","Gobiidae","AT13-12-2-2",1.413729,1413.729,"Sub Recent","Bocas","Casa Blanca","new_2025",1.382559,3.83370815457646,11,26,0.00987961538461538,2.99819230769231,"AT13-12_4",0.27237,0.6317,40,0.555318548710967
"1309","Gobiidae","AT13-12-2-2",1.384912,1384.912,"Sub Recent","Bocas","Casa Blanca","new_2025",1.230662,3.75067533924921,11,26,0.00987961538461538,2.99819230769231,"AT13-12_4",0.27237,0.6317,40,0.520032688260553
"1310","Gobiidae","AT13-12-2-2",0.796602,796.602,"Sub Recent","Bocas","Casa Blanca","new_2025",0.860188,2.08324561815233,11,26,0.00987961538461538,2.99819230769231,"AT13-12_4",0.27237,0.6317,40,0.089204196167829
"1311","Gobiidae","AT13-12-3-1",1.170564,1170.564,"Sub Recent","Bocas","Casa Blanca","new_2025",1.203276,3.13663858014007,11,26,0.00987961538461538,2.99819230769231,"AT13-12_5",0.26412,0.582,38,0.304253807952131
"1312","Gobiidae","AT13-12-3-1",0.771505,771.505,"Sub Recent","Bocas","Casa Blanca","new_2025",0.846774,2.01353263873847,11,26,0.00987961538461538,2.99819230769231,"AT13-12_5",0.26412,0.582,38,0.0805501948532486
"1313","Gobiidae","AT13-12-3-1",0.897849,897.849,"Sub Recent","Bocas","Casa Blanca","new_2025",0.77957,2.36585585678679,11,26,0.00987961538461538,2.99819230769231,"AT13-12_5",0.26412,0.582,38,0.130625758489563
"1314","Gobiidae","AT13-12-3-1",0.726926,726.926,"Sub Recent","Bocas","Casa Blanca","new_2025",0.785981,1.89005985637683,11,26,0.00987961538461538,2.99819230769231,"AT13-12_5",0.26412,0.582,38,0.0666295575310376
"1315","Gobiidae","AT13-12-3-1",1.133604,1133.604,"Sub Recent","Bocas","Casa Blanca","new_2025",1.130804,3.03144407525318,11,26,0.00987961538461538,2.99819230769231,"AT13-12_5",0.26412,0.582,38,0.274674312139131
"1316","Gobiidae","AT13-12-3-1",0.932935,932.935,"Sub Recent","Bocas","Casa Blanca","new_2025",1.02957,2.46427477732415,11,26,0.00987961538461538,2.99819230769231,"AT13-12_5",0.26412,0.582,38,0.147604425933982
"1317","Gobiidae","AT13-12-3-1",1.068548,1068.548,"Sub Recent","Bocas","Casa Blanca","new_2025",0.818548,2.84681412848953,11,26,0.00987961538461538,2.99819230769231,"AT13-12_5",0.26412,0.582,38,0.227507665377797
"1318","Gobiidae","AT13-12-3-1",0.953056,953.056,"Sub Recent","Bocas","Casa Blanca","new_2025",1.064524,2.52082200225559,11,26,0.00987961538461538,2.99819230769231,"AT13-12_5",0.26412,0.582,38,0.157994044009268
"1319","Gobiidae","AT13-12-3-1",0.965054,965.054,"Sub Recent","Bocas","Casa Blanca","new_2025",0.978495,2.55457673577947,11,26,0.00987961538461538,2.99819230769231,"AT13-12_5",0.26412,0.582,38,0.164422250705457
"1320","Gobiidae","AT13-12-3-1",1.800202,1800.202,"Sub Recent","Bocas","Casa Blanca","new_2025",1.759839,4.95691099520029,11,26,0.00987961538461538,2.99819230769231,"AT13-12_5",0.26412,0.582,38,1.19982159049412
"1321","Gobiidae","AT13-12-3-1",1.518458,1518.458,"Sub Recent","Bocas","Casa Blanca","new_2025",1.519595,4.13635986130594,11,26,0.00987961538461538,2.99819230769231,"AT13-12_5",0.26412,0.582,38,0.697397404897635
"1322","Gobiidae","AT13-12-3-1",0.795929,795.929,"Sub Recent","Bocas","Casa Blanca","new_2025",0.993359,2.08137436540083,11,26,0.00987961538461538,2.99819230769231,"AT13-12_5",0.26412,0.582,38,0.0889641764402572
"1323","Gobiidae","AT13-12-3-1",1.410527,1410.527,"Sub Recent","Bocas","Casa Blanca","new_2025",1.329297,3.82447663930659,11,26,0.00987961538461538,2.99819230769231,"AT13-12_5",0.26412,0.582,38,0.551319005807688
"1324","Gobiidae","AT13-12-3-1",1.092996,1092.996,"Sub Recent","Bocas","Casa Blanca","new_2025",1.337283,2.91611682999142,11,26,0.00987961538461538,2.99819230769231,"AT13-12_5",0.26412,0.582,38,0.244520103862095
"1325","Gobiidae","AT13-12-3-1",1.15439,1154.39,"Sub Recent","Bocas","Casa Blanca","new_2025",1.181298,3.09057835433576,11,26,0.00987961538461538,2.99819230769231,"AT13-12_5",0.26412,0.582,38,0.291053933082994
"1326","Gobiidae","AT13-12-3-1",0.807265,807.265,"Sub Recent","Bocas","Casa Blanca","new_2025",0.873865,2.11290700176682,11,26,0.00987961538461538,2.99819230769231,"AT13-12_5",0.26412,0.582,38,0.0930666112920556
"1327","Gobiidae","AT13-12-3-1",1.027918,1027.918,"Sub Recent","Bocas","Casa Blanca","new_2025",1.011773,2.73186305202543,11,26,0.00987961538461538,2.99819230769231,"AT13-12_5",0.26412,0.582,38,0.201060995064591
"1328","Gobiidae","AT13-12-3-1",0.926337,926.337,"Sub Recent","Bocas","Casa Blanca","new_2025",0.990918,2.4457487362057,11,26,0.00987961538461538,2.99819230769231,"AT13-12_5",0.26412,0.582,38,0.14430235606794
"1329","Gobiidae","AT13-12-3-2",0.972486,972.486,"Sub Recent","Bocas","Casa Blanca","new_2025",0.94002,2.57549898779233,11,26,0.00987961538461538,2.99819230769231,"AT13-12_6",0.33171,0.6298,57,0.168492850421081
"1330","Gobiidae","AT13-12-3-2",NA,NA,"Sub Recent","Bocas","Casa Blanca","new_2025",0.817794,2.78620582718952,11,26,0.00987961538461538,2.99819230769231,"AT13-12_6",0.33171,0.6298,57,0.213292300975968
"1331","Gobiidae","AT13-12-3-2",NA,NA,"Sub Recent","Bocas","Casa Blanca","new_2025",1.108178,3.76605062738503,11,26,0.00987961538461538,2.99819230769231,"AT13-12_6",0.33171,0.6298,57,0.526450417846479
"1332","Gobiidae","AT13-12-3-2",0.839498,839.498,"Sub Recent","Bocas","Casa Blanca","new_2025",0.901865,2.20271936750293,11,26,0.00987961538461538,2.99819230769231,"AT13-12_6",0.33171,0.6298,57,0.105438103126243
"1333","Gobiidae","AT13-12-3-2",1.18633,1186.33,"Sub Recent","Bocas","Casa Blanca","new_2025",1.154155,3.18157566357946,11,26,0.00987961538461538,2.99819230769231,"AT13-12_6",0.33171,0.6298,57,0.317510566758837
"1334","Gobiidae","AT13-12-3-2",1.455246,1455.246,"Sub Recent","Bocas","Casa Blanca","new_2025",1.439033,3.95352232381921,11,26,0.00987961538461538,2.99819230769231,"AT13-12_6",0.33171,0.6298,57,0.608994625965301
"1335","Gobiidae","AT13-12-3-2",0.763569,763.569,"Sub Recent","Bocas","Casa Blanca","new_2025",0.755216,1.99151809103452,11,26,0.00987961538461538,2.99819230769231,"AT13-12_6",0.33171,0.6298,57,0.0779384873079986
"1336","Gobiidae","AT13-12-3-2",0.778269,778.269,"Sub Recent","Bocas","Casa Blanca","new_2025",0.817947,2.0323073592011,11,26,0.00987961538461538,2.99819230769231,"AT13-12_6",0.33171,0.6298,57,0.0828230952909957
"1337","Gobiidae","AT13-12-3-2",0.907535,907.535,"Sub Recent","Bocas","Casa Blanca","new_2025",1.084882,2.39300192683779,11,26,0.00987961538461538,2.99819230769231,"AT13-12_6",0.33171,0.6298,57,0.135171200284685
"1338","Gobiidae","AT13-12-3-2",0.941638,941.638,"Sub Recent","Bocas","Casa Blanca","new_2025",0.957965,2.48872395989474,11,26,0.00987961538461538,2.99819230769231,"AT13-12_6",0.33171,0.6298,57,0.152038795547596
"1339","Gobiidae","AT13-12-3-2",0.756224,756.224,"Sub Recent","Bocas","Casa Blanca","new_2025",0.846725,1.97115586905961,11,26,0.00987961538461538,2.99819230769231,"AT13-12_6",0.33171,0.6298,57,0.0755736112511981
"1340","Gobiidae","AT13-12-3-2",NA,NA,"Sub Recent","Bocas","Casa Blanca","new_2025",1.043743,3.5488334018179,11,26,0.00987961538461538,2.99819230769231,"AT13-12_6",0.33171,0.6298,57,0.440557387879063
"1341","Gobiidae","AT13-12-3-2",1.620931,1620.931,"Sub Recent","Bocas","Casa Blanca","new_2025",1.468045,4.43377406634368,11,26,0.00987961538461538,2.99819230769231,"AT13-12_6",0.33171,0.6298,57,0.858799032730377
"1342","Gobiidae","AT13-12-3-2",1.074979,1074.979,"Sub Recent","Bocas","Casa Blanca","new_2025",0.997852,2.86503444740229,11,26,0.00987961538461538,2.99819230769231,"AT13-12_6",0.33171,0.6298,57,0.231901325886207
"1343","Gobiidae","AT13-12-3-2",1.383869,1383.869,"Sub Recent","Bocas","Casa Blanca","new_2025",1.230952,3.74767209145794,11,26,0.00987961538461538,2.99819230769231,"AT13-12_6",0.33171,0.6298,57,0.51878523483148
"1344","Gobiidae","AT13-12-3-2",0.801836,801.836,"Sub Recent","Bocas","Casa Blanca","new_2025",0.916868,2.09780197651512,11,26,0.00987961538461538,2.99819230769231,"AT13-12_6",0.33171,0.6298,57,0.0910860475433725
"1345","Gobiidae","AT13-12-3-2",1.719389,1719.389,"Sub Recent","Bocas","Casa Blanca","new_2025",1.542483,4.72065909780958,11,26,0.00987961538461538,2.99819230769231,"AT13-12_6",0.33171,0.6298,57,1.03640515718037
"1346","Gobiidae","AT13-12-3-2",0.930657,930.657,"Sub Recent","Bocas","Casa Blanca","new_2025",0.967663,2.45787760843613,11,26,0.00987961538461538,2.99819230769231,"AT13-12_6",0.33171,0.6298,57,0.146458568284141
"1347","Gobiidae","AT13-12-3-2",1.032572,1032.572,"Sub Recent","Bocas","Casa Blanca","new_2025",1.026746,2.74501587027434,11,26,0.00987961538461538,2.99819230769231,"AT13-12_6",0.33171,0.6298,57,0.203977311145332
"1348","Gobiidae","AT13-12-3-2",1.4008,1400.8,"Sub Recent","Bocas","Casa Blanca","new_2025",1.29301,3.79644138347328,11,26,0.00987961538461538,2.99819230769231,"AT13-12_6",0.33171,0.6298,57,0.539290536588393
"1349","Gobiidae","AT13-12-3-2",1.327854,1327.854,"Sub Recent","Bocas","Casa Blanca","new_2025",1.173846,3.58659361882955,11,26,0.00987961538461538,2.99819230769231,"AT13-12_6",0.33171,0.6298,57,0.454761675013459
"1350","Gobiidae","AT13-12-3-2",0.885129,885.129,"Sub Recent","Bocas","Casa Blanca","new_2025",1.049194,2.33023482072413,11,26,0.00987961538461538,2.99819230769231,"AT13-12_6",0.33171,0.6298,57,0.124817349208174
"1351","Gobiidae","AT13-12-4-1",0.78224,782.24,"Sub Recent","Bocas","Casa Blanca","new_2025",0.996517,2.04333441060077,11,26,0.00987961538461538,2.99819230769231,"AT13-12_7",0.28469,0.5885,73,0.0841777640638969
"1352","Gobiidae","AT13-12-4-1",1.987969,1987.969,"Sub Recent","Bocas","Casa Blanca","new_2025",1.685706,5.5083845262842,11,26,0.00987961538461538,2.99819230769231,"AT13-12_7",0.28469,0.5885,73,1.64616454185256
"1353","Gobiidae","AT13-12-4-1",1.694129,1694.129,"Sub Recent","Bocas","Casa Blanca","new_2025",1.387308,4.64695544132973,11,26,0.00987961538461538,2.99819230769231,"AT13-12_7",0.28469,0.5885,73,0.988643070722094
"1354","Gobiidae","AT13-12-4-1",0.772867,772.867,"Sub Recent","Bocas","Casa Blanca","new_2025",0.836363,2.01731228513348,11,26,0.00987961538461538,2.99819230769231,"AT13-12_7",0.28469,0.5885,73,0.081004379877551
"1355","Gobiidae","AT13-12-4-1",0.685911,685.911,"Sub Recent","Bocas","Casa Blanca","new_2025",0.817453,1.77688017904036,11,26,0.00987961538461538,2.99819230769231,"AT13-12_7",0.28469,0.5885,73,0.0553685513961356
"1356","Gobiidae","AT13-12-4-1",1.684432,1684.432,"Sub Recent","Bocas","Casa Blanca","new_2025",1.495315,4.61867992214644,11,26,0.00987961538461538,2.99819230769231,"AT13-12_7",0.28469,0.5885,73,0.970716458198477
"1357","Gobiidae","AT13-12-4-1",1.078544,1078.544,"Sub Recent","Bocas","Casa Blanca","new_2025",1.352941,2.87513778345916,11,26,0.00987961538461538,2.99819230769231,"AT13-12_7",0.28469,0.5885,73,0.234361845841455
"1358","Gobiidae","AT13-12-4-1",1.209689,1209.689,"Sub Recent","Bocas","Casa Blanca","new_2025",1.215482,3.24822403554075,11,26,0.00987961538461538,2.99819230769231,"AT13-12_7",0.28469,0.5885,73,0.337872671839037
"1359","Gobiidae","AT13-12-4-1",2.120983,2120.983,"Sub Recent","Bocas","Casa Blanca","new_2025",1.786309,5.90106666852456,11,26,0.00987961538461538,2.99819230769231,"AT13-12_7",0.28469,0.5885,73,2.02366209095728
"1360","Gobiidae","AT13-12-4-1",0.948868,948.868,"Sub Recent","Bocas","Casa Blanca","new_2025",1.000697,2.50904594486813,11,26,0.00987961538461538,2.99819230769231,"AT13-12_7",0.28469,0.5885,73,0.155791475758999
"1361","Gobiidae","AT13-12-4-1",1.291614,1291.614,"Sub Recent","Bocas","Casa Blanca","new_2025",1.178834,3.48260836073073,11,26,0.00987961538461538,2.99819230769231,"AT13-12_7",0.28469,0.5885,73,0.416365134792766
"1362","Gobiidae","AT13-12-4-1",0.829972,829.972,"Sub Recent","Bocas","Casa Blanca","new_2025",0.900616,2.17615352526438,11,26,0.00987961538461538,2.99819230769231,"AT13-12_7",0.28469,0.5885,73,0.1016712568533
"1363","Gobiidae","AT13-12-4-1",0.760276,760.276,"Sub Recent","Bocas","Casa Blanca","new_2025",0.843593,1.98238751237767,11,26,0.00987961538461538,2.99819230769231,"AT13-12_7",0.28469,0.5885,73,0.0768720516495315
"1364","Gobiidae","AT13-12-4-1",0.779588,779.588,"Sub Recent","Bocas","Casa Blanca","new_2025",0.836039,2.03596969042815,11,26,0.00987961538461538,2.99819230769231,"AT13-12_7",0.28469,0.5885,73,0.0832713871512386
"1365","Gobiidae","AT13-12-4-1",0.914073,914.073,"Sub Recent","Bocas","Casa Blanca","new_2025",1.17837,2.41133575601253,11,26,0.00987961538461538,2.99819230769231,"AT13-12_7",0.28469,0.5885,73,0.138299971814059
"1366","Gobiidae","AT13-12-4-1",1.213542,1213.542,"Sub Recent","Bocas","Casa Blanca","new_2025",1.159288,3.25922535691888,11,26,0.00987961538461538,2.99819230769231,"AT13-12_7",0.28469,0.5885,73,0.341315221137754
"1367","Gobiidae","AT13-12-4-1",1.083853,1083.853,"Sub Recent","Bocas","Casa Blanca","new_2025",1.090368,2.89018758978108,11,26,0.00987961538461538,2.99819230769231,"AT13-12_7",0.28469,0.5885,73,0.23805917320971
"1368","Gobiidae","AT13-12-4-1",1.099623,1099.623,"Sub Recent","Bocas","Casa Blanca","new_2025",1.014877,2.93491936113569,11,26,0.00987961538461538,2.99819230769231,"AT13-12_7",0.28469,0.5885,73,0.249277618763487
"1369","Gobiidae","AT13-12-4-1",1.669749,1669.749,"Sub Recent","Bocas","Casa Blanca","new_2025",1.33067,4.57588531457384,11,26,0.00987961538461538,2.99819230769231,"AT13-12_7",0.28469,0.5885,73,0.943998915847651
"1370","Gobiidae","AT13-12-4-1",1.432798,1432.798,"Sub Recent","Bocas","Casa Blanca","new_2025",1.206992,3.88871226081807,11,26,0.00987961538461538,2.99819230769231,"AT13-12_7",0.28469,0.5885,73,0.57955049153922
"1371","Gobiidae","AT13-12-4-1",0.863912,863.912,"Sub Recent","Bocas","Casa Blanca","new_2025",0.996152,2.27089103780969,11,26,0.00987961538461538,2.99819230769231,"AT13-12_7",0.28469,0.5885,73,0.115527409052864
"1372","Gobiidae","AT13-12-4-1",0.863188,863.188,"Sub Recent","Bocas","Casa Blanca","new_2025",1.038308,2.26886762845993,11,26,0.00987961538461538,2.99819230769231,"AT13-12_7",0.28469,0.5885,73,0.115219058094631
"1373","Gobiidae","AT13-12-4-1",0.885228,885.228,"Sub Recent","Bocas","Casa Blanca","new_2025",0.996,2.33051193554609,11,26,0.00987961538461538,2.99819230769231,"AT13-12_7",0.28469,0.5885,73,0.124861858030944
"1374","Gobiidae","AT13-12-4-1",1.09255,1092.55,"Sub Recent","Bocas","Casa Blanca","new_2025",1.087054,2.9148516698273,11,26,0.00987961538461538,2.99819230769231,"AT13-12_7",0.28469,0.5885,73,0.244202177614441
"1375","Gobiidae","AT13-12-4-1",1.418069,1418.069,"Sub Recent","Bocas","Casa Blanca","new_2025",1.301666,3.84622268709202,11,26,0.00987961538461538,2.99819230769231,"AT13-12_7",0.28469,0.5885,73,0.560771264740681
"1376","Gobiidae","AT13-12-4-1",1.426485,1426.485,"Sub Recent","Bocas","Casa Blanca","new_2025",1.202184,3.87049739613198,11,26,0.00987961538461538,2.99819230769231,"AT13-12_7",0.28469,0.5885,73,0.571449523775426
"1377","Gobiidae","AT13-12-4-1",0.981483,981.483,"Sub Recent","Bocas","Casa Blanca","new_2025",0.968614,2.60084048725702,11,26,0.00987961538461538,2.99819230769231,"AT13-12_7",0.28469,0.5885,73,0.17351250968482
"1378","Gobiidae","AT13-12-4-1",1.484439,1484.439,"Sub Recent","Bocas","Casa Blanca","new_2025",1.361039,4.03790049043888,11,26,0.00987961538461538,2.99819230769231,"AT13-12_7",0.28469,0.5885,73,0.648800432956857
"1379","Gobiidae","AT13-12-4-1",0.878723,878.723,"Sub Recent","Bocas","Casa Blanca","new_2025",1.003058,2.31230770831776,11,26,0.00987961538461538,2.99819230769231,"AT13-12_7",0.28469,0.5885,73,0.121960398889555
"1380","Gobiidae","AT13-12-4-1",1.210675,1210.675,"Sub Recent","Bocas","Casa Blanca","new_2025",1.167427,3.25103911239446,11,26,0.00987961538461538,2.99819230769231,"AT13-12_7",0.28469,0.5885,73,0.338751356043081
"1381","Gobiidae","AT13-12-4-1",0.881406,881.406,"Sub Recent","Bocas","Casa Blanca","new_2025",1.113367,2.31981504853959,11,26,0.00987961538461538,2.99819230769231,"AT13-12_7",0.28469,0.5885,73,0.123151440059322
"1382","Gobiidae","AT13-12-4-1",1.455576,1455.576,"Sub Recent","Bocas","Casa Blanca","new_2025",1.401617,3.95447554732258,11,26,0.00987961538461538,2.99819230769231,"AT13-12_7",0.28469,0.5885,73,0.609434965932026
"1383","Gobiidae","AT13-12-4-1",0.95701,957.01,"Sub Recent","Bocas","Casa Blanca","new_2025",1.010872,2.53194308892331,11,26,0.00987961538461538,2.99819230769231,"AT13-12_7",0.28469,0.5885,73,0.160093071264619
"1384","Gobiidae","AT13-12-4-2",0.806093,806.093,"Sub Recent","Bocas","Casa Blanca","new_2025",0.840371,2.1096456185459,11,26,0.00987961538461538,2.99819230769231,"AT13-12_8",0.28791,0.6922,48,0.0926365751929429
"1385","Gobiidae","AT13-12-4-2",0.747312,747.312,"Sub Recent","Bocas","Casa Blanca","new_2025",0.814516,1.94646632093463,11,26,0.00987961538461538,2.99819230769231,"AT13-12_8",0.28791,0.6922,48,0.0727709172972695
"1386","Gobiidae","AT13-12-4-2",0.997312,997.312,"Sub Recent","Bocas","Casa Blanca","new_2025",0.959677,2.64546100636329,11,26,0.00987961538461538,2.99819230769231,"AT13-12_8",0.28791,0.6922,48,0.18259142531378
"1387","Gobiidae","AT13-12-4-2",1.094086,1094.086,"Sub Recent","Bocas","Casa Blanca","new_2025",1.069892,2.91920895071646,11,26,0.00987961538461538,2.99819230769231,"AT13-12_8",0.28791,0.6922,48,0.24529829375948
"1388","Gobiidae","AT13-12-4-2",1.120671,1120.671,"Sub Recent","Bocas","Casa Blanca","new_2025",1.072308,2.99468537681069,11,26,0.00987961538461538,2.99819230769231,"AT13-12_8",0.28791,0.6922,48,0.264808881600671
"1389","Gobiidae","AT13-12-4-2",0.988052,988.052,"Sub Recent","Bocas","Casa Blanca","new_2025",1.088962,2.61935242191239,11,26,0.00987961538461538,2.99819230769231,"AT13-12_8",0.28791,0.6922,48,0.177241687346978
"1390","Gobiidae","AT13-12-4-2",1.711083,1711.083,"Sub Recent","Bocas","Casa Blanca","new_2025",1.568849,4.69641623581719,11,26,0.00987961538461538,2.99819230769231,"AT13-12_8",0.28791,0.6922,48,1.02052919351281
"1391","Gobiidae","AT13-12-4-2",1.502372,1502.372,"Sub Recent","Bocas","Casa Blanca","new_2025",1.38872,4.08978543366139,11,26,0.00987961538461538,2.99819230769231,"AT13-12_8",0.28791,0.6922,48,0.674117874539147
"1392","Gobiidae","AT13-12-4-2",1.828202,1828.202,"Sub Recent","Bocas","Casa Blanca","new_2025",1.735605,5.0389254340321,11,26,0.00987961538461538,2.99819230769231,"AT13-12_8",0.28791,0.6922,48,1.26032984911173
"1393","Gobiidae","AT13-12-4-2",1.626138,1626.138,"Sub Recent","Bocas","Casa Blanca","new_2025",1.488909,4.44891911176666,11,26,0.00987961538461538,2.99819230769231,"AT13-12_8",0.28791,0.6922,48,0.867624330080484
"1394","Gobiidae","AT13-12-4-2",1.124492,1124.492,"Sub Recent","Bocas","Casa Blanca","new_2025",1.105585,3.00554280035818,11,26,0.00987961538461538,2.99819230769231,"AT13-12_8",0.28791,0.6922,48,0.267697830091564
"1395","Gobiidae","AT13-12-4-2",1.5281,1528.1,"Sub Recent","Bocas","Casa Blanca","new_2025",1.350895,4.16429170343134,11,26,0.00987961538461538,2.99819230769231,"AT13-12_8",0.28791,0.6922,48,0.711612435889851
"1396","Gobiidae","AT13-12-4-2",1.137611,1137.611,"Sub Recent","Bocas","Casa Blanca","new_2025",1.169181,3.04283832993532,11,26,0.00987961538461538,2.99819230769231,"AT13-12_8",0.28791,0.6922,48,0.277781330163969
"1397","Gobiidae","AT13-12-4-2",1.246864,1246.864,"Sub Recent","Bocas","Casa Blanca","new_2025",1.188437,3.35445984352319,11,26,0.00987961538461538,2.99819230769231,"AT13-12_8",0.28791,0.6922,48,0.372098282665633
"1398","Gobiidae","AT13-12-4-2",1.037823,1037.823,"Sub Recent","Bocas","Casa Blanca","new_2025",1.017613,2.75986039014107,11,26,0.00987961538461538,2.99819230769231,"AT13-12_8",0.28791,0.6922,48,0.207302428560898
"1399","Gobiidae","AT13-12-4-2",1.373811,1373.811,"Sub Recent","Bocas","Casa Blanca","new_2025",1.262988,3.71871812268961,11,26,0.00987961538461538,2.99819230769231,"AT13-12_8",0.28791,0.6922,48,0.506860821372281
"1400","Gobiidae","AT13-12-4-2",1.448695,1448.695,"Sub Recent","Bocas","Casa Blanca","new_2025",1.307834,3.93460222582175,11,26,0.00987961538461538,2.99819230769231,"AT13-12_8",0.28791,0.6922,48,0.600298336651392
"1401","Gobiidae","AT14-1-1",0.634698,634.698,"Sub Recent","Bocas","Casa Blanca","new_2025",0.785966,1.63616233963471,11,26,0.00987961538461538,2.99819230769231,"AT14-1_1",0.235586,0.6604,39,0.0432347230776456
"1402","Gobiidae","AT14-1-1",0.716692,716.692,"Sub Recent","Bocas","Casa Blanca","new_2025",0.759109,1.86178069957754,11,26,0.00987961538461538,2.99819230769231,"AT14-1_1",0.235586,0.6604,39,0.0636850745409581
"1403","Gobiidae","AT14-1-1",0.804513,804.513,"Sub Recent","Bocas","Casa Blanca","new_2025",0.860633,2.10524934790717,11,26,0.00987961538461538,2.99819230769231,"AT14-1_1",0.235586,0.6604,39,0.0920589948956847
"1404","Gobiidae","AT14-1-5",0.993712,993.712,"Sub Recent","Bocas","Casa Blanca","new_2025",1.022969,2.63530897146466,11,26,0.00987961538461538,2.99819230769231,"AT14-1_1",0.093953,0.4014,23,0.180498636408158
"1405","Gobiidae","AT14-1-5",1.254461,1254.461,"Sub Recent","Bocas","Casa Blanca","new_2025",1.253172,3.37619481345421,11,26,0.00987961538461538,2.99819230769231,"AT14-1_1",0.093953,0.4014,23,0.379373768406026
"1406","Gobiidae","AT14-1-7",1.663526,1663.526,"Sub Recent","Bocas","Casa Blanca","new_2025",1.405259,4.55775512236801,11,26,0.00987961538461538,2.99819230769231,"AT14-1_4",0.178184,0.6442,58,0.932829307334276
"1407","Gobiidae","AT14-1-7",1.483215,1483.215,"Sub Recent","Bocas","Casa Blanca","new_2025",1.33809,4.03436057199994,11,26,0.00987961538461538,2.99819230769231,"AT14-1_4",0.178184,0.6442,58,0.647096596860712
"1408","Gobiidae","AT14-1-7",1.068641,1068.641,"Sub Recent","Bocas","Casa Blanca","new_2025",1.033647,2.8470775669185,11,26,0.00987961538461538,2.99819230769231,"AT14-1_4",0.178184,0.6442,58,0.227570792455669
"1409","Gobiidae","AT14-1-7",0.961995,961.995,"Sub Recent","Bocas","Casa Blanca","new_2025",0.776748,2.54596812345461,11,26,0.00987961538461538,2.99819230769231,"AT14-1_4",0.178184,0.6442,58,0.162766590336249
"1410","Gobiidae","AT14-1-7",0.960973,960.973,"Sub Recent","Bocas","Casa Blanca","new_2025",0.791611,2.54309240504973,11,26,0.00987961538461538,2.99819230769231,"AT14-1_4",0.178184,0.6442,58,0.162216000799466
"1411","Gobiidae","AT14-1-7",1.736811,1736.811,"Sub Recent","Bocas","Casa Blanca","new_2025",1.716487,4.77153300458874,11,26,0.00987961538461538,2.99819230769231,"AT14-1_4",0.178184,0.6442,58,1.07025441870437
"1412","Gobiidae","AT14-1-7",0.970874,970.874,"Sub Recent","Bocas","Casa Blanca","new_2025",1.124831,2.57096009216253,11,26,0.00987961538461538,2.99819230769231,"AT14-1_4",0.178184,0.6442,58,0.167604130592803
"1413","Gobiidae","AT14-1-7",1.430841,1430.841,"Sub Recent","Bocas","Casa Blanca","new_2025",1.301686,3.88306519548986,11,26,0.00987961538461538,2.99819230769231,"AT14-1_4",0.178184,0.6442,58,0.577030857219298
"1414","Gobiidae","AT14-1-7",0.836324,836.324,"Sub Recent","Bocas","Casa Blanca","new_2025",0.954677,2.19386567666466,11,26,0.00987961538461538,2.99819230769231,"AT14-1_4",0.178184,0.6442,58,0.10417255973156
"1415","Gobiidae","AT14-1-7",1.547059,1547.059,"Sub Recent","Bocas","Casa Blanca","new_2025",1.337703,4.21924634505069,11,26,0.00987961538461538,2.99819230769231,"AT14-1_4",0.178184,0.6442,58,0.74014098545463
"1416","Gobiidae","AT14-1-7",0.826326,826.326,"Sub Recent","Bocas","Casa Blanca","new_2025",0.869313,2.16599075162459,11,26,0.00987961538461538,2.99819230769231,"AT14-1_4",0.178184,0.6442,58,0.100254313555693
"1417","Gobiidae","AT14-1-7",1.448207,1448.207,"Sub Recent","Bocas","Casa Blanca","new_2025",1.451446,3.9331930376948,11,26,0.00987961538461538,2.99819230769231,"AT14-1_4",0.178184,0.6442,58,0.599653960653395
"1418","Gobiidae","AT14-1-3",0.816516,816.516,"Sub Recent","Bocas","Casa Blanca","new_2025",0.816759,2.13866070098261,11,26,0.00987961538461538,2.99819230769231,"AT14-1_3",0.177701,0.6843,95,0.0965092432286133
"1419","Gobiidae","AT14-1-3",0.939281,939.281,"Sub Recent","Bocas","Casa Blanca","new_2025",0.95617,2.48210106530479,11,26,0.00987961538461538,2.99819230769231,"AT14-1_3",0.177701,0.6843,95,0.150828950295349
"1420","Gobiidae","AT14-1-3",1.110773,1110.773,"Sub Recent","Bocas","Casa Blanca","new_2025",1.412123,2.96657097863195,11,26,0.00987961538461538,2.99819230769231,"AT14-1_3",0.177701,0.6843,95,0.257424914910224
"1421","Gobiidae","AT14-1-3",1.193668,1193.668,"Sub Recent","Bocas","Casa Blanca","new_2025",1.194399,3.20250373084628,11,26,0.00987961538461538,2.99819230769231,"AT14-1_3",0.177701,0.6843,95,0.323813686600397
"1422","Gobiidae","AT14-1-3",1.037388,1037.388,"Sub Recent","Bocas","Casa Blanca","new_2025",0.99579,2.7586304691031,11,26,0.00987961538461538,2.99819230769231,"AT14-1_3",0.177701,0.6843,95,0.207025568308058
"1423","Gobiidae","AT14-1-3",0.65806,658.06,"Sub Recent","Bocas","Casa Blanca","new_2025",0.745784,1.70026833227549,11,26,0.00987961538461538,2.99819230769231,"AT14-1_3",0.177701,0.6843,95,0.04851496600508
"1424","Gobiidae","AT14-1-3",0.628302,628.302,"Sub Recent","Bocas","Casa Blanca","new_2025",0.776922,1.61863730891382,11,26,0.00987961538461538,2.99819230769231,"AT14-1_3",0.177701,0.6843,95,0.0418610964222061
"1425","Gobiidae","AT14-1-3",0.741465,741.465,"Sub Recent","Bocas","Casa Blanca","new_2025",0.795935,1.93027805891925,11,26,0.00987961538461538,2.99819230769231,"AT14-1_3",0.177701,0.6843,95,0.0709713959274093
"1426","Gobiidae","AT14-1-3",0.940371,940.371,"Sub Recent","Bocas","Casa Blanca","new_2025",0.828622,2.48516370747324,11,26,0.00987961538461538,2.99819230769231,"AT14-1_3",0.177701,0.6843,95,0.151387621475898
"1427","Gobiidae","AT14-1-3",0.910482,910.482,"Sub Recent","Bocas","Casa Blanca","new_2025",0.909686,2.40126486021801,11,26,0.00987961538461538,2.99819230769231,"AT14-1_3",0.177701,0.6843,95,0.136575410863915
"1428","Gobiidae","AT14-1-3",0.43415,434.15,"Sub Recent","Bocas","Casa Blanca","new_2025",0.513939,1.09262121467138,11,26,0.00987961538461538,2.99819230769231,"AT14-1_3",0.177701,0.6843,95,0.0128848504575186
"1429","Gobiidae","AT14-1-3",0.605033,605.033,"Sub Recent","Bocas","Casa Blanca","new_2025",0.652074,1.55497624541562,11,26,0.00987961538461538,2.99819230769231,"AT14-1_3",0.177701,0.6843,95,0.0371163051786182
"1430","Gobiidae","AT14-1-3",0.970766,970.766,"Sub Recent","Bocas","Casa Blanca","new_2025",1.048639,2.57065601444283,11,26,0.00987961538461538,2.99819230769231,"AT14-1_3",0.177701,0.6843,95,0.167544703819868
"1431","Gobiidae","AT14-1-3",0.81922,819.22,"Sub Recent","Bocas","Casa Blanca","new_2025",0.90503,2.14619181476748,11,26,0.00987961538461538,2.99819230769231,"AT14-1_3",0.177701,0.6843,95,0.097531765479809
"1432","Gobiidae","AT14-1-3",0.635603,635.603,"Sub Recent","Bocas","Casa Blanca","new_2025",0.723815,1.63864294294724,11,26,0.00987961538461538,2.99819230769231,"AT14-1_3",0.177701,0.6843,95,0.0434315483093981
"1433","Gobiidae","AT14-1-3",NA,NA,"Sub Recent","Bocas","Casa Blanca","new_2025",0.773509,2.63654288999274,11,26,0.00987961538461538,2.99819230769231,"AT14-1_3",0.177701,0.6843,95,0.180752144311805
"1434","Gobiidae","AT14-1-3",NA,NA,"Sub Recent","Bocas","Casa Blanca","new_2025",1.078729,3.66678827626906,11,26,0.00987961538461538,2.99819230769231,"AT14-1_3",0.177701,0.6843,95,0.485934221492224
"1435","Gobiidae","AT14-1-3",0.74355,743.55,"Sub Recent","Bocas","Casa Blanca","new_2025",0.782468,1.93604975910338,11,26,0.00987961538461538,2.99819230769231,"AT14-1_3",0.177701,0.6843,95,0.0716095469649051
"1436","Gobiidae","AT14-1-3",0.569235,569.235,"Sub Recent","Bocas","Casa Blanca","new_2025",0.704301,1.45734144103206,11,26,0.00987961538461538,2.99819230769231,"AT14-1_3",0.177701,0.6843,95,0.0305582383004506
"1437","Gobiidae","AT14-1-3",1.001344,1001.344,"Sub Recent","Bocas","Casa Blanca","new_2025",1.022681,2.65683403656403,11,26,0.00987961538461538,2.99819230769231,"AT14-1_3",0.177701,0.6843,95,0.184955051161743
"1438","Gobiidae","AT14-1-3",0.952541,952.541,"Sub Recent","Bocas","Casa Blanca","new_2025",0.802783,2.51937371911215,11,26,0.00987961538461538,2.99819230769231,"AT14-1_3",0.177701,0.6843,95,0.15772204821839
"1439","Gobiidae","AT14-1-3",0.694329,694.329,"Sub Recent","Bocas","Casa Blanca","new_2025",0.806122,1.80007532203794,11,26,0.00987961538461538,2.99819230769231,"AT14-1_3",0.177701,0.6843,95,0.0575639496744735
"1440","Gobiidae","AT14-1-3",0.744387,744.387,"Sub Recent","Bocas","Casa Blanca","new_2025",0.731898,1.9383670318516,11,26,0.00987961538461538,2.99819230769231,"AT14-1_3",0.177701,0.6843,95,0.0718668294890101
"1441","Gobiidae","AT14-1-3",NA,NA,"Sub Recent","Bocas","Casa Blanca","new_2025",1.017285,3.45960888957869,11,26,0.00987961538461538,2.99819230769231,"AT14-1_3",0.177701,0.6843,95,0.408175239164068
"1442","Gobiidae","AT14-1-3",0.834521,834.521,"Sub Recent","Bocas","Casa Blanca","new_2025",0.709152,2.18883725738023,11,26,0.00987961538461538,2.99819230769231,"AT14-1_3",0.177701,0.6843,95,0.103458327620175
"1443","Gobiidae","AT14-1-3",1.525512,1525.512,"Sub Recent","Bocas","Casa Blanca","new_2025",1.387545,4.15679344717746,11,26,0.00987961538461538,2.99819230769231,"AT14-1_3",0.177701,0.6843,95,0.707777654355562
"1444","Gobiidae","AT14-1-3",0.660755,660.755,"Sub Recent","Bocas","Casa Blanca","new_2025",0.762994,1.70767285057324,11,26,0.00987961538461538,2.99819230769231,"AT14-1_3",0.177701,0.6843,95,0.0491511793778438
"1445","Gobiidae","AT14-1-3",0.946035,946.035,"Sub Recent","Bocas","Casa Blanca","new_2025",0.937066,2.50108181639709,11,26,0.00987961538461538,2.99819230769231,"AT14-1_3",0.177701,0.6843,95,0.154313542529615
"1446","Gobiidae","AT14-1-3",0.96106,961.06,"Sub Recent","Bocas","Casa Blanca","new_2025",0.97046,2.54333719938198,11,26,0.00987961538461538,2.99819230769231,"AT14-1_3",0.177701,0.6843,95,0.162262821095944
"1447","Gobiidae","AT14-1-3",0.686363,686.363,"Sub Recent","Bocas","Casa Blanca","new_2025",0.732066,1.77812517449031,11,26,0.00987961538461538,2.99819230769231,"AT14-1_3",0.177701,0.6843,95,0.0554849469126839
"1448","Gobiidae","AT14-1-3",1.012322,1012.322,"Sub Recent","Bocas","Casa Blanca","new_2025",1.009959,2.68781424001015,11,26,0.00987961538461538,2.99819230769231,"AT14-1_3",0.177701,0.6843,95,0.19149682046267
"1449","Gobiidae","AT14-1-3",0.998787,998.787,"Sub Recent","Bocas","Casa Blanca","new_2025",0.982909,2.64962119043111,11,26,0.00987961538461538,2.99819230769231,"AT14-1_3",0.177701,0.6843,95,0.18345367532832
"1450","Gobiidae","AT14-1-3",0.976989,976.989,"Sub Recent","Bocas","Casa Blanca","new_2025",0.920049,2.58818056781903,11,26,0.00987961538461538,2.99819230769231,"AT14-1_3",0.177701,0.6843,95,0.170992549294875
"1451","Gobiidae","AT14-1-3",1.254058,1254.058,"Sub Recent","Bocas","Casa Blanca","new_2025",1.194984,3.37504162343209,11,26,0.00987961538461538,2.99819230769231,"AT14-1_3",0.177701,0.6843,95,0.37898539279672
"1452","Gobiidae","AT14-1-3",1.020714,1020.714,"Sub Recent","Bocas","Casa Blanca","new_2025",1.096893,2.71151102799559,11,26,0.00987961538461538,2.99819230769231,"AT14-1_3",0.177701,0.6843,95,0.196603411789963
"1453","Gobiidae","AT14-1-3",0.727701,727.701,"Sub Recent","Bocas","Casa Blanca","new_2025",0.873722,1.89220240950632,11,26,0.00987961538461538,2.99819230769231,"AT14-1_3",0.177701,0.6843,95,0.0668562693861939
"1454","Gobiidae","AT14-1-3",0.877622,877.622,"Sub Recent","Bocas","Casa Blanca","new_2025",0.95659,2.30922740383998,11,26,0.00987961538461538,2.99819230769231,"AT14-1_3",0.177701,0.6843,95,0.121473937699623
"1455","Gobiidae","AT14-1-3",0.683016,683.016,"Sub Recent","Bocas","Casa Blanca","new_2025",0.755784,1.76890738007438,11,26,0.00987961538461538,2.99819230769231,"AT14-1_3",0.177701,0.6843,95,0.0546270244157798
"1456","Gobiidae","AT14-1-3",0.957466,957.466,"Sub Recent","Bocas","Casa Blanca","new_2025",1.025082,2.5332258292723,11,26,0.00987961538461538,2.99819230769231,"AT14-1_3",0.177701,0.6843,95,0.160336368203125
"1457","Gobiidae","AT14-1-3",1.353222,1353.222,"Sub Recent","Bocas","Casa Blanca","new_2025",1.270884,3.65949045658923,11,26,0.00987961538461538,2.99819230769231,"AT14-1_3",0.177701,0.6843,95,0.483040342245516
"1458","Gobiidae","AT14-1-3",1.339902,1339.902,"Sub Recent","Bocas","Casa Blanca","new_2025",1.426489,3.62120356577,11,26,0.00987961538461538,2.99819230769231,"AT14-1_3",0.177701,0.6843,95,0.468046090076446
"1459","Gobiidae","AT14-1-3",1.430772,1430.772,"Sub Recent","Bocas","Casa Blanca","new_2025",1.265758,3.88286609989911,11,26,0.00987961538461538,2.99819230769231,"AT14-1_3",0.177701,0.6843,95,0.57694215729772
"1460","Gobiidae","AT14-1-3",0.913741,913.741,"Sub Recent","Bocas","Casa Blanca","new_2025",0.929129,2.41040456278619,11,26,0.00987961538461538,2.99819230769231,"AT14-1_3",0.177701,0.6843,95,0.138139906906839
"1461","Gobiidae","AT14-1-3",0.747596,747.596,"Sub Recent","Bocas","Casa Blanca","new_2025",0.861003,1.94725282034768,11,26,0.00987961538461538,2.99819230769231,"AT14-1_3",0.177701,0.6843,95,0.0728591123363494
"1462","Gobiidae","AT14-1-3",0.921203,921.203,"Sub Recent","Bocas","Casa Blanca","new_2025",0.959877,2.4313391219382,11,26,0.00987961538461538,2.99819230769231,"AT14-1_3",0.177701,0.6843,95,0.141768310074857
"1463","Gobiidae","AT14-1-3",0.742469,742.469,"Sub Recent","Bocas","Casa Blanca","new_2025",0.789273,1.93305720531387,11,26,0.00987961538461538,2.99819230769231,"AT14-1_3",0.177701,0.6843,95,0.0712781984667367
"1464","Gobiidae","AT14-1-3",0.723138,723.138,"Sub Recent","Bocas","Casa Blanca","new_2025",0.810538,1.87958969066856,11,26,0.00987961538461538,2.99819230769231,"AT14-1_3",0.177701,0.6843,95,0.0655290359845692
"1465","Gobiidae","AT14-1-3",0.964013,964.013,"Sub Recent","Bocas","Casa Blanca","new_2025",1.123391,2.55164696827973,11,26,0.00987961538461538,2.99819230769231,"AT14-1_3",0.177701,0.6843,95,0.163857526303413
"1466","Gobiidae","AT14-1-3",1.235829,1235.829,"Sub Recent","Bocas","Casa Blanca","new_2025",1.237113,3.32290370354113,11,26,0.00987961538461538,2.99819230769231,"AT14-1_3",0.177701,0.6843,95,0.361701709565339
"1467","Gobiidae","AT14-1-3",1.522407,1522.407,"Sub Recent","Bocas","Casa Blanca","new_2025",1.418479,4.14779833962264,11,26,0.00987961538461538,2.99819230769231,"AT14-1_3",0.177701,0.6843,95,0.703195550103854
"1468","Gobiidae","AT14-3-2",0.870157,870.157,"Sub Recent","Bocas","Cayo Adriana","new_2025",0.939099,2.28834878370754,11,26,0.00987961538461538,2.99819230769231,"AT14-3_1",0.078406,0.4314,7,0.11821070012679
"1469","Gobiidae","AT14-3-2",0.904506,904.506,"Sub Recent","Bocas","Cayo Adriana","new_2025",0.941033,2.38451084620947,11,26,0.00987961538461538,2.99819230769231,"AT14-3_1",0.078406,0.4314,7,0.133738276642804
"1470","Gobiidae","AT14-2-5",0.946796,946.796,"Sub Recent","Bocas","Punta Donato","new_2025",1.069797,2.50322099133481,11,26,0.00987961538461538,2.99819230769231,"AT14-2_4",0.121947,0.6014,28,0.154709595243242
"1471","Gobiidae","AT14-2-5",0.746472,746.472,"Sub Recent","Bocas","Punta Donato","new_2025",0.939516,1.94414016571669,11,26,0.00987961538461538,2.99819230769231,"AT14-2_4",0.121947,0.6014,28,0.0725104876113482
"1472","Gobiidae","AT14-2-5",0.82795,827.95,"Sub Recent","Bocas","Punta Donato","new_2025",0.984822,2.1705171010973,11,26,0.00987961538461538,2.99819230769231,"AT14-2_4",0.121947,0.6014,28,0.100883762431227
"1473","Gobiidae","AT14-2-5",0.812095,812.095,"Sub Recent","Bocas","Punta Donato","new_2025",0.90576,2.12635084051961,11,26,0.00987961538461538,2.99819230769231,"AT14-2_4",0.121947,0.6014,28,0.0948533216943486
"1474","Gobiidae","AT14-2-5",0.86872,868.72,"Sub Recent","Bocas","Punta Donato","new_2025",0.898552,2.28433098118307,11,26,0.00987961538461538,2.99819230769231,"AT14-2_4",0.121947,0.6014,28,0.117589515655646
"1475","Gobiidae","AT14-2-5",1.136853,1136.853,"Sub Recent","Bocas","Punta Donato","new_2025",1.254755,3.0406826957759,11,26,0.00987961538461538,2.99819230769231,"AT14-2_4",0.121947,0.6014,28,0.277191738556979
"1476","Gobiidae","AT14-2-5",0.765457,765.457,"Sub Recent","Bocas","Punta Donato","new_2025",0.945565,1.9967541169858,11,26,0.00987961538461538,2.99819230769231,"AT14-2_4",0.121947,0.6014,28,0.0785544711086754
"1477","Gobiidae","AT14-2-5",1.289568,1289.568,"Sub Recent","Bocas","Punta Donato","new_2025",1.227833,3.47674312234529,11,26,0.00987961538461538,2.99819230769231,"AT14-2_4",0.121947,0.6014,28,0.414266272672618
"1478","Gobiidae","AT14-2-5",1.022781,1022.781,"Sub Recent","Bocas","Punta Donato","new_2025",1.27872,2.71734958434995,11,26,0.00987961538461538,2.99819230769231,"AT14-2_4",0.121947,0.6014,28,0.197875386861741
"1479","Gobiidae","AT14-2-5",0.649506,649.506,"Sub Recent","Bocas","Punta Donato","new_2025",0.867535,1.67677893543934,11,26,0.00987961538461538,2.99819230769231,"AT14-2_4",0.121947,0.6014,28,0.0465330675566663
"1480","Gobiidae","AT14-2-5",0.784652,784.652,"Sub Recent","Bocas","Punta Donato","new_2025",0.895218,2.05003401158679,11,26,0.00987961538461538,2.99819230769231,"AT14-2_4",0.121947,0.6014,28,0.0850079746029507
"1481","Gobiidae","AT14-2-5",0.864616,864.616,"Sub Recent","Bocas","Punta Donato","new_2025",0.930458,2.27285865470585,11,26,0.00987961538461538,2.99819230769231,"AT14-2_4",0.121947,0.6014,28,0.115827784663434
"1482","Gobiidae","AT14-2-5",0.931227,931.227,"Sub Recent","Bocas","Punta Donato","new_2025",1.163256,2.45947821198857,11,26,0.00987961538461538,2.99819230769231,"AT14-2_4",0.121947,0.6014,28,0.146744709438884
"1483","Gobiidae","AT14-2-5",0.895718,895.718,"Sub Recent","Bocas","Punta Donato","new_2025",1.109113,2.35988597518402,11,26,0.00987961538461538,2.99819230769231,"AT14-2_4",0.121947,0.6014,28,0.129640000284574
"1484","Gobiidae","AT14-2-5",0.803755,803.755,"Sub Recent","Bocas","Punta Donato","new_2025",0.951359,2.10314044470339,11,26,0.00987961538461538,2.99819230769231,"AT14-2_4",0.121947,0.6014,28,0.0917827819102569
"1485","Gobiidae","AT14-2-5",1.115667,1115.667,"Sub Recent","Bocas","Punta Donato","new_2025",1.227899,2.98046998375889,11,26,0.00987961538461538,2.99819230769231,"AT14-2_4",0.121947,0.6014,28,0.261057956480581
"1486","Gobiidae","AT14-2-5",1.074065,1074.065,"Sub Recent","Bocas","Punta Donato","new_2025",1.081836,2.8624444800342,11,26,0.00987961538461538,2.99819230769231,"AT14-2_4",0.121947,0.6014,28,0.231273361725018
"1487","Gobiidae","AT14-2-5",1.776815,1776.815,"Sub Recent","Bocas","Punta Donato","new_2025",1.653245,4.88847018427518,11,26,0.00987961538461538,2.99819230769231,"AT14-2_4",0.121947,0.6014,28,1.1508352004124
"1488","Gobiidae","AT14-2-4",1.44166,1441.66,"Sub Recent","Bocas","Punta Donato","new_2025",NA,3.9142903004332,11,26,0.00987961538461538,2.99819230769231,"AT14-2_3",0.074169,0.5598,30,0.591054867682042
"1489","Gobiidae","AT14-2-4",0.924372,924.372,"Sub Recent","Bocas","Punta Donato","new_2025",1.146254,2.44023296631094,11,26,0.00987961538461538,2.99819230769231,"AT14-2_3",0.074169,0.5598,30,0.143328828430316
"1490","Gobiidae","AT14-2-4",0.955645,955.645,"Sub Recent","Bocas","Punta Donato","new_2025",1.16129,2.52810353803671,11,26,0.00987961538461538,2.99819230769231,"AT14-2_3",0.074169,0.5598,30,0.159366295636163
"1491","Gobiidae","AT14-2-4",0.675716,675.716,"Sub Recent","Bocas","Punta Donato","new_2025",0.825098,1.74881276440187,11,26,0.00987961538461538,2.99819230769231,"AT14-2_3",0.074169,0.5598,30,0.0527875099125896
"1492","Gobiidae","AT14-2-4",1.492333,1492.333,"Sub Recent","Bocas","Punta Donato","new_2025",1.315204,4.06073507849485,11,26,0.00987961538461538,2.99819230769231,"AT14-2_3",0.074169,0.5598,30,0.659863094219076
"1493","Gobiidae","AT14-2-4",0.9946,994.6,"Sub Recent","Bocas","Punta Donato","new_2025",1.053468,2.63781292431365,11,26,0.00987961538461538,2.99819230769231,"AT14-2_3",0.074169,0.5598,30,0.181013319884763
"1494","Gobiidae","AT14-2-4",1.052419,1052.419,"Sub Recent","Bocas","Punta Donato","new_2025",1.243951,2.80114800758443,11,26,0.00987961538461538,2.99819230769231,"AT14-2_3",0.074169,0.5598,30,0.216740246065628
"1495","Gobiidae","AT14-2-4",1.190336,1190.336,"Sub Recent","Bocas","Punta Donato","new_2025",1.199663,3.19299981400803,11,26,0.00987961538461538,2.99819230769231,"AT14-2_3",0.074169,0.5598,30,0.320941058779076
"1496","Gobiidae","AT14-2-4",1.072316,1072.316,"Sub Recent","Bocas","Punta Donato","new_2025",1.100648,2.85748879322906,11,26,0.00987961538461538,2.99819230769231,"AT14-2_3",0.074169,0.5598,30,0.230074965432692
"1497","Gobiidae","AT14-2-4",0.890289,890.289,"Sub Recent","Bocas","Punta Donato","new_2025",0.990069,2.34468098751513,11,26,0.00987961538461538,2.99819230769231,"AT14-2_3",0.074169,0.5598,30,0.127151745302764
"1498","Gobiidae","AT14-2-4",0.635178,635.178,"Sub Recent","Bocas","Punta Donato","new_2025",0.797604,1.63747799090447,11,26,0.00987961538461538,2.99819230769231,"AT14-2_3",0.074169,0.5598,30,0.0433390401575534
"1499","Gobiidae","AT14-2-4",1.684812,1684.812,"Sub Recent","Bocas","Punta Donato","new_2025",1.520161,4.61978777220401,11,26,0.00987961538461538,2.99819230769231,"AT14-2_3",0.074169,0.5598,30,0.97141472126226
"1500","Gobiidae","AT14-2-4",1.26967,1269.67,"Sub Recent","Bocas","Punta Donato","new_2025",1.195613,3.41973263800512,11,26,0.00987961538461538,2.99819230769231,"AT14-2_3",0.074169,0.5598,30,0.394231392637352
"1501","Gobiidae","AT14-2-4",0.745586,745.586,"Sub Recent","Bocas","Punta Donato","new_2025",1.000819,1.94168680517904,11,26,0.00987961538461538,2.99819230769231,"AT14-2_3",0.074169,0.5598,30,0.0722364902083956
"1502","Gobiidae","AT14-2-4",0.903311,903.311,"Sub Recent","Bocas","Punta Donato","new_2025",0.87807,2.38116144237491,11,26,0.00987961538461538,2.99819230769231,"AT14-2_3",0.074169,0.5598,30,0.133175839755816
"1503","Gobiidae","AT14-2-4",0.663853,663.853,"Sub Recent","Bocas","Punta Donato","new_2025",0.743129,1.71618697160498,11,26,0.00987961538461538,2.99819230769231,"AT14-2_3",0.074169,0.5598,30,0.0498895767202599
"1504","Gobiidae","AT14-2-4",0.774403,774.403,"Sub Recent","Bocas","Punta Donato","new_2025",0.829255,2.02157529919196,11,26,0.00987961538461538,2.99819230769231,"AT14-2_3",0.074169,0.5598,30,0.0815186937321699
"1505","Gobiidae","AT14-2-4",1.5885,1588.5,"Sub Recent","Bocas","Punta Donato","new_2025",1.540689,4.33951508996091,11,26,0.00987961538461538,2.99819230769231,"AT14-2_3",0.074169,0.5598,30,0.805214058681441
"1506","Gobiidae","AT14-2-4",0.712873,712.873,"Sub Recent","Bocas","Punta Donato","new_2025",0.86082,1.8512343482815,11,26,0.00987961538461538,2.99819230769231,"AT14-2_3",0.074169,0.5598,30,0.0626095740131485
"1507","Gobiidae","AT14-3-1",1.532788,1532.788,"Sub Recent","Bocas","Cayo Adriana","new_2025",1.322594,4.17787636936073,11,26,0.00987961538461538,2.99819230769231,"AT14-3_1",0.193504,0.5189,23,0.718595170389248
"1508","Gobiidae","AT14-3-1",1.752247,1752.247,"Sub Recent","Bocas","Cayo Adriana","new_2025",1.499637,4.81663458235876,11,26,0.00987961538461538,2.99819230769231,"AT14-3_1",0.193504,0.5189,23,1.10087230370444
"1509","Gobiidae","AT14-3-1",2.058285,2058.285,"Sub Recent","Bocas","Cayo Adriana","new_2025",1.988957,5.71577025438621,11,26,0.00987961538461538,2.99819230769231,"AT14-3_1",0.193504,0.5189,23,1.83905946217323
"1510","Gobiidae","AT14-3-1",1.035491,1035.491,"Sub Recent","Bocas","Cayo Adriana","new_2025",1.307994,2.75326726380318,11,26,0.00987961538461538,2.99819230769231,"AT14-3_1",0.193504,0.5189,23,0.205821168942844
"1511","Gobiidae","AT14-3-1",0.713647,713.647,"Sub Recent","Bocas","Cayo Adriana","new_2025",0.761037,1.85337149828329,11,26,0.00987961538461538,2.99819230769231,"AT14-3_1",0.193504,0.5189,23,0.0628265315092682
"1512","Gobiidae","AT14-3-1",0.89588,895.88,"Sub Recent","Bocas","Cayo Adriana","new_2025",0.9357,2.3603397779335,11,26,0.00987961538461538,2.99819230769231,"AT14-3_1",0.193504,0.5189,23,0.129714758349012
"1513","Gobiidae","AT14-3-1",0.814516,814.516,"Sub Recent","Bocas","Cayo Adriana","new_2025",0.903226,2.13309136483895,11,26,0.00987961538461538,2.99819230769231,"AT14-3_1",0.193504,0.5189,23,0.0957576904018803
"1514","Gobiidae","AT14-3-1",NA,NA,"Sub Recent","Bocas","Cayo Adriana","new_2025",0.93246,3.17342072027672,11,26,0.00987961538461538,2.99819230769231,"AT14-3_1",0.193504,0.5189,23,0.315076773322845
"1515","Gobiidae","AT14-3-1",1.461071,1461.071,"Sub Recent","Bocas","Cayo Adriana","new_2025",1.38719,3.97035016911413,11,26,0.00987961538461538,2.99819230769231,"AT14-3_1",0.193504,0.5189,23,0.616799444644528
"1516","Gobiidae","AT14-3-1",0.867085,867.085,"Sub Recent","Bocas","Cayo Adriana","new_2025",0.94459,2.27976008861315,11,26,0.00987961538461538,2.99819230769231,"AT14-3_1",0.193504,0.5189,23,0.116885468815024
"1517","Gobiidae","AT14-3-1",0.730053,730.053,"Sub Recent","Bocas","Cayo Adriana","new_2025",0.8347,1.89870559556117,11,26,0.00987961538461538,2.99819230769231,"AT14-3_1",0.193504,0.5189,23,0.0675475439977808
"1518","Gobiidae","AT14-3-3",0.689038,689.038,"Sub Recent","Bocas","Cayo Adriana","new_2025",0.810057,1.78549429416319,11,26,0.00987961538461538,2.99819230769231,"AT14-3_2",0.195697,0.5768,34,0.0561772319171192
"1519","Gobiidae","AT14-3-3",1.00504,1005.04,"Sub Recent","Bocas","Cayo Adriana","new_2025",1.178763,2.66726185880182,11,26,0.00987961538461538,2.99819230769231,"AT14-3_2",0.195697,0.5768,34,0.187140078041545
"1520","Gobiidae","AT14-3-3",1.286274,1286.274,"Sub Recent","Bocas","Cayo Adriana","new_2025",1.215413,3.46730149720142,11,26,0.00987961538461538,2.99819230769231,"AT14-3_2",0.195697,0.5768,34,0.410902440255994
"1521","Gobiidae","AT14-3-3",1.046578,1046.578,"Sub Recent","Bocas","Cayo Adriana","new_2025",1.292386,2.78462123163257,11,26,0.00987961538461538,2.99819230769231,"AT14-3_2",0.195697,0.5768,34,0.212928810440943
"1522","Gobiidae","AT14-3-3",0.818022,818.022,"Sub Recent","Bocas","Cayo Adriana","new_2025",0.970594,2.14285498060698,11,26,0.00987961538461538,2.99819230769231,"AT14-3_2",0.195697,0.5768,34,0.097077827137479
"1523","Gobiidae","AT14-3-3",1.019463,1019.463,"Sub Recent","Bocas","Cayo Adriana","new_2025",1.218703,2.70797775101337,11,26,0.00987961538461538,2.99819230769231,"AT14-3_2",0.195697,0.5768,34,0.195836312962026
"1524","Gobiidae","AT14-3-3",1.520354,1520.354,"Sub Recent","Bocas","Cayo Adriana","new_2025",1.47759,4.14185148677255,11,26,0.00987961538461538,2.99819230769231,"AT14-3_2",0.195697,0.5768,34,0.700177107596583
"1525","Gobiidae","AT14-3-3",0.989188,989.188,"Sub Recent","Bocas","Cayo Adriana","new_2025",1.151464,2.62255454597168,11,26,0.00987961538461538,2.99819230769231,"AT14-3_2",0.195697,0.5768,34,0.177892116369871
"1526","Gobiidae","AT14-3-3",0.827066,827.066,"Sub Recent","Bocas","Cayo Adriana","new_2025",0.871917,2.16805318107089,11,26,0.00987961538461538,2.99819230769231,"AT14-3_2",0.195697,0.5768,34,0.100540796087711
"1527","Gobiidae","AT14-3-3",1.149184,1149.184,"Sub Recent","Bocas","Cayo Adriana","new_2025",1.052844,3.07576138931045,11,26,0.00987961538461538,2.99819230769231,"AT14-3_2",0.195697,0.5768,34,0.286890318100034
"1528","Gobiidae","AT14-3-3",1.475415,1475.415,"Sub Recent","Bocas","Cayo Adriana","new_2025",1.357611,4.01180661363315,11,26,0.00987961538461538,2.99819230769231,"AT14-3_2",0.195697,0.5768,34,0.63631088811662
"1529","Gobiidae","AT14-3-3",1.273607,1273.607,"Sub Recent","Bocas","Cayo Adriana","new_2025",1.216654,3.43100822482482,11,26,0.00987961538461538,2.99819230769231,"AT14-3_2",0.195697,0.5768,34,0.398141489985226
"1530","Gobiidae","AT14-3-3",1.818898,1818.898,"Sub Recent","Bocas","Cayo Adriana","new_2025",1.707022,5.01166433492222,11,26,0.00987961538461538,2.99819230769231,"AT14-3_2",0.195697,0.5768,34,1.23999693784724
"1531","Gobiidae","AT14-3-5",0.568824,568.824,"Sub Recent","Bocas","Cayo Adriana","new_2025",0.697213,1.45622269493868,11,26,0.00987961538461538,2.99819230769231,"AT14-3_4",0.279638,0.6827,60,0.0304879594121314
"1532","Gobiidae","AT14-3-5",0.839301,839.301,"Sub Recent","Bocas","Cayo Adriana","new_2025",0.86747,2.20216978561009,11,26,0.00987961538461538,2.99819230769231,"AT14-3_4",0.279638,0.6827,60,0.105359249430791
"1533","Gobiidae","AT14-3-5",0.663224,663.224,"Sub Recent","Bocas","Cayo Adriana","new_2025",0.80485,1.7144581100514,11,26,0.00987961538461538,2.99819230769231,"AT14-3_4",0.279638,0.6827,60,0.0497390450984166
"1534","Gobiidae","AT14-3-5",0.811767,811.767,"Sub Recent","Bocas","Cayo Adriana","new_2025",0.865133,2.12543772380875,11,26,0.00987961538461538,2.99819230769231,"AT14-3_4",0.279638,0.6827,60,0.0947312494149645
"1535","Gobiidae","AT14-3-5",1.145105,1145.105,"Sub Recent","Bocas","Cayo Adriana","new_2025",1.07585,3.06415497990512,11,26,0.00987961538461538,2.99819230769231,"AT14-3_4",0.279638,0.6827,60,0.283656748154923
"1536","Gobiidae","AT14-3-5",0.797736,797.736,"Sub Recent","Bocas","Cayo Adriana","new_2025",0.889501,2.08639889124576,11,26,0.00987961538461538,2.99819230769231,"AT14-3_4",0.279638,0.6827,60,0.0896096323287979
"1537","Gobiidae","AT14-3-5",0.959677,959.677,"Sub Recent","Bocas","Cayo Adriana","new_2025",1.08871,2.53944597961677,11,26,0.00987961538461538,2.99819230769231,"AT14-3_4",0.279638,0.6827,60,0.161519637185135
"1538","Gobiidae","AT14-3-5",0.930155,930.155,"Sub Recent","Bocas","Cayo Adriana","new_2025",0.961022,2.45646800541728,11,26,0.00987961538461538,2.99819230769231,"AT14-3_4",0.279638,0.6827,60,0.146206880597158
"1539","Gobiidae","AT14-3-5",1.065134,1065.134,"Sub Recent","Bocas","Cayo Adriana","new_2025",1.099857,2.83714439326663,11,26,0.00987961538461538,2.99819230769231,"AT14-3_4",0.279638,0.6827,60,0.225198599490813
"1540","Gobiidae","AT14-3-5",0.8026,802.6,"Sub Recent","Bocas","Cayo Adriana","new_2025",0.876898,2.09992725225606,11,26,0.00987961538461538,2.99819230769231,"AT14-3_4",0.279638,0.6827,60,0.0913629977208956
"1541","Gobiidae","AT14-3-5",0.728951,728.951,"Sub Recent","Bocas","Cayo Adriana","new_2025",0.748802,1.89565844436242,11,26,0.00987961538461538,2.99819230769231,"AT14-3_4",0.279638,0.6827,60,0.0672230483431774
"1542","Gobiidae","AT14-3-5",0.749074,749.074,"Sub Recent","Bocas","Cayo Adriana","new_2025",0.824679,1.95134624540657,11,26,0.00987961538461538,2.99819230769231,"AT14-3_4",0.279638,0.6827,60,0.0733192837883558
"1543","Gobiidae","AT14-3-5",0.386761,386.761,"Sub Recent","Bocas","Cayo Adriana","new_2025",0.409274,0.966269348245264,11,26,0.00987961538461538,2.99819230769231,"AT14-3_4",0.279638,0.6827,60,0.00891377330958069
"1544","Gobiidae","AT14-3-5",0.570898,570.898,"Sub Recent","Bocas","Cayo Adriana","new_2025",0.690036,1.46186866472885,11,26,0.00987961538461538,2.99819230769231,"AT14-3_4",0.279638,0.6827,60,0.0308437379989863
"1545","Gobiidae","AT14-3-5",0.610199,610.199,"Sub Recent","Bocas","Cayo Adriana","new_2025",0.653229,1.56909661045658,11,26,0.00987961538461538,2.99819230769231,"AT14-3_4",0.279638,0.6827,60,0.0381360243361336
"1546","Gobiidae","AT14-3-5",0.494951,494.951,"Sub Recent","Bocas","Cayo Adriana","new_2025",0.558162,1.25600569022916,11,26,0.00987961538461538,2.99819230769231,"AT14-3_4",0.279638,0.6827,60,0.0195675256687759
"1547","Gobiidae","AT14-3-5",0.762376,762.376,"Sub Recent","Bocas","Cayo Adriana","new_2025",0.797994,1.98820994362401,11,26,0.00987961538461538,2.99819230769231,"AT14-3_4",0.279638,0.6827,60,0.0775509700100736
"1548","Gobiidae","AT14-3-5",0.624458,624.458,"Sub Recent","Bocas","Cayo Adriana","new_2025",0.69567,1.60811017347915,11,26,0.00987961538461538,2.99819230769231,"AT14-3_4",0.279638,0.6827,60,0.0410501246874614
"1549","Gobiidae","AT14-3-5",0.964187,964.187,"Sub Recent","Bocas","Cayo Adriana","new_2025",1.022835,2.55213665613262,11,26,0.00987961538461538,2.99819230769231,"AT14-3_4",0.279638,0.6827,60,0.163951825477917
"1550","Gobiidae","AT14-3-5",0.657499,657.499,"Sub Recent","Bocas","Cayo Adriana","new_2025",0.684773,1.69872722442763,11,26,0.00987961538461538,2.99819230769231,"AT14-3_4",0.279638,0.6827,60,0.0483832442712431
"1551","Gobiidae","AT14-3-5",0.577754,577.754,"Sub Recent","Bocas","Cayo Adriana","new_2025",0.662458,1.48054169543391,11,26,0.00987961538461538,2.99819230769231,"AT14-3_4",0.279638,0.6827,60,0.0320401025555989
