"","family","sample","oto_length_mm","oto_length_um","type_age","region","locality","source","oto_width_mm","fish_length_cm"
"1","Apogonidae","AT14-2-2",0.926688172,926.6881724,"Sub Recent","Bocas","Punta Donato","orig_df",0.7170708572,1.5699568950053
"2","Apogonidae","AT14-2-2",0.944686134,944.6861343,"Sub Recent","Bocas","Punta Donato","orig_df",0.6990807196,1.60000128182954
"3","Apogonidae","AT14-2-2",0.951001509,951.0015092,"Sub Recent","Bocas","Punta Donato","orig_df",0.3823862008,1.61054169553207
"4","Apogonidae","AT14-1-8",0.994560545,994.5605452,"Sub Recent","Bocas","Casa Blanca","orig_df",0.7180324654,1.68321476570291
"5","Apogonidae","AT14-2-2",0.997574687,997.5746869,"Sub Recent","Bocas","Punta Donato","orig_df",0.6827017128,1.68824176963926
"6","Apogonidae","AT12-1-2-1",1.025717844,1025.717844,"Sub Recent","Bocas","STRI Point","orig_df",0.7421239062,1.73516853884056
"7","Apogonidae","AT14-2-2",1.061617646,1061.617646,"Sub Recent","Bocas","Punta Donato","orig_df",0.8489800187,1.79500190880094
"8","Apogonidae","AT14-2-2",1.076746835,1076.746835,"Sub Recent","Bocas","Punta Donato","orig_df",0.7843882615,1.82020852011568
"9","Apogonidae","AT14-2-2",1.07974164,1079.74164,"Sub Recent","Bocas","Punta Donato","orig_df",0.7919812523,1.82519752677928
"10","Apogonidae","AT14-2-2",1.082078936,1082.078936,"Sub Recent","Bocas","Punta Donato","orig_df",0.8073079346,1.82909105811353
"11","Apogonidae","AT14-2-2",1.086303309,1086.303309,"Sub Recent","Bocas","Punta Donato","orig_df",0.8542800749,1.83612782404374
"12","Apogonidae","AT14-2-2",1.095762813,1095.762813,"Sub Recent","Bocas","Punta Donato","orig_df",0.8810711359,1.85188359112061
"13","Apogonidae","AT14-2-2",1.104713454,1104.713454,"Sub Recent","Bocas","Punta Donato","orig_df",0.7393405037,1.86678997611002
"14","Apogonidae","AT14-2-2",1.134870263,1134.870263,"Sub Recent","Bocas","Punta Donato","orig_df",0.8387427198,1.91700025701496
"15","Apogonidae","AT14-1-7",1.142609815,1142.609815,"Sub Recent","Bocas","Casa Blanca","orig_df",0.881953089,1.92988325913568
"16","Apogonidae","AT14-2-2",1.1565625,1156.5625,"Sub Recent","Bocas","Punta Donato","orig_df",0.9176369413,1.95310524116094
"17","Apogonidae","AT14-2-2",1.165709234,1165.709234,"Sub Recent","Bocas","Punta Donato","orig_df",0.774141678,1.96832628624846
"18","Apogonidae","AT14-2-2",1.170306173,1170.306173,"Sub Recent","Bocas","Punta Donato","orig_df",0.8824812255,1.97597537914566
"19","Apogonidae","AT14-2-2",1.181146111,1181.146111,"Sub Recent","Bocas","Punta Donato","orig_df",0.8924962142,1.99401080786951
"20","Apogonidae","AT14-2-2",1.186594917,1186.594917,"Sub Recent","Bocas","Punta Donato","orig_df",0.8127486463,2.00307559191527
"21","Apogonidae","AT14-2-2",1.251511095,1251.511095,"Sub Recent","Bocas","Punta Donato","orig_df",0.874159448,2.11102620375688
"22","Apogonidae","AT12-1-2-1",1.257800095,1257.800095,"Sub Recent","Bocas","STRI Point","orig_df",0.9077460519,2.12147993794462
"23","Apogonidae","AT14-3-3",1.270001715,1270.001715,"Sub Recent","Bocas","Cayo Adriana","orig_df",0.9374673213,2.14175961651117
"24","Apogonidae","AT14-3-3",1.290497088,1290.497088,"Sub Recent","Bocas","Cayo Adriana","orig_df",0.9788695281,2.17581755714448
"25","Apogonidae","AT14-1-1",1.292959652,1292.959652,"Sub Recent","Bocas","Casa Blanca","orig_df",0.9386722543,2.1799091623147
"26","Apogonidae","AT12-1-2-1",1.33632696,1336.32696,"Sub Recent","Bocas","STRI Point","orig_df",0.9679553418,2.25194656440494
"27","Apogonidae","AT14-1-1",1.339532006,1339.532006,"Sub Recent","Bocas","Casa Blanca","orig_df",0.8864278795,2.25726910299453
"28","Apogonidae","AT14-1-3",1.365143468,1365.143468,"Sub Recent","Bocas","Casa Blanca","orig_df",0.996677237,2.29979480179865
"29","Apogonidae","AT14-1-8",1.378500144,1378.500144,"Sub Recent","Bocas","Casa Blanca","orig_df",0.9750952634,2.3219678391439
"30","Apogonidae","AT14-3-3",1.407910717,1407.910717,"Sub Recent","Bocas","Cayo Adriana","orig_df",1.025442579,2.37078053829427
"31","Apogonidae","AT12-1-2-1",1.441343285,1441.343285,"Sub Recent","Bocas","STRI Point","orig_df",1.084116128,2.42625057301832
"32","Apogonidae","AT14-1-7",1.528824716,1528.824716,"Sub Recent","Bocas","Casa Blanca","orig_df",1.109171123,2.57130908933598
"33","Apogonidae","AT12-1-2-1",1.543786858,1543.786858,"Sub Recent","Bocas","STRI Point","orig_df",1.113346145,2.59610650137682
"34","Apogonidae","AT14-1-3",1.545103464,1545.103464,"Sub Recent","Bocas","Casa Blanca","orig_df",1.154639937,2.59828840249443
"35","Apogonidae","AT12-1-2-1",1.545888416,1545.888416,"Sub Recent","Bocas","STRI Point","orig_df",1.189957215,2.59958922501025
"36","Apogonidae","AT12-1-2-1",1.570381169,1570.381169,"Sub Recent","Bocas","STRI Point","orig_df",1.230284451,2.64017382275204
"37","Apogonidae","AT14-1-7",1.623892203,1623.892203,"Sub Recent","Bocas","Casa Blanca","orig_df",1.15569127,2.7288100559636
"38","Apogonidae","AT12-1-2-1",1.624061315,1624.061315,"Sub Recent","Bocas","STRI Point","orig_df",1.128571226,2.72909010685918
"39","Apogonidae","AT14-1-2",1.62506275,1625.06275,"Sub Recent","Bocas","Casa Blanca","orig_df",1.252015529,2.73074848297156
"40","Apogonidae","AT12-1-2-1",1.691401637,1691.401637,"Sub Recent","Bocas","STRI Point","orig_df",1.179855533,2.84057304865255
"41","Apogonidae","AT14-1-8",1.692306444,1692.306444,"Sub Recent","Bocas","Casa Blanca","orig_df",1.240481314,2.84207052592251
"42","Apogonidae","AT12-1-2-1",1.701354584,1701.354584,"Sub Recent","Bocas","STRI Point","orig_df",1.164855224,2.85704477600817
"43","Apogonidae","AT12-1-2-1",1.706048093,1706.048093,"Sub Recent","Bocas","STRI Point","orig_df",1.309125845,2.86481185877267
"44","Apogonidae","AT14-1-3",1.724667035,1724.667035,"Sub Recent","Bocas","Casa Blanca","orig_df",1.231835692,2.89562048282832
"45","Apogonidae","AT14-3-3",1.751298297,1751.298297,"Sub Recent","Bocas","Cayo Adriana","orig_df",1.275519227,2.93967865120489
"46","Apogonidae","AT12-1-2-1",1.781612486,1781.612486,"Sub Recent","Bocas","STRI Point","orig_df",1.292519991,2.98981794042233
"47","Apogonidae","AT14-1-3",1.908211014,1908.211014,"Sub Recent","Bocas","Casa Blanca","orig_df",1.421852057,3.19907878429259
"48","Apogonidae","AT14-1-1",1.94554285,1945.54285,"Sub Recent","Bocas","Casa Blanca","orig_df",1.341435494,3.26074727939779
"49","Apogonidae","AT14-1-8",1.950585646,1950.585646,"Sub Recent","Bocas","Casa Blanca","orig_df",1.41474328,3.26907615415119
"50","Apogonidae","AT14-1-1",1.953203937,1953.203937,"Sub Recent","Bocas","Casa Blanca","orig_df",1.416752279,3.27340050033371
"51","Apogonidae","AT14-1-8",1.964138115,1964.138115,"Sub Recent","Bocas","Casa Blanca","orig_df",1.590145872,3.29145838316441
"52","Apogonidae","AT12-1-2-1",2.001380853,2001.380853,"Sub Recent","Bocas","STRI Point","orig_df",1.442103438,3.35295415915222
"53","Apogonidae","AT14-1-2",2.04190424,2041.90424,"Sub Recent","Bocas","Casa Blanca","orig_df",1.330806483,3.41984812555059
"54","Apogonidae","AT12-1-2-1",2.069616646,2069.616646,"Sub Recent","Bocas","STRI Point","orig_df",1.471343281,3.46558324673032
"55","Apogonidae","AT14-1-2",2.076924728,2076.924728,"Sub Recent","Bocas","Casa Blanca","orig_df",1.620789402,3.47764264044965
"56","Apogonidae","AT12-1-2-1",2.086939716,2086.939716,"Sub Recent","Bocas","STRI Point","orig_df",1.496958705,3.49416782068325
"57","Apogonidae","AT14-1-8",2.175918365,2175.918365,"Sub Recent","Bocas","Casa Blanca","orig_df",1.611214394,3.64093665560193
"58","Apogonidae","AT14-1-7",2.180811687,2180.811687,"Sub Recent","Bocas","Casa Blanca","orig_df",1.496609675,3.64900554926974
"59","Apogonidae","AT14-1-8",2.366805573,2366.805573,"Sub Recent","Bocas","Casa Blanca","orig_df",1.819834339,3.95551240628244
"60","Apogonidae","AT14-1-1",2.585839296,2585.839296,"Sub Recent","Bocas","Casa Blanca","orig_df",1.816993048,4.31602024426957
"61","Apogonidae","AT14-1-1",2.745724838,2745.724838,"Sub Recent","Bocas","Casa Blanca","orig_df",1.848014555,4.57889375294857
"62","Apogonidae","AT14-1-3",3.208563396,3208.563396,"Sub Recent","Bocas","Casa Blanca","orig_df",2.274090185,5.33865290663561
"63","Apogonidae","AT14-3-3",3.293061933,3293.061933,"Sub Recent","Bocas","Cayo Adriana","orig_df",2.193178266,5.47717998766768
"64","Atherinidae","AT13-12-1-1",0.930783592,930.7835919,"Sub Recent","Bocas","Casa Blanca","orig_df",0.7517435264,1.36681772124904
"65","Atherinidae","AT14-1-3",0.952491165,952.4911648,"Sub Recent","Bocas","Casa Blanca","orig_df",0.7811149641,1.41571265372024
"66","Atherinidae","AT13-12-2-2",0.955525008,955.5250076,"Sub Recent","Bocas","Casa Blanca","orig_df",0.7941440685,1.42259317875452
"67","Atherinidae","AT13-12-1-1",1.012402432,1012.402432,"Sub Recent","Bocas","Casa Blanca","orig_df",0.8295506284,1.55369145648754
"68","Atherinidae","AT14-1-3",1.043253818,1043.253818,"Sub Recent","Bocas","Casa Blanca","orig_df",0.7426073851,1.62644918888615
"69","Atherinidae","AT14-1-3",1.070350584,1070.350584,"Sub Recent","Bocas","Casa Blanca","orig_df",0.8667074632,1.6912911989436
"70","Atherinidae","AT13-12-4-1",1.148629459,1148.629459,"Sub Recent","Bocas","Casa Blanca","orig_df",0.9330063554,1.88344474918227
"71","Atherinidae","AT13-10-2-2",1.150252562,1150.252562,"Sub Recent","Bocas","Punta Caracol","orig_df",0.910283277,1.88750386776919
"72","Atherinidae","AT13-10-1-2",1.156405516,1156.405516,"Sub Recent","Bocas","Punta Caracol","orig_df",0.8966905985,1.90291869043822
"73","Atherinidae","AT13-12-2-2",1.157460543,1157.460543,"Sub Recent","Bocas","Casa Blanca","orig_df",0.9277484584,1.90556615023255
"74","Atherinidae","AT13-12-4-1",1.173540099,1173.540099,"Sub Recent","Bocas","Casa Blanca","orig_df",0.9468577609,1.94607219720892
"75","Atherinidae","AT13-10-1-2",1.200424715,1200.424715,"Sub Recent","Bocas","Punta Caracol","orig_df",0.9206188575,2.01444905570526
"76","Atherinidae","AT13-10-2-2",1.225953164,1225.953164,"Sub Recent","Bocas","Punta Caracol","orig_df",1.066798338,2.08012484590123
"77","Atherinidae","AT13-10-2-2",1.228139667,1228.139667,"Sub Recent","Bocas","Punta Caracol","orig_df",0.9999383534,2.08578359558086
"78","Atherinidae","AT13-12-1-2",1.262807606,1262.807606,"Sub Recent","Bocas","Casa Blanca","orig_df",1.032759658,2.17620908685581
"79","Atherinidae","AT13-12-2-2",1.305157898,1305.157898,"Sub Recent","Bocas","Casa Blanca","orig_df",1.087777545,2.28845106469246
"80","Atherinidae","AT13-12-1-2",1.311050897,1311.050897,"Sub Recent","Bocas","Casa Blanca","orig_df",1.023758735,2.30422283437925
"81","Atherinidae","AT13-10-2-2",1.325083728,1325.083728,"Sub Recent","Bocas","Punta Caracol","orig_df",1.059334062,2.34192944883664
"82","Atherinidae","AT13-12-2-2",1.327838519,1327.838519,"Sub Recent","Bocas","Casa Blanca","orig_df",1.111920689,2.34935634996063
"83","Atherinidae","AT13-10-2-2",1.335448084,1335.448084,"Sub Recent","Bocas","Punta Caracol","orig_df",1.19926763,2.36991369447264
"84","Atherinidae","AT14-1-3",1.34967258,1349.67258,"Sub Recent","Bocas","Casa Blanca","orig_df",1.04575168,2.40850627692566
"85","Atherinidae","AT14-1-3",1.349859412,1349.859412,"Sub Recent","Bocas","Casa Blanca","orig_df",1.092013115,2.40901459811316
"86","Atherinidae","AT13-12-2-2",1.35300664,1353.00664,"Sub Recent","Bocas","Casa Blanca","orig_df",1.126910556,2.41758293103547
"87","Atherinidae","AT13-12-2-2",1.35312151,1353.12151,"Sub Recent","Bocas","Casa Blanca","orig_df",1.170903089,2.41789586274186
"88","Atherinidae","AT13-10-1-2",1.369907202,1369.907202,"Sub Recent","Bocas","Punta Caracol","orig_df",1.096734008,2.46377338116465
"89","Atherinidae","AT13-12-1-2",1.371967598,1371.967598,"Sub Recent","Bocas","Casa Blanca","orig_df",1.163881273,2.46942513692548
"90","Atherinidae","AT13-12-1-1",1.40026675,1400.26675,"Sub Recent","Bocas","Casa Blanca","orig_df",1.091967339,2.54750031346244
"91","Atherinidae","AT14-1-3",1.41446926,1414.46926,"Sub Recent","Bocas","Casa Blanca","orig_df",1.149326162,2.58699806723353
"92","Atherinidae","AT13-12-4-1",1.416334311,1416.334311,"Sub Recent","Bocas","Casa Blanca","orig_df",1.182068098,2.59220036574059
"93","Atherinidae","AT13-12-1-2",1.421384303,1421.384303,"Sub Recent","Bocas","Casa Blanca","orig_df",1.182370326,2.60630464976158
"94","Atherinidae","AT14-1-3",1.421491413,1421.491413,"Sub Recent","Bocas","Casa Blanca","orig_df",1.063475585,2.60660408581524
"95","Atherinidae","AT13-12-2-2",1.445441302,1445.441302,"Sub Recent","Bocas","Casa Blanca","orig_df",1.17325289,2.67385467660565
"96","Atherinidae","AT13-12-1-1",1.467986526,1467.986526,"Sub Recent","Bocas","Casa Blanca","orig_df",1.140097952,2.73769755927202
"97","Atherinidae","AT13-12-1-1",1.473235452,1473.235452,"Sub Recent","Bocas","Casa Blanca","orig_df",1.149560861,2.75263556275068
"98","Atherinidae","AT13-12-4-1",1.48324697,1483.24697,"Sub Recent","Bocas","Casa Blanca","orig_df",1.202978235,2.78120494795313
"99","Atherinidae","AT13-12-4-1",1.536632901,1536.632901,"Sub Recent","Bocas","Casa Blanca","orig_df",1.405602529,2.93525295077418
"100","Atherinidae","AT14-1-3",1.547242447,1547.242447,"Sub Recent","Bocas","Casa Blanca","orig_df",1.294064149,2.96620639344982
"101","Atherinidae","AT13-12-2-2",1.54925372,1549.25372,"Sub Recent","Bocas","Casa Blanca","orig_df",1.255303303,2.97208688814108
"102","Atherinidae","AT13-12-1-2",1.566587147,1566.587147,"Sub Recent","Bocas","Casa Blanca","orig_df",1.36330514,3.02293157558714
"103","Atherinidae","AT14-1-3",1.573992293,1573.992293,"Sub Recent","Bocas","Casa Blanca","orig_df",1.202493549,3.04474364779508
"104","Atherinidae","AT13-12-1-1",1.588851277,1588.851277,"Sub Recent","Bocas","Casa Blanca","orig_df",1.371693593,3.08867367882456
"105","Atherinidae","AT14-1-3",1.624700576,1624.700576,"Sub Recent","Bocas","Casa Blanca","orig_df",1.363651023,3.19554836240577
"106","Atherinidae","AT13-12-2-2",1.636137949,1636.137949,"Sub Recent","Bocas","Casa Blanca","orig_df",1.392383776,3.22990814797074
"107","Atherinidae","AT13-12-4-1",1.638071555,1638.071555,"Sub Recent","Bocas","Casa Blanca","orig_df",1.584650323,3.23572951041163
"108","Atherinidae","AT13-12-2-2",1.64172285,1641.72285,"Sub Recent","Bocas","Casa Blanca","orig_df",1.380376998,3.24673202203386
"109","Atherinidae","AT14-1-3",1.676103043,1676.103043,"Sub Recent","Bocas","Casa Blanca","orig_df",1.3844836,3.3509584594254
"110","Atherinidae","AT13-10-1-2",1.685664245,1685.664245,"Sub Recent","Bocas","Punta Caracol","orig_df",1.379333345,3.38014491653214
"111","Atherinidae","AT13-12-2-2",1.693190256,1693.190256,"Sub Recent","Bocas","Casa Blanca","orig_df",1.4002785,3.40317994997616
"112","Atherinidae","AT13-10-2-2",1.737443995,1737.443995,"Sub Recent","Bocas","Punta Caracol","orig_df",1.458834502,3.53971240667439
"113","Atherinidae","AT13-12-2-2",1.737874482,1737.874482,"Sub Recent","Bocas","Casa Blanca","orig_df",1.422282577,3.5410496093912
"114","Atherinidae","AT13-12-2-2",1.832103657,1832.103657,"Sub Recent","Bocas","Casa Blanca","orig_df",1.528393304,3.83789645021165
"115","Atherinidae","AT13-12-4-1",1.85601688,1856.01688,"Sub Recent","Bocas","Casa Blanca","orig_df",1.642471986,3.91452919488353
"116","Atherinidae","AT14-1-3",1.858346262,1858.346262,"Sub Recent","Bocas","Casa Blanca","orig_df",1.807252424,3.9220218038284
"117","Atherinidae","AT13-12-1-1",1.862734897,1862.734897,"Sub Recent","Bocas","Casa Blanca","orig_df",1.57051719,3.93615152138025
"118","Atherinidae","AT14-1-3",1.885978846,1885.978846,"Sub Recent","Bocas","Casa Blanca","orig_df",1.718496317,4.01127900251937
"119","Atherinidae","AT13-10-2-2",1.891062834,1891.062834,"Sub Recent","Bocas","Punta Caracol","orig_df",1.664919018,4.02777616396646
"120","Atherinidae","AT13-12-1-2",1.901800672,1901.800672,"Sub Recent","Bocas","Casa Blanca","orig_df",1.515437014,4.06269612861356
"121","Atherinidae","AT13-12-2-2",1.947132731,1947.132731,"Sub Recent","Bocas","Casa Blanca","orig_df",1.737629401,4.21125661538598
"122","Atherinidae","AT14-1-3",2.09159646,2091.59646,"Sub Recent","Bocas","Casa Blanca","orig_df",1.988654514,4.69677111635034
"123","Bregmacerotidae","AT13-10-4-1",1.034036091,1034.036091,"Sub Recent","Bocas","Punta Caracol","orig_df",1.007194356,5.39296124833932
"124","Bregmacerotidae","AT14-2-5",1.137792786,1137.792786,"Sub Recent","Bocas","Punta Donato","orig_df",1.072652395,5.80767668509542
"125","Bregmacerotidae","AT14-2-5",1.234117149,1234.117149,"Sub Recent","Bocas","Punta Donato","orig_df",1.144673284,6.18510826683148
"126","Bregmacerotidae","AT13-10-4-1",1.283501898,1283.501898,"Sub Recent","Bocas","Punta Caracol","orig_df",1.12656524,6.3760226326846
"127","Bregmacerotidae","AT13-10-1-1",1.341703179,1341.703179,"Sub Recent","Bocas","Punta Caracol","orig_df",1.010681979,6.5989111361526
"128","Bregmacerotidae","AT14-2-5",1.381392832,1381.392832,"Sub Recent","Bocas","Punta Donato","orig_df",1.208743771,6.74965724041051
"129","Bregmacerotidae","AT13-10-1-1",1.532034122,1532.034122,"Sub Recent","Bocas","Punta Caracol","orig_df",1.415306399,7.31323537464063
"130","Engraulidae","AT12-1-3-1",1.312643171,1312.643171,"Sub Recent","Bocas","STRI Point","orig_df",0.9616788971,4.39089947964209
"131","Engraulidae","AT13-10-1-2",1.344890509,1344.890509,"Sub Recent","Bocas","Punta Caracol","orig_df",0.7619573841,4.51142538399844
"132","Engraulidae","AT14-3-1",1.451838414,1451.838414,"Sub Recent","Bocas","Cayo Adriana","orig_df",0.9771840291,4.91350812963911
"133","Engraulidae","AT12-1-3-1",1.469008697,1469.008697,"Sub Recent","Bocas","STRI Point","orig_df",0.9032799001,4.97838861134002
"134","Engraulidae","AT13-10-1-1",1.486565444,1486.565444,"Sub Recent","Bocas","Punta Caracol","orig_df",1.037232192,5.04482022608679
"135","Engraulidae","AT13-10-1-2",1.492078974,1492.078974,"Sub Recent","Bocas","Punta Caracol","orig_df",1.013456497,5.06570124096307
"136","Engraulidae","AT13-10-1-1",1.525905849,1525.905849,"Sub Recent","Bocas","Punta Caracol","orig_df",1.056190069,5.19400589957706
"137","Engraulidae","AT13-10-1-1",1.581430642,1581.430642,"Sub Recent","Bocas","Punta Caracol","orig_df",0.868039851,5.4053220846163
"138","Engraulidae","AT14-2-2",1.62425385,1624.25385,"Sub Recent","Bocas","Punta Donato","orig_df",1.286522115,5.56888786421897
"139","Engraulidae","AT14-2-2",1.695430619,1695.430619,"Sub Recent","Bocas","Punta Donato","orig_df",1.105713601,5.84185230082982
"140","Engraulidae","AT14-1-2",1.697241615,1697.241615,"Sub Recent","Bocas","Casa Blanca","orig_df",1.008689619,5.84881506953213
"141","Engraulidae","AT14-2-2",1.698911526,1698.911526,"Sub Recent","Bocas","Punta Donato","orig_df",1.023164099,5.85523616835615
"142","Engraulidae","AT14-1-2",1.705109523,1705.109523,"Sub Recent","Bocas","Casa Blanca","orig_df",1.030090021,5.87907493011368
"143","Engraulidae","AT14-3-1",1.779019055,1779.019055,"Sub Recent","Bocas","Cayo Adriana","orig_df",1.132429371,6.16411031558987
"144","Engraulidae","AT12-1-3-1",1.784551958,1784.551958,"Sub Recent","Bocas","STRI Point","orig_df",1.006749648,6.18550412095175
"145","Engraulidae","AT14-3-1",1.801332453,1801.332453,"Sub Recent","Bocas","Cayo Adriana","orig_df",1.152904364,6.25043531533392
"146","Engraulidae","AT14-3-1",1.802021577,1802.021577,"Sub Recent","Bocas","Cayo Adriana","orig_df",1.113297469,6.25310334386581
"147","Engraulidae","AT14-2-2",1.806741349,1806.741349,"Sub Recent","Bocas","Punta Donato","orig_df",1.039926017,6.27137969542646
"148","Engraulidae","AT14-2-2",1.815816072,1815.816072,"Sub Recent","Bocas","Punta Donato","orig_df",1.071085507,6.30653522282012
"149","Engraulidae","AT12-1-3-1",1.821502152,1821.502152,"Sub Recent","Bocas","STRI Point","orig_df",1.100970361,6.32857350055606
"150","Engraulidae","AT14-1-2",1.830172512,1830.172512,"Sub Recent","Bocas","Casa Blanca","orig_df",1.061309293,6.36219366367938
"151","Engraulidae","AT14-1-2",1.8617855,1861.7855,"Sub Recent","Bocas","Casa Blanca","orig_df",1.027543623,6.48493172090438
"152","Engraulidae","AT14-1-2",1.943230835,1943.230835,"Sub Recent","Bocas","Casa Blanca","orig_df",1.041280409,6.80224873998171
"153","Engraulidae","AT14-1-2",1.958585536,1958.585536,"Sub Recent","Bocas","Casa Blanca","orig_df",1.014912627,6.86224644915126
"154","Engraulidae","AT14-2-2",1.973751053,1973.751053,"Sub Recent","Bocas","Punta Donato","orig_df",0.9507650068,6.92155840051129
"155","Engraulidae","AT14-3-1",2.013157873,2013.157873,"Sub Recent","Bocas","Cayo Adriana","orig_df",1.288022796,7.07592331923838
"156","Engraulidae","AT14-3-1",2.019806284,2019.806284,"Sub Recent","Bocas","Cayo Adriana","orig_df",1.265818469,7.1020012513508
"157","Engraulidae","AT14-1-2",2.038184984,2038.184984,"Sub Recent","Bocas","Casa Blanca","orig_df",1.122733648,7.17414204902804
"158","Engraulidae","AT14-2-2",2.047755404,2047.755404,"Sub Recent","Bocas","Punta Donato","orig_df",1.071220691,7.2117381063191
"159","Engraulidae","AT14-1-2",2.049119021,2049.119021,"Sub Recent","Bocas","Casa Blanca","orig_df",1.287070318,7.21709654290177
"160","Engraulidae","AT14-2-2",2.059864996,2059.864996,"Sub Recent","Bocas","Punta Donato","orig_df",1.411285134,7.25933809169193
"161","Engraulidae","AT14-1-2",2.068315484,2068.315484,"Sub Recent","Bocas","Casa Blanca","orig_df",1.117495538,7.2925741966152
"162","Engraulidae","AT14-1-2",2.06847298,2068.47298,"Sub Recent","Bocas","Casa Blanca","orig_df",1.061102868,7.29319378405261
"163","Engraulidae","AT14-3-1",2.095029332,2095.029332,"Sub Recent","Bocas","Cayo Adriana","orig_df",1.287478735,7.39774396058675
"164","Engraulidae","AT14-3-1",2.144358141,2144.358141,"Sub Recent","Bocas","Cayo Adriana","orig_df",1.33829699,7.59235356239633
"165","Engraulidae","AT14-1-2",2.155882707,2155.882707,"Sub Recent","Bocas","Casa Blanca","orig_df",1.4513266,7.63789488304634
"166","Engraulidae","AT14-2-2",2.201602312,2201.602312,"Sub Recent","Bocas","Punta Donato","orig_df",1.154777782,7.81884027082635
"167","Engraulidae","AT14-2-2",2.226526513,2226.526513,"Sub Recent","Bocas","Punta Donato","orig_df",1.116015549,7.91766720325703
"168","Engraulidae","AT14-2-2",2.361219018,2361.219018,"Sub Recent","Bocas","Punta Donato","orig_df",1.397833647,8.4539223617411
"169","Engraulidae","AT14-2-2",2.380814445,2380.814445,"Sub Recent","Bocas","Punta Donato","orig_df",1.724293443,8.53223860292712
"170","Engraulidae","AT13-10-1-1",2.405554924,2405.554924,"Sub Recent","Bocas","Punta Caracol","orig_df",1.417208227,8.63122441553747
"171","Engraulidae","AT14-2-2",2.435383131,2435.383131,"Sub Recent","Bocas","Punta Donato","orig_df",1.178804083,8.7507227328998
"172","Engraulidae","AT14-2-2",2.504216802,2504.216802,"Sub Recent","Bocas","Punta Donato","orig_df",1.674913522,9.02712948696226
"173","Engraulidae","AT14-2-2",2.671293781,2671.293781,"Sub Recent","Bocas","Punta Donato","orig_df",1.747031537,9.70166266939224
"174","Engraulidae","AT14-2-2",2.900392734,2900.392734,"Sub Recent","Bocas","Punta Donato","orig_df",1.802913017,10.6345149784813
"175","Gerreidae","AT13-12-4-2",0.98320843,983.2084303,"Sub Recent","Bocas","Casa Blanca","orig_df",0.7217050023,2.67689249481551
"176","Gerreidae","AT13-12-4-2",1.28726986,1287.26986,"Sub Recent","Bocas","Casa Blanca","orig_df",0.8991814462,3.54565088060333
"177","Gerreidae","AT13-12-1-1",1.567334875,1567.334875,"Sub Recent","Bocas","Casa Blanca","orig_df",1.122261679,4.35382438725426
"178","Gerreidae","AT13-12-4-2",2.033410309,2033.410309,"Sub Recent","Bocas","Casa Blanca","orig_df",1.440639001,5.71221501706442
"179","Gerreidae","AT13-12-1-1",3.443870649,3443.870649,"Sub Recent","Bocas","Casa Blanca","orig_df",2.198865628,9.8965379640819
"180","Gobiidae","AT14-2-2",0.607489825,607.4898252,"Sub Recent","Bocas","Punta Donato","orig_df",0.5389617248,1.56169060369341
"181","Gobiidae","AT14-2-2",0.64669726,646.6972604,"Sub Recent","Bocas","Punta Donato","orig_df",0.6638111708,1.66907035119804
"182","Gobiidae","AT14-2-2",0.648851015,648.8510153,"Sub Recent","Bocas","Punta Donato","orig_df",0.7754351765,1.67498114092185
"183","Gobiidae","AT14-2-1",0.649196822,649.1968219,"Sub Recent","Bocas","Punta Donato","orig_df",0.7046639994,1.67593029329489
"184","Gobiidae","AT14-2-2",0.649242366,649.2423662,"Sub Recent","Bocas","Punta Donato","orig_df",0.4837612161,1.67605530238883
"185","Gobiidae","AT14-2-2",0.649737337,649.7373365,"Sub Recent","Bocas","Punta Donato","orig_df",0.7525487021,1.67741393370502
"186","Gobiidae","AT14-2-2",0.681145316,681.1453158,"Sub Recent","Bocas","Punta Donato","orig_df",0.5965879232,1.76375667227787
"187","Gobiidae","AT14-2-2",0.682453717,682.4537171,"Sub Recent","Bocas","Punta Donato","orig_df",0.7131480541,1.76735910625638
"188","Gobiidae","AT14-2-2",0.688217376,688.217376,"Sub Recent","Bocas","Punta Donato","orig_df",0.7137303157,1.78323343736975
"189","Gobiidae","AT14-2-1",0.694305124,694.3051244,"Sub Recent","Bocas","Punta Donato","orig_df",0.5972566783,1.80000950832711
"190","Gobiidae","AT14-2-1",0.694383826,694.383826,"Sub Recent","Bocas","Punta Donato","orig_df",0.6423245963,1.80022644933905
"191","Gobiidae","AT14-2-2",0.695791644,695.7916436,"Sub Recent","Bocas","Punta Donato","orig_df",0.6881980824,1.80410734336965
"192","Gobiidae","AT14-2-2",0.695801597,695.8015974,"Sub Recent","Bocas","Punta Donato","orig_df",0.6777707437,1.80413478230606
"193","Gobiidae","AT14-2-2",0.69598116,695.9811603,"Sub Recent","Bocas","Punta Donato","orig_df",0.6807557727,1.80462981497633
"194","Gobiidae","AT14-2-2",0.698011582,698.0115818,"Sub Recent","Bocas","Punta Donato","orig_df",0.8118537593,1.81022799531036
"195","Gobiidae","AT14-2-1",0.698310141,698.3101413,"Sub Recent","Bocas","Punta Donato","orig_df",0.6162355251,1.81105125451577
"196","Gobiidae","AT14-2-2",0.699522886,699.5228862,"Sub Recent","Bocas","Punta Donato","orig_df",0.5991112224,1.81439555757843
"197","Gobiidae","AT14-2-2",0.700931083,700.9310832,"Sub Recent","Bocas","Punta Donato","orig_df",0.646463639,1.81827930513502
"198","Gobiidae","AT14-2-1",0.70693011,706.9301098,"Sub Recent","Bocas","Punta Donato","orig_df",0.5216864281,1.83482988431338
"199","Gobiidae","AT14-2-1",0.70783409,707.8340899,"Sub Recent","Bocas","Punta Donato","orig_df",0.7249165682,1.83732462612883
"200","Gobiidae","AT14-2-2",0.709988769,709.9887685,"Sub Recent","Bocas","Punta Donato","orig_df",0.6540237152,1.84327177302161
"201","Gobiidae","AT14-2-2",0.723699918,723.6999176,"Sub Recent","Bocas","Punta Donato","orig_df",0.5594372952,1.88114263321845
"202","Gobiidae","AT14-2-2",0.72385826,723.8582604,"Sub Recent","Bocas","Punta Donato","orig_df",0.5920966768,1.88158024825949
"203","Gobiidae","AT14-2-1",0.725826096,725.8260964,"Sub Recent","Bocas","Punta Donato","orig_df",0.7097099027,1.887019326629
"204","Gobiidae","AT14-1-2",0.726112035,726.1120354,"Sub Recent","Bocas","Casa Blanca","orig_df",0.581496776,1.88780973672679
"205","Gobiidae","AT14-2-2",0.730790931,730.790931,"Sub Recent","Bocas","Punta Donato","orig_df",0.6381898004,1.90074621856491
"206","Gobiidae","AT14-2-2",0.731078894,731.0788944,"Sub Recent","Bocas","Punta Donato","orig_df",0.9227589972,1.90154256674685
"207","Gobiidae","AT14-2-1",0.73348144,733.4814402,"Sub Recent","Bocas","Punta Donato","orig_df",0.7540093305,1.90818746755332
"208","Gobiidae","AT14-2-2",0.735147125,735.1471248,"Sub Recent","Bocas","Punta Donato","orig_df",0.9026186923,1.9127951851413
"209","Gobiidae","AT14-1-2",0.736985637,736.9856374,"Sub Recent","Bocas","Casa Blanca","orig_df",0.6876987206,1.91788175362467
"210","Gobiidae","AT14-1-2",0.739903526,739.9035261,"Sub Recent","Bocas","Casa Blanca","orig_df",0.6242398004,1.92595625613058
"211","Gobiidae","AT14-2-2",0.745022137,745.0221373,"Sub Recent","Bocas","Punta Donato","orig_df",0.5982576828,1.94012554762603
"212","Gobiidae","AT14-3-4",0.74664661,746.6466098,"Sub Recent","Bocas","Cayo Adriana","orig_df",0.6340014359,1.94462368776481
"213","Gobiidae","AT12-1-2-2",0.747731502,747.7315018,"Sub Recent","Bocas","STRI Point","orig_df",0.6941087292,1.94762808138438
"214","Gobiidae","AT14-2-2",0.747920194,747.920194,"Sub Recent","Bocas","Punta Donato","orig_df",0.6637083001,1.94815065467643
"215","Gobiidae","AT14-3-4",0.749232407,749.2324073,"Sub Recent","Bocas","Cayo Adriana","orig_df",0.5944638571,1.95178499506775
"216","Gobiidae","AT14-2-2",0.750529589,750.5295887,"Sub Recent","Bocas","Punta Donato","orig_df",0.6642634567,1.95537810084714
"217","Gobiidae","AT14-2-2",0.750562421,750.5624208,"Sub Recent","Bocas","Punta Donato","orig_df",0.8318982274,1.95546904834925
"218","Gobiidae","AT14-2-2",0.753492245,753.4922453,"Sub Recent","Bocas","Punta Donato","orig_df",0.6050565907,1.96358592792022
"219","Gobiidae","AT14-2-2",0.75419965,754.1996504,"Sub Recent","Bocas","Punta Donato","orig_df",0.6298708958,1.96554604514211
"220","Gobiidae","AT12-1-2-2",0.754374853,754.3748527,"Sub Recent","Bocas","STRI Point","orig_df",0.5149550911,1.96603152535191
"221","Gobiidae","AT14-2-1",0.755911833,755.9118327,"Sub Recent","Bocas","Punta Donato","orig_df",0.8264114489,1.97029073832678
"222","Gobiidae","AT14-2-2",0.756231718,756.2317178,"Sub Recent","Bocas","Punta Donato","orig_df",0.7977658467,1.97117725879111
"223","Gobiidae","AT14-2-2",0.757629054,757.629054,"Sub Recent","Bocas","Punta Donato","orig_df",0.740056134,1.97505007515211
"224","Gobiidae","AT14-3-6",0.760182091,760.1820905,"Sub Recent","Bocas","Cayo Adriana","orig_df",0.6451850533,1.98212716530473
"225","Gobiidae","AT12-1-4-1",0.760991477,760.9914765,"Sub Recent","Bocas","STRI Point","orig_df",0.6227633778,1.98437112003171
"226","Gobiidae","AT14-2-2",0.761526792,761.5267915,"Sub Recent","Bocas","Punta Donato","orig_df",0.8402456067,1.98585531885361
"227","Gobiidae","AT14-2-2",0.761592471,761.5924714,"Sub Recent","Bocas","Punta Donato","orig_df",0.8022203295,1.98603742308642
"228","Gobiidae","AT12-1-4-1",0.764349797,764.3497974,"Sub Recent","Bocas","STRI Point","orig_df",0.660589603,1.99368339089457
"229","Gobiidae","AT14-2-2",0.781745531,781.7455312,"Sub Recent","Bocas","Punta Donato","orig_df",0.5286745958,2.04196112861324
"230","Gobiidae","AT14-2-2",0.789483224,789.4832243,"Sub Recent","Bocas","Punta Donato","orig_df",0.7926951058,2.06345719237223
"231","Gobiidae","AT14-2-2",0.789583403,789.583403,"Sub Recent","Bocas","Punta Donato","orig_df",0.7003468601,2.06373558703155
"232","Gobiidae","AT14-2-1",0.791568846,791.5688463,"Sub Recent","Bocas","Punta Donato","orig_df",0.8438178591,2.06925353846267
"233","Gobiidae","AT14-2-2",0.793637729,793.6377293,"Sub Recent","Bocas","Punta Donato","orig_df",0.5852985859,2.07500431789332
"234","Gobiidae","AT14-2-1",0.794171439,794.1714385,"Sub Recent","Bocas","Punta Donato","orig_df",0.8170297867,2.07648800109259
"235","Gobiidae","AT14-1-2",0.79536403,795.3640301,"Sub Recent","Bocas","Casa Blanca","orig_df",0.6623648894,2.07980356350016
"236","Gobiidae","AT12-1-4-1",0.795709999,795.7099992,"Sub Recent","Bocas","STRI Point","orig_df",0.7323922138,2.080765462421
"237","Gobiidae","AT14-2-2",0.798999792,798.999792,"Sub Recent","Bocas","Punta Donato","orig_df",0.7676790387,2.08991340626831
"238","Gobiidae","AT14-2-2",0.803659405,803.6594048,"Sub Recent","Bocas","Punta Donato","orig_df",0.8871295073,2.10287448977703
"239","Gobiidae","AT14-2-2",0.804129774,804.1297738,"Sub Recent","Bocas","Punta Donato","orig_df",0.8613476711,2.10418312304091
"240","Gobiidae","AT12-1-4-1",0.804775172,804.775172,"Sub Recent","Bocas","STRI Point","orig_df",0.6764466399,2.10597879057659
"241","Gobiidae","AT14-2-2",0.805336226,805.3362263,"Sub Recent","Bocas","Punta Donato","orig_df",0.6996570355,2.10753986484355
"242","Gobiidae","AT14-2-2",0.810844256,810.844256,"Sub Recent","Bocas","Punta Donato","orig_df",0.7212246654,2.12286902896046
"243","Gobiidae","AT14-2-2",0.81235142,812.3514197,"Sub Recent","Bocas","Punta Donato","orig_df",0.7494211546,2.12706470245514
"244","Gobiidae","AT14-2-2",0.813800979,813.8009791,"Sub Recent","Bocas","Punta Donato","orig_df",0.6332545813,2.13110047841773
"245","Gobiidae","AT14-2-2",0.815845733,815.8457333,"Sub Recent","Bocas","Punta Donato","orig_df",0.869824585,2.13679413365442
"246","Gobiidae","AT12-1-3-1",0.818051848,818.0518481,"Sub Recent","Bocas","STRI Point","orig_df",0.6691328914,2.14293811360476
"247","Gobiidae","AT12-1-4-1",0.81818087,818.1808697,"Sub Recent","Bocas","STRI Point","orig_df",0.696991598,2.14329746939072
"248","Gobiidae","AT12-1-4-1",0.821451457,821.4514572,"Sub Recent","Bocas","STRI Point","orig_df",0.6852070185,2.1524079977147
"249","Gobiidae","AT14-1-2",0.822313745,822.3137445,"Sub Recent","Bocas","Casa Blanca","orig_df",0.7253404765,2.15481036470516
"250","Gobiidae","AT14-2-2",0.822313762,822.3137619,"Sub Recent","Bocas","Punta Donato","orig_df",0.8227073127,2.15481041206938
"251","Gobiidae","AT14-2-2",0.822479673,822.479673,"Sub Recent","Bocas","Punta Donato","orig_df",0.7775469673,2.15527266467252
"252","Gobiidae","AT12-1-4-1",0.822903724,822.9037241,"Sub Recent","Bocas","STRI Point","orig_df",0.6661708693,2.15645416031687
"253","Gobiidae","AT12-1-1-1",0.822943901,822.9439006,"Sub Recent","Bocas","STRI Point","orig_df",0.5396268436,2.15656610392116
"254","Gobiidae","AT14-2-2",0.823493194,823.4931937,"Sub Recent","Bocas","Punta Donato","orig_df",0.9282883824,2.1580966121867
"255","Gobiidae","AT12-1-2-2",0.826751231,826.751231,"Sub Recent","Bocas","STRI Point","orig_df",0.7013600328,2.16717588456774
"256","Gobiidae","AT14-1-8",0.828364314,828.3643138,"Sub Recent","Bocas","Casa Blanca","orig_df",0.7457318692,2.17167195085573
"257","Gobiidae","AT14-2-2",0.832356688,832.3566875,"Sub Recent","Bocas","Punta Donato","orig_df",0.6902224988,2.18280207589524
"258","Gobiidae","AT12-1-4-1",0.832517867,832.5178668,"Sub Recent","Bocas","STRI Point","orig_df",0.7443546461,2.18325148918183
"259","Gobiidae","AT14-2-2",0.832671183,832.6711827,"Sub Recent","Bocas","Punta Donato","orig_df",0.7416778748,2.18367898327497
"260","Gobiidae","AT14-2-2",0.83617576,836.1757599,"Sub Recent","Bocas","Punta Donato","orig_df",0.7290187566,2.19345222156473
"261","Gobiidae","AT14-2-2",0.838067033,838.0670332,"Sub Recent","Bocas","Punta Donato","orig_df",0.6280903944,2.19872750465882
"262","Gobiidae","AT14-2-1",0.839694056,839.6940564,"Sub Recent","Bocas","Punta Donato","orig_df",0.58099026,2.20326632396326
"263","Gobiidae","AT14-2-1",0.842792363,842.7923626,"Sub Recent","Bocas","Punta Donato","orig_df",0.7439587622,2.21191104292573
"264","Gobiidae","AT14-3-4",0.8433938,843.3938002,"Sub Recent","Bocas","Cayo Adriana","orig_df",0.6946633632,2.2135893712024
"265","Gobiidae","AT14-2-1",0.844076154,844.0761538,"Sub Recent","Bocas","Punta Donato","orig_df",0.563578855,2.21549359247565
"266","Gobiidae","AT12-1-3-1",0.84661207,846.6120703,"Sub Recent","Bocas","STRI Point","orig_df",0.7343152523,2.22257133651479
"267","Gobiidae","AT14-3-6",0.847114707,847.1147065,"Sub Recent","Bocas","Cayo Adriana","orig_df",0.7329083483,2.22397435620574
"268","Gobiidae","AT14-2-2",0.847468919,847.4689192,"Sub Recent","Bocas","Punta Donato","orig_df",0.6163444273,2.22496310614999
"269","Gobiidae","AT14-2-1",0.849452336,849.4523364,"Sub Recent","Bocas","Punta Donato","orig_df",0.6438482927,2.23050011332396
"270","Gobiidae","AT12-1-4-1",0.849958974,849.9589736,"Sub Recent","Bocas","STRI Point","orig_df",0.7399536866,2.23191460074935
"271","Gobiidae","AT12-1-3-1",0.850750617,850.7506167,"Sub Recent","Bocas","STRI Point","orig_df",0.6768786958,2.23412490306454
"272","Gobiidae","AT12-1-1-1",0.850877864,850.8778635,"Sub Recent","Bocas","STRI Point","orig_df",0.740371899,2.23448019446023
"273","Gobiidae","AT14-2-1",0.853316063,853.3160626,"Sub Recent","Bocas","Punta Donato","orig_df",0.718920032,2.24128863504112
"274","Gobiidae","AT14-2-2",0.855998867,855.9988673,"Sub Recent","Bocas","Punta Donato","orig_df",0.7505092044,2.24878153351419
"275","Gobiidae","AT14-2-2",0.858940362,858.940362,"Sub Recent","Bocas","Punta Donato","orig_df",0.6165570179,2.25699864599127
"276","Gobiidae","AT14-2-2",0.861573694,861.5736943,"Sub Recent","Bocas","Punta Donato","orig_df",0.6906409633,2.26435641022898
"277","Gobiidae","AT12-1-3-1",0.86196132,861.9613195,"Sub Recent","Bocas","STRI Point","orig_df",0.733038647,2.26543959199248
"278","Gobiidae","AT14-2-2",0.862321797,862.3217968,"Sub Recent","Bocas","Punta Donato","orig_df",0.617746707,2.26644693625677
"279","Gobiidae","AT14-1-2",0.863128582,863.1285824,"Sub Recent","Bocas","Casa Blanca","orig_df",0.7000305016,2.26870157391905
"280","Gobiidae","AT14-2-1",0.863633597,863.633597,"Sub Recent","Bocas","Punta Donato","orig_df",1.017736828,2.27011295435158
"281","Gobiidae","AT14-2-2",0.864537414,864.5374142,"Sub Recent","Bocas","Punta Donato","orig_df",0.7364552826,2.27263900885507
"282","Gobiidae","AT14-2-2",0.86473335,864.7333499,"Sub Recent","Bocas","Punta Donato","orig_df",0.8068775871,2.27318664729071
"283","Gobiidae","AT12-1-4-1",0.864970578,864.9705783,"Sub Recent","Bocas","STRI Point","orig_df",0.7078806359,2.27384970680213
"284","Gobiidae","AT12-1-4-1",0.866783712,866.7837118,"Sub Recent","Bocas","STRI Point","orig_df",0.7401633678,2.27891785136757
"285","Gobiidae","AT14-2-2",0.867658326,867.6583264,"Sub Recent","Bocas","Punta Donato","orig_df",0.6887051914,2.28136284713662
"286","Gobiidae","AT14-2-2",0.869210113,869.2101133,"Sub Recent","Bocas","Punta Donato","orig_df",0.9106622679,2.28570127306537
"287","Gobiidae","AT14-2-1",0.869368144,869.3681436,"Sub Recent","Bocas","Punta Donato","orig_df",0.8606712443,2.28614311750263
"288","Gobiidae","AT14-2-2",0.870354838,870.354838,"Sub Recent","Bocas","Punta Donato","orig_df",0.6255983502,2.28890196481957
"289","Gobiidae","AT14-2-1",0.872392411,872.3924106,"Sub Recent","Bocas","Punta Donato","orig_df",0.6560501965,2.29459974973328
"290","Gobiidae","AT14-2-1",0.872637257,872.637257,"Sub Recent","Bocas","Punta Donato","orig_df",0.6832840659,2.29528448364547
"291","Gobiidae","AT12-1-4-1",0.87322542,873.2254204,"Sub Recent","Bocas","STRI Point","orig_df",0.7899332752,2.29692938413858
"292","Gobiidae","AT14-1-2",0.874147638,874.1476377,"Sub Recent","Bocas","Casa Blanca","orig_df",0.7132795693,2.29950866878484
"293","Gobiidae","AT14-2-2",0.874942934,874.9429344,"Sub Recent","Bocas","Punta Donato","orig_df",0.7084196763,2.30173311268539
"294","Gobiidae","AT12-1-4-1",0.876215569,876.2155691,"Sub Recent","Bocas","STRI Point","orig_df",0.6982533318,2.30529294033051
"295","Gobiidae","AT12-1-4-1",0.876732711,876.7327111,"Sub Recent","Bocas","STRI Point","orig_df",0.7395829381,2.30673958867899
"296","Gobiidae","AT14-2-2",0.876931159,876.931159,"Sub Recent","Bocas","Punta Donato","orig_df",0.701014875,2.30729473964563
"297","Gobiidae","AT14-2-1",0.877183321,877.183321,"Sub Recent","Bocas","Punta Donato","orig_df",0.762119481,2.30800016500849
"298","Gobiidae","AT14-2-2",0.879538523,879.5385226,"Sub Recent","Bocas","Punta Donato","orig_df",0.6682258258,2.31458948162016
"299","Gobiidae","AT14-2-1",0.879564035,879.5640354,"Sub Recent","Bocas","Punta Donato","orig_df",0.8840003941,2.31466086447637
"300","Gobiidae","AT12-1-4-1",0.881535079,881.5350793,"Sub Recent","Bocas","STRI Point","orig_df",0.7627764889,2.32017626278477
"301","Gobiidae","AT12-1-4-1",0.882007481,882.0074811,"Sub Recent","Bocas","STRI Point","orig_df",0.750451904,2.3214982594898
"302","Gobiidae","AT14-2-2",0.882540165,882.5401648,"Sub Recent","Bocas","Punta Donato","orig_df",0.6577886887,2.32298900649249
"303","Gobiidae","AT12-1-4-1",0.882831933,882.8319328,"Sub Recent","Bocas","STRI Point","orig_df",0.7220343068,2.32380556024686
"304","Gobiidae","AT14-2-2",0.887522975,887.5229754,"Sub Recent","Bocas","Punta Donato","orig_df",0.7333084912,2.33693643985751
"305","Gobiidae","AT12-1-4-1",0.887737624,887.7376239,"Sub Recent","Bocas","STRI Point","orig_df",0.7089883088,2.33753737747934
"306","Gobiidae","AT14-2-1",0.889002327,889.002327,"Sub Recent","Bocas","Punta Donato","orig_df",0.7856072164,2.34107826349885
"307","Gobiidae","AT14-3-6",0.891548059,891.5480591,"Sub Recent","Bocas","Cayo Adriana","orig_df",0.7275395538,2.3482067102333
"308","Gobiidae","AT12-1-3-1",0.891813476,891.8134756,"Sub Recent","Bocas","STRI Point","orig_df",0.7351090945,2.34894999339926
"309","Gobiidae","AT14-3-6",0.891859068,891.8590683,"Sub Recent","Bocas","Cayo Adriana","orig_df",0.6947480704,2.34907767225855
"310","Gobiidae","AT14-2-1",0.89464385,894.6438496,"Sub Recent","Bocas","Punta Donato","orig_df",0.715048738,2.35687714218047
"311","Gobiidae","AT14-2-2",0.895196503,895.1965026,"Sub Recent","Bocas","Punta Donato","orig_df",0.9978915796,2.35842516615969
"312","Gobiidae","AT14-1-2",0.896059096,896.0590957,"Sub Recent","Bocas","Casa Blanca","orig_df",0.751086918,2.36084147691884
"313","Gobiidae","AT14-2-2",0.896783631,896.7836307,"Sub Recent","Bocas","Punta Donato","orig_df",0.5816281801,2.36287117084015
"314","Gobiidae","AT14-1-2",0.896939849,896.9398485,"Sub Recent","Bocas","Casa Blanca","orig_df",0.7424088156,2.36330880956478
"315","Gobiidae","AT14-2-2",0.897845883,897.8458827,"Sub Recent","Bocas","Punta Donato","orig_df",0.7534918095,2.36584712402448
"316","Gobiidae","AT14-2-2",0.900878299,900.8782988,"Sub Recent","Bocas","Punta Donato","orig_df",0.6124743054,2.37434381641785
"317","Gobiidae","AT12-1-4-1",0.903032833,903.0328325,"Sub Recent","Bocas","STRI Point","orig_df",0.8051613412,2.38038182263339
"318","Gobiidae","AT14-1-8",0.903049255,903.0492552,"Sub Recent","Bocas","Casa Blanca","orig_df",0.734171656,2.38042784821541
"319","Gobiidae","AT14-3-4",0.903539892,903.5398919,"Sub Recent","Bocas","Cayo Adriana","orig_df",0.7979961501,2.38180297026693
"320","Gobiidae","AT12-1-3-1",0.904127794,904.1277944,"Sub Recent","Bocas","STRI Point","orig_df",0.7839311763,2.38345076184401
"321","Gobiidae","AT14-3-4",0.904563439,904.5634391,"Sub Recent","Bocas","Cayo Adriana","orig_df",0.7479299894,2.38467184607001
"322","Gobiidae","AT14-3-4",0.905035337,905.0353372,"Sub Recent","Bocas","Cayo Adriana","orig_df",0.740353033,2.38599458702528
"323","Gobiidae","AT12-1-4-1",0.905517508,905.5175083,"Sub Recent","Bocas","STRI Point","orig_df",0.7505113788,2.38734616848509
"324","Gobiidae","AT14-2-2",0.905916949,905.9169494,"Sub Recent","Bocas","Punta Donato","orig_df",1.001538601,2.38846588259064
"325","Gobiidae","AT12-1-4-1",0.906316213,906.316213,"Sub Recent","Bocas","STRI Point","orig_df",0.7555856436,2.38958513172948
"326","Gobiidae","AT14-2-2",0.907327504,907.327504,"Sub Recent","Bocas","Punta Donato","orig_df",0.8911144043,2.39242020393592
"327","Gobiidae","AT14-3-4",0.910725147,910.7251468,"Sub Recent","Bocas","Cayo Adriana","orig_df",0.7716136502,2.4019466825015
"328","Gobiidae","AT14-2-2",0.911074069,911.0740688,"Sub Recent","Bocas","Punta Donato","orig_df",0.7926555321,2.40292513456885
"329","Gobiidae","AT12-1-4-1",0.911584193,911.584193,"Sub Recent","Bocas","STRI Point","orig_df",0.7178143957,2.40435567423738
"330","Gobiidae","AT14-2-1",0.912554001,912.5540012,"Sub Recent","Bocas","Punta Donato","orig_df",0.66197205,2.40707544437074
"331","Gobiidae","AT14-2-1",0.912895733,912.895733,"Sub Recent","Bocas","Punta Donato","orig_df",0.7152025208,2.40803385545146
"332","Gobiidae","AT12-1-2-2",0.914917348,914.9173475,"Sub Recent","Bocas","STRI Point","orig_df",0.4948533701,2.41370407868125
"333","Gobiidae","AT12-1-4-1",0.916446135,916.4461346,"Sub Recent","Bocas","STRI Point","orig_df",0.7150201558,2.41799254479455
"334","Gobiidae","AT12-1-3-1",0.916630469,916.6304689,"Sub Recent","Bocas","STRI Point","orig_df",0.8032582394,2.41850965859719
"335","Gobiidae","AT14-2-2",0.917807859,917.8078591,"Sub Recent","Bocas","Punta Donato","orig_df",0.7757225673,2.42181275628327
"336","Gobiidae","AT14-2-1",0.918962705,918.9627049,"Sub Recent","Bocas","Punta Donato","orig_df",0.5432132353,2.42505286843553
"337","Gobiidae","AT14-2-2",0.92027999,920.2799898,"Sub Recent","Bocas","Punta Donato","orig_df",0.6806275043,2.42874904452193
"338","Gobiidae","AT14-2-1",0.920730753,920.7307525,"Sub Recent","Bocas","Punta Donato","orig_df",0.7113426423,2.43001391936925
"339","Gobiidae","AT12-1-3-1",0.921241356,921.2413558,"Sub Recent","Bocas","STRI Point","orig_df",0.7831085902,2.43144675705432
"340","Gobiidae","AT14-2-2",0.921351231,921.3512308,"Sub Recent","Bocas","Punta Donato","orig_df",0.6880146785,2.43175509130579
"341","Gobiidae","AT14-2-2",0.923200222,923.2002223,"Sub Recent","Bocas","Punta Donato","orig_df",0.650103059,2.436944129375
"342","Gobiidae","AT12-1-3-1",0.923417487,923.4174865,"Sub Recent","Bocas","STRI Point","orig_df",0.7724355765,2.43755390853937
"343","Gobiidae","AT12-1-4-1",0.924613956,924.6139555,"Sub Recent","Bocas","STRI Point","orig_df",0.7959014189,2.4409120986411
"344","Gobiidae","AT14-2-2",0.925314446,925.3144464,"Sub Recent","Bocas","Punta Donato","orig_df",0.8104907812,2.44287832694469
"345","Gobiidae","AT14-2-2",0.92631031,926.3103096,"Sub Recent","Bocas","Punta Donato","orig_df",0.5798435793,2.44567381221311
"346","Gobiidae","AT12-1-3-1",0.928299981,928.2999808,"Sub Recent","Bocas","STRI Point","orig_df",0.7622216943,2.45125957755426
"347","Gobiidae","AT14-2-2",0.929479527,929.4795266,"Sub Recent","Bocas","Punta Donato","orig_df",1.116378997,2.45457137061968
"348","Gobiidae","AT14-1-8",0.931168049,931.1680488,"Sub Recent","Bocas","Casa Blanca","orig_df",0.7915127634,2.45931267020319
"349","Gobiidae","AT14-2-2",0.933996303,933.9963034,"Sub Recent","Bocas","Punta Donato","orig_df",0.7121579407,2.46725550747097
"350","Gobiidae","AT12-1-4-1",0.934238064,934.2380643,"Sub Recent","Bocas","STRI Point","orig_df",0.8402549656,2.46793453702165
"351","Gobiidae","AT14-2-1",0.934605248,934.6052482,"Sub Recent","Bocas","Punta Donato","orig_df",0.6034496008,2.46896586103504
"352","Gobiidae","AT14-2-2",0.934831714,934.8317143,"Sub Recent","Bocas","Punta Donato","orig_df",0.732162681,2.46960195769233
"353","Gobiidae","AT12-1-3-1",0.935353079,935.3530786,"Sub Recent","Bocas","STRI Point","orig_df",0.7674847994,2.47106640233855
"354","Gobiidae","AT14-2-2",0.93580818,935.8081801,"Sub Recent","Bocas","Punta Donato","orig_df",0.968128997,2.47234476245612
"355","Gobiidae","AT14-3-6",0.939297984,939.2979844,"Sub Recent","Bocas","Cayo Adriana","orig_df",0.7507849676,2.48214878460436
"356","Gobiidae","AT14-1-2",0.939477128,939.4771283,"Sub Recent","Bocas","Casa Blanca","orig_df",0.8176684737,2.48265212201819
"357","Gobiidae","AT14-2-2",0.939479916,939.479916,"Sub Recent","Bocas","Punta Donato","orig_df",0.8224570985,2.48265995545556
"358","Gobiidae","AT14-2-2",0.940568847,940.5688467,"Sub Recent","Bocas","Punta Donato","orig_df",0.9377953626,2.48571963482347
"359","Gobiidae","AT14-2-1",0.942593826,942.5938262,"Sub Recent","Bocas","Punta Donato","orig_df",0.8412174003,2.49141001818974
"360","Gobiidae","AT12-1-1-1",0.94286711,942.8671101,"Sub Recent","Bocas","STRI Point","orig_df",0.8894698224,2.49217803143426
"361","Gobiidae","AT14-2-1",0.942994789,942.9947887,"Sub Recent","Bocas","Punta Donato","orig_df",0.827189967,2.49253685405696
"362","Gobiidae","AT12-1-4-1",0.947289094,947.2890937,"Sub Recent","Bocas","STRI Point","orig_df",0.8151224648,2.50460713917704
"363","Gobiidae","AT12-1-3-1",0.947358563,947.3585628,"Sub Recent","Bocas","STRI Point","orig_df",0.8186865129,2.50480242874223
"364","Gobiidae","AT14-2-2",0.950541556,950.5415559,"Sub Recent","Bocas","Punta Donato","orig_df",0.7503549874,2.51375135166072
"365","Gobiidae","AT12-1-3-1",0.95138162,951.3816204,"Sub Recent","Bocas","STRI Point","orig_df",0.7727511274,2.51611349159784
"366","Gobiidae","AT12-1-3-1",0.9544432,954.4432004,"Sub Recent","Bocas","STRI Point","orig_df",0.8462395051,2.5247233326008
"367","Gobiidae","AT14-2-2",0.954543793,954.5437928,"Sub Recent","Bocas","Punta Donato","orig_df",0.5845713762,2.52500625206078
"368","Gobiidae","AT14-2-2",0.956548679,956.5486787,"Sub Recent","Bocas","Punta Donato","orig_df",0.6554897898,2.53064541978637
"369","Gobiidae","AT12-1-4-1",0.957364971,957.364971,"Sub Recent","Bocas","STRI Point","orig_df",0.8028214398,2.53294162862725
"370","Gobiidae","AT14-2-2",0.957432566,957.4325655,"Sub Recent","Bocas","Punta Donato","orig_df",0.7979935616,2.53313177721222
"371","Gobiidae","AT12-1-4-1",0.960072325,960.072325,"Sub Recent","Bocas","STRI Point","orig_df",0.7642492377,2.54055823299899
"372","Gobiidae","AT14-2-2",0.961239297,961.2392971,"Sub Recent","Bocas","Punta Donato","orig_df",0.9131519964,2.54384169678321
"373","Gobiidae","AT12-1-2-1",0.965037373,965.0373726,"Sub Recent","Bocas","STRI Point","orig_df",0.8730467157,2.55452993954533
"374","Gobiidae","AT14-1-8",0.96522458,965.2245802,"Sub Recent","Bocas","Casa Blanca","orig_df",0.7955488866,2.55505683144179
"375","Gobiidae","AT14-1-8",0.965700991,965.7009912,"Sub Recent","Bocas","Casa Blanca","orig_df",0.8083450576,2.5563977137353
"376","Gobiidae","AT12-1-4-1",0.966617104,966.6171035,"Sub Recent","Bocas","STRI Point","orig_df",0.8316475667,2.55897627657269
"377","Gobiidae","AT14-2-1",0.966732036,966.7320358,"Sub Recent","Bocas","Punta Donato","orig_df",0.7636566278,2.55929978402412
"378","Gobiidae","AT12-1-3-1",0.966995325,966.9953246,"Sub Recent","Bocas","STRI Point","orig_df",0.7580616913,2.56004089187033
"379","Gobiidae","AT12-1-4-1",0.968209822,968.2098224,"Sub Recent","Bocas","STRI Point","orig_df",0.7941056811,2.56345963224427
"380","Gobiidae","AT14-2-2",0.968988429,968.9884292,"Sub Recent","Bocas","Punta Donato","orig_df",0.605622336,2.56565150959892
"381","Gobiidae","AT14-1-8",0.969283265,969.2832649,"Sub Recent","Bocas","Casa Blanca","orig_df",0.8489670908,2.56648153937212
"382","Gobiidae","AT12-1-4-1",0.969407701,969.4077005,"Sub Recent","Bocas","STRI Point","orig_df",0.8695455603,2.56683185954184
"383","Gobiidae","AT12-1-4-1",0.969510278,969.5102783,"Sub Recent","Bocas","STRI Point","orig_df",0.8215241548,2.56712064299779
"384","Gobiidae","AT12-1-4-1",0.970254109,970.2541094,"Sub Recent","Bocas","STRI Point","orig_df",0.7740884828,2.56921479680456
"385","Gobiidae","AT14-2-2",0.97165537,971.6553699,"Sub Recent","Bocas","Punta Donato","orig_df",0.84388465,2.57316013001564
"386","Gobiidae","AT14-2-1",0.972395055,972.3950551,"Sub Recent","Bocas","Punta Donato","orig_df",0.9436753053,2.57524290200491
"387","Gobiidae","AT12-1-2-2",0.972399268,972.3992678,"Sub Recent","Bocas","STRI Point","orig_df",0.8932060285,2.57525476506917
"388","Gobiidae","AT12-1-1-1",0.972491204,972.4912042,"Sub Recent","Bocas","STRI Point","orig_df",0.8894880051,2.57551364142479
"389","Gobiidae","AT14-2-2",0.972844496,972.8444964,"Sub Recent","Bocas","Punta Donato","orig_df",0.9991352398,2.57650846683856
"390","Gobiidae","AT14-1-8",0.973935833,973.9358331,"Sub Recent","Bocas","Casa Blanca","orig_df",0.7595013957,2.57958167751437
"391","Gobiidae","AT14-2-2",0.974693969,974.6939688,"Sub Recent","Bocas","Punta Donato","orig_df",0.6459701547,2.58171672064189
"392","Gobiidae","AT14-2-2",0.974979077,974.9790768,"Sub Recent","Bocas","Punta Donato","orig_df",0.7056195504,2.58251966164437
"393","Gobiidae","AT12-1-2-2",0.975124358,975.1243577,"Sub Recent","Bocas","STRI Point","orig_df",0.8358727008,2.58292881782389
"394","Gobiidae","AT14-2-2",0.976670175,976.6701752,"Sub Recent","Bocas","Punta Donato","orig_df",0.6454308319,2.58728255467716
"395","Gobiidae","AT12-1-4-1",0.978488752,978.4887522,"Sub Recent","Bocas","STRI Point","orig_df",0.757030401,2.59240506791049
"396","Gobiidae","AT14-2-2",0.979147644,979.1476443,"Sub Recent","Bocas","Punta Donato","orig_df",0.7762279211,2.59426116380691
"397","Gobiidae","AT12-1-4-1",0.980553567,980.553567,"Sub Recent","Bocas","STRI Point","orig_df",0.8667122753,2.59822190679189
"398","Gobiidae","AT12-1-3-1",0.98104835,981.0483504,"Sub Recent","Bocas","STRI Point","orig_df",0.877920242,2.59961588672185
"399","Gobiidae","AT12-1-2-2",0.981464337,981.4643367,"Sub Recent","Bocas","STRI Point","orig_df",0.8771207326,2.60078790465927
"400","Gobiidae","AT12-1-2-2",0.982460614,982.460614,"Sub Recent","Bocas","STRI Point","orig_df",0.8642661762,2.60359498187551
"401","Gobiidae","AT14-1-8",0.982489098,982.4890978,"Sub Recent","Bocas","Casa Blanca","orig_df",0.7995282756,2.60367524010216
"402","Gobiidae","AT12-1-3-1",0.983110047,983.1100465,"Sub Recent","Bocas","STRI Point","orig_df",0.8331638188,2.60542489980436
"403","Gobiidae","AT12-1-2-2",0.983150257,983.150257,"Sub Recent","Bocas","STRI Point","orig_df",0.8259017125,2.60553820268902
"404","Gobiidae","AT12-1-2-2",0.983657712,983.657712,"Sub Recent","Bocas","STRI Point","orig_df",0.8796290124,2.6069681237998
"405","Gobiidae","AT12-1-4-1",0.983887385,983.8873846,"Sub Recent","Bocas","STRI Point","orig_df",0.8587710323,2.60761531823776
"406","Gobiidae","AT14-2-2",0.984753699,984.7536988,"Sub Recent","Bocas","Punta Donato","orig_df",0.6218550124,2.61005658623975
"407","Gobiidae","AT14-2-1",0.984907368,984.9073677,"Sub Recent","Bocas","Punta Donato","orig_df",0.5875015157,2.6104896388068
"408","Gobiidae","AT12-1-4-1",0.984956946,984.9569461,"Sub Recent","Bocas","STRI Point","orig_df",0.814613111,2.61062935482148
"409","Gobiidae","AT12-1-2-2",0.985337396,985.3373961,"Sub Recent","Bocas","STRI Point","orig_df",0.9048965856,2.61170151770593
"410","Gobiidae","AT14-2-1",0.986079086,986.0790861,"Sub Recent","Bocas","Punta Donato","orig_df",0.8692320273,2.61379178218469
"411","Gobiidae","AT14-2-1",0.98611173,986.1117296,"Sub Recent","Bocas","Punta Donato","orig_df",0.5860274322,2.61388378327443
"412","Gobiidae","AT14-1-8",0.986457646,986.4576455,"Sub Recent","Bocas","Casa Blanca","orig_df",0.8239771719,2.61485869551577
"413","Gobiidae","AT12-1-2-2",0.986623988,986.6239881,"Sub Recent","Bocas","STRI Point","orig_df",0.8684778071,2.61532751313303
"414","Gobiidae","AT12-1-2-1",0.988040507,988.0405068,"Sub Recent","Bocas","STRI Point","orig_df",0.9333313068,2.61932002696437
"415","Gobiidae","AT12-1-2-2",0.988746249,988.7462487,"Sub Recent","Bocas","STRI Point","orig_df",0.8686484089,2.62130932333785
"416","Gobiidae","AT14-2-2",0.989210083,989.2100828,"Sub Recent","Bocas","Punta Donato","orig_df",0.9158758279,2.62261679520071
"417","Gobiidae","AT14-2-1",0.99098403,990.9840295,"Sub Recent","Bocas","Punta Donato","orig_df",0.6105390796,2.62761761795265
"418","Gobiidae","AT14-1-2",0.991872607,991.872607,"Sub Recent","Bocas","Casa Blanca","orig_df",0.8420734708,2.63012276252126
"419","Gobiidae","AT14-2-1",0.992396637,992.3966368,"Sub Recent","Bocas","Punta Donato","orig_df",1.071073556,2.63160021470726
"420","Gobiidae","AT14-1-2",0.998764457,998.7644573,"Sub Recent","Bocas","Casa Blanca","orig_df",0.8074974551,2.64955760579124
"421","Gobiidae","AT12-1-2-2",0.999352088,999.3520877,"Sub Recent","Bocas","STRI Point","orig_df",0.8561013793,2.65121510363093
"422","Gobiidae","AT12-1-2-1",0.999408829,999.4088291,"Sub Recent","Bocas","STRI Point","orig_df",0.8919788285,2.6513751530542
"423","Gobiidae","AT12-1-2-1",0.999454934,999.4549338,"Sub Recent","Bocas","STRI Point","orig_df",0.8977109467,2.65150520191957
"424","Gobiidae","AT12-1-2-2",0.999579428,999.5794278,"Sub Recent","Bocas","STRI Point","orig_df",0.8406041064,2.65185636536869
"425","Gobiidae","AT12-1-4-1",0.999580331,999.5803314,"Sub Recent","Bocas","STRI Point","orig_df",0.9153296355,2.65185891249427
"426","Gobiidae","AT14-2-2",1.00025748,1000.25748,"Sub Recent","Bocas","Punta Donato","orig_df",0.6834531528,2.65376901274546
"427","Gobiidae","AT12-1-2-2",1.001191568,1001.191568,"Sub Recent","Bocas","STRI Point","orig_df",0.8648287189,2.65640402009252
"428","Gobiidae","AT14-3-6",1.001335632,1001.335632,"Sub Recent","Bocas","Cayo Adriana","orig_df",0.8883431598,2.65681043001027
"429","Gobiidae","AT14-2-2",1.001841984,1001.841984,"Sub Recent","Bocas","Punta Donato","orig_df",0.9054338455,2.65823889722329
"430","Gobiidae","AT14-1-2",1.002148863,1002.148863,"Sub Recent","Bocas","Casa Blanca","orig_df",0.9001522709,2.65910465432847
"431","Gobiidae","AT14-2-2",1.002780403,1002.780403,"Sub Recent","Bocas","Punta Donato","orig_df",1.202705826,2.6608863872883
"432","Gobiidae","AT12-1-1-1",1.004068399,1004.068399,"Sub Recent","Bocas","STRI Point","orig_df",0.909324138,2.66452036739167
"433","Gobiidae","AT12-1-3-1",1.00431498,1004.31498,"Sub Recent","Bocas","STRI Point","orig_df",0.8682059775,2.6652161100535
"434","Gobiidae","AT12-1-3-1",1.004507708,1004.507708,"Sub Recent","Bocas","STRI Point","orig_df",0.8475248361,2.66575991085848
"435","Gobiidae","AT12-1-4-1",1.005844514,1005.844514,"Sub Recent","Bocas","STRI Point","orig_df",0.8080827707,2.66953202059567
"436","Gobiidae","AT14-2-1",1.006298203,1006.298203,"Sub Recent","Bocas","Punta Donato","orig_df",0.755596452,2.67081228193988
"437","Gobiidae","AT12-1-4-1",1.00701751,1007.01751,"Sub Recent","Bocas","STRI Point","orig_df",0.8098202428,2.67284216338981
"438","Gobiidae","AT12-1-3-1",1.007445062,1007.445062,"Sub Recent","Bocas","STRI Point","orig_df",0.8583417716,2.67404875685924
"439","Gobiidae","AT14-2-1",1.008119013,1008.119013,"Sub Recent","Bocas","Punta Donato","orig_df",0.6100172107,2.67595077810009
"440","Gobiidae","AT12-1-1-1",1.00817163,1008.17163,"Sub Recent","Bocas","STRI Point","orig_df",0.8464974869,2.67609927692669
"441","Gobiidae","AT14-3-4",1.008746132,1008.746132,"Sub Recent","Bocas","Cayo Adriana","orig_df",0.8735312336,2.67772070252155
"442","Gobiidae","AT14-3-6",1.008821079,1008.821079,"Sub Recent","Bocas","Cayo Adriana","orig_df",0.7829760796,2.67793223086821
"443","Gobiidae","AT14-2-2",1.0093281,1009.3281,"Sub Recent","Bocas","Punta Donato","orig_df",0.767282525,2.67936325905906
"444","Gobiidae","AT14-2-2",1.009890196,1009.890196,"Sub Recent","Bocas","Punta Donato","orig_df",0.6517671411,2.68094978537938
"445","Gobiidae","AT14-2-2",1.010162367,1010.162367,"Sub Recent","Bocas","Punta Donato","orig_df",0.724800951,2.68171801311098
"446","Gobiidae","AT14-1-2",1.011330843,1011.330843,"Sub Recent","Bocas","Casa Blanca","orig_df",0.7743034356,2.68501629299246
"447","Gobiidae","AT14-2-2",1.011441006,1011.441006,"Sub Recent","Bocas","Punta Donato","orig_df",0.8642037244,2.6853272646657
"448","Gobiidae","AT14-1-2",1.011736837,1011.736837,"Sub Recent","Bocas","Casa Blanca","orig_df",0.8289214639,2.68616235656201
"449","Gobiidae","AT14-2-2",1.012328124,1012.328124,"Sub Recent","Bocas","Punta Donato","orig_df",0.6739252661,2.68783152804971
"450","Gobiidae","AT14-1-8",1.012434841,1012.434841,"Sub Recent","Bocas","Casa Blanca","orig_df",0.8315976508,2.68813279098579
"451","Gobiidae","AT14-2-2",1.012723253,1012.723253,"Sub Recent","Bocas","Punta Donato","orig_df",0.7617580492,2.68894699039213
"452","Gobiidae","AT14-2-2",1.014365886,1014.365886,"Sub Recent","Bocas","Punta Donato","orig_df",0.8339909347,2.69358449303844
"453","Gobiidae","AT14-1-2",1.014596565,1014.596565,"Sub Recent","Bocas","Casa Blanca","orig_df",0.8717020903,2.69423578700956
"454","Gobiidae","AT14-2-1",1.015018108,1015.018108,"Sub Recent","Bocas","Punta Donato","orig_df",0.8751585511,2.69542598635369
"455","Gobiidae","AT12-1-2-2",1.015876537,1015.876537,"Sub Recent","Bocas","STRI Point","orig_df",0.8787733247,2.69784980163432
"456","Gobiidae","AT12-1-4-1",1.015891295,1015.891295,"Sub Recent","Bocas","STRI Point","orig_df",0.8342270492,2.69789147268497
"457","Gobiidae","AT14-1-2",1.016295545,1016.295545,"Sub Recent","Bocas","Casa Blanca","orig_df",0.8502387125,2.69903293778063
"458","Gobiidae","AT12-1-4-1",1.016625969,1016.625969,"Sub Recent","Bocas","STRI Point","orig_df",0.9524787648,2.69996596458055
"459","Gobiidae","AT12-1-2-2",1.016696855,1016.696855,"Sub Recent","Bocas","STRI Point","orig_df",0.8241036312,2.70016612971172
"460","Gobiidae","AT12-1-1-1",1.016847494,1016.847494,"Sub Recent","Bocas","STRI Point","orig_df",0.8842369598,2.70059150119436
"461","Gobiidae","AT14-2-2",1.01715041,1017.15041,"Sub Recent","Bocas","Punta Donato","orig_df",0.7902178869,2.70144688157501
"462","Gobiidae","AT12-1-2-2",1.017270583,1017.270583,"Sub Recent","Bocas","STRI Point","orig_df",0.905016854,2.7017862330074
"463","Gobiidae","AT14-2-2",1.018953762,1018.953762,"Sub Recent","Bocas","Punta Donato","orig_df",0.8465498309,2.70653955700725
"464","Gobiidae","AT12-1-2-2",1.01898716,1018.98716,"Sub Recent","Bocas","STRI Point","orig_df",0.9008087331,2.70663387851178
"465","Gobiidae","AT12-1-2-2",1.019201078,1019.201078,"Sub Recent","Bocas","STRI Point","orig_df",0.8565375898,2.70723802314427
"466","Gobiidae","AT12-1-4-1",1.019798582,1019.798582,"Sub Recent","Bocas","STRI Point","orig_df",0.8252655674,2.70892552919893
"467","Gobiidae","AT14-3-4",1.020325402,1020.325402,"Sub Recent","Bocas","Cayo Adriana","orig_df",0.8137357258,2.71041345719785
"468","Gobiidae","AT14-2-1",1.02037636,1020.37636,"Sub Recent","Bocas","Punta Donato","orig_df",0.6458190586,2.71055738338276
"469","Gobiidae","AT12-1-3-1",1.022157784,1022.157784,"Sub Recent","Bocas","STRI Point","orig_df",0.8927217415,2.71558913718651
"470","Gobiidae","AT14-2-2",1.022205051,1022.205051,"Sub Recent","Bocas","Punta Donato","orig_df",0.9514598868,2.7157226536141
"471","Gobiidae","AT14-3-6",1.023116233,1023.116233,"Sub Recent","Bocas","Cayo Adriana","orig_df",0.8852226796,2.71829657138491
"472","Gobiidae","AT12-1-2-2",1.024399699,1024.399699,"Sub Recent","Bocas","STRI Point","orig_df",0.8329150211,2.72192236731028
"473","Gobiidae","AT12-1-3-1",1.024899299,1024.899299,"Sub Recent","Bocas","STRI Point","orig_df",0.8270581993,2.72333381674838
"474","Gobiidae","AT14-3-6",1.025143418,1025.143418,"Sub Recent","Bocas","Cayo Adriana","orig_df",0.8332888885,2.72402350756439
"475","Gobiidae","AT12-1-4-1",1.028259396,1028.259396,"Sub Recent","Bocas","STRI Point","orig_df",0.7344158488,2.73282775440365
"476","Gobiidae","AT14-2-1",1.028383515,1028.383515,"Sub Recent","Bocas","Punta Donato","orig_df",0.9509241296,2.73317848964534
"477","Gobiidae","AT14-1-8",1.028435928,1028.435928,"Sub Recent","Bocas","Casa Blanca","orig_df",0.8437975599,2.73332659900814
"478","Gobiidae","AT12-1-4-1",1.031073976,1031.073976,"Sub Recent","Bocas","STRI Point","orig_df",0.7995610529,2.7407818467837
"479","Gobiidae","AT14-2-2",1.034981327,1034.981327,"Sub Recent","Bocas","Punta Donato","orig_df",0.9292299595,2.75182642028407
"480","Gobiidae","AT12-1-3-1",1.035608814,1035.608814,"Sub Recent","Bocas","STRI Point","orig_df",0.9308754807,2.75360032988917
"481","Gobiidae","AT14-2-2",1.037192363,1037.192363,"Sub Recent","Bocas","Punta Donato","orig_df",0.9305322577,2.75807733476385
"482","Gobiidae","AT12-1-2-1",1.037598617,1037.598617,"Sub Recent","Bocas","STRI Point","orig_df",0.942450797,2.75922596452392
"483","Gobiidae","AT14-2-2",1.037888834,1037.888834,"Sub Recent","Bocas","Punta Donato","orig_df",0.6098970761,2.76004653234165
"484","Gobiidae","AT12-1-3-1",1.042762968,1042.762968,"Sub Recent","Bocas","STRI Point","orig_df",0.8538945854,2.77382996293951
"485","Gobiidae","AT12-1-4-1",1.04392884,1043.92884,"Sub Recent","Bocas","STRI Point","orig_df",0.88243226,2.77712750514181
"486","Gobiidae","AT12-1-4-1",1.044000303,1044.000303,"Sub Recent","Bocas","STRI Point","orig_df",0.9142344867,2.77732963804572
"487","Gobiidae","AT14-2-2",1.044167757,1044.167757,"Sub Recent","Bocas","Punta Donato","orig_df",0.6914449143,2.77780328466285
"488","Gobiidae","AT12-1-2-1",1.044970523,1044.970523,"Sub Recent","Bocas","STRI Point","orig_df",0.9441895513,2.78007398926781
"489","Gobiidae","AT12-1-4-1",1.045587504,1045.587504,"Sub Recent","Bocas","STRI Point","orig_df",0.9017521566,2.78181925723658
"490","Gobiidae","AT14-2-2",1.045738256,1045.738256,"Sub Recent","Bocas","Punta Donato","orig_df",0.7189668734,2.78224570269599
"491","Gobiidae","AT12-1-4-1",1.04581099,1045.81099,"Sub Recent","Bocas","STRI Point","orig_df",0.9197850426,2.78245145315793
"492","Gobiidae","AT12-1-3-1",1.047776162,1047.776162,"Sub Recent","Bocas","STRI Point","orig_df",0.9817343374,2.78801088815268
"493","Gobiidae","AT12-1-1-1",1.048998382,1048.998382,"Sub Recent","Bocas","STRI Point","orig_df",0.9090531793,2.79146885843867
"494","Gobiidae","AT14-3-6",1.049747283,1049.747283,"Sub Recent","Bocas","Cayo Adriana","orig_df",0.8837490066,2.79358781516608
"495","Gobiidae","AT12-1-1-1",1.052080401,1052.080401,"Sub Recent","Bocas","STRI Point","orig_df",0.8654354496,2.80018980235475
"496","Gobiidae","AT14-2-2",1.052228054,1052.228054,"Sub Recent","Bocas","Punta Donato","orig_df",0.8693830232,2.80060764489122
"497","Gobiidae","AT14-2-2",1.054109596,1054.109596,"Sub Recent","Bocas","Punta Donato","orig_df",0.7097407898,2.80593253632722
"498","Gobiidae","AT14-2-2",1.054597864,1054.597864,"Sub Recent","Bocas","Punta Donato","orig_df",0.8169937636,2.80731446614466
"499","Gobiidae","AT14-2-2",1.056561623,1056.561623,"Sub Recent","Bocas","Punta Donato","orig_df",0.6849633645,2.81287284092221
"500","Gobiidae","AT12-1-4-1",1.05672895,1056.72895,"Sub Recent","Bocas","STRI Point","orig_df",0.7446639147,2.81334648637746
"501","Gobiidae","AT14-2-2",1.057521484,1057.521484,"Sub Recent","Bocas","Punta Donato","orig_df",1.02599309,2.81558994323846
"502","Gobiidae","AT12-1-3-1",1.059753605,1059.753605,"Sub Recent","Bocas","STRI Point","orig_df",0.8169469931,2.82190906626263
"503","Gobiidae","AT12-1-2-1",1.060037466,1060.037466,"Sub Recent","Bocas","STRI Point","orig_df",0.8849551606,2.82271273564983
"504","Gobiidae","AT14-3-6",1.060219944,1060.219944,"Sub Recent","Bocas","Cayo Adriana","orig_df",0.9024754773,2.82322937591533
"505","Gobiidae","AT12-1-2-2",1.061132925,1061.132925,"Sub Recent","Bocas","STRI Point","orig_df",0.8902255491,2.82581433493784
"506","Gobiidae","AT12-1-2-1",1.061961253,1061.961253,"Sub Recent","Bocas","STRI Point","orig_df",0.9572371747,2.82815973428295
"507","Gobiidae","AT14-2-2",1.062723021,1062.723021,"Sub Recent","Bocas","Punta Donato","orig_df",0.8161069411,2.83031677202273
"508","Gobiidae","AT14-3-4",1.063605883,1063.605883,"Sub Recent","Bocas","Cayo Adriana","orig_df",0.9019439406,2.83281682431541
"509","Gobiidae","AT12-1-2-2",1.063713884,1063.713884,"Sub Recent","Bocas","STRI Point","orig_df",0.8796068294,2.83312266611515
"510","Gobiidae","AT12-1-3-1",1.066493207,1066.493207,"Sub Recent","Bocas","STRI Point","orig_df",0.9376864319,2.84099394549909
"511","Gobiidae","AT12-1-1-1",1.067191492,1067.191492,"Sub Recent","Bocas","STRI Point","orig_df",0.8992749212,2.84297175210828
"512","Gobiidae","AT12-1-2-1",1.067432574,1067.432574,"Sub Recent","Bocas","STRI Point","orig_df",0.9891930546,2.84365460630862
"513","Gobiidae","AT14-2-2",1.068413297,1068.413297,"Sub Recent","Bocas","Punta Donato","orig_df",0.8607779848,2.84643256174114
"514","Gobiidae","AT12-1-4-1",1.070613353,1070.613353,"Sub Recent","Bocas","STRI Point","orig_df",0.9231513622,2.85266493584196
"515","Gobiidae","AT14-2-1",1.070672634,1070.672634,"Sub Recent","Bocas","Punta Donato","orig_df",1.036050086,2.85283287976624
"516","Gobiidae","AT12-1-4-1",1.071752792,1071.752792,"Sub Recent","Bocas","STRI Point","orig_df",0.8774037905,2.85589308583056
"517","Gobiidae","AT14-2-2",1.072169839,1072.169839,"Sub Recent","Bocas","Punta Donato","orig_df",0.8010045308,2.85707467791508
"518","Gobiidae","AT14-1-2",1.072983845,1072.983845,"Sub Recent","Bocas","Casa Blanca","orig_df",0.8590663813,2.85938103178056
"519","Gobiidae","AT14-3-6",1.073163799,1073.163799,"Sub Recent","Bocas","Cayo Adriana","orig_df",0.9245942531,2.85989091716512
"520","Gobiidae","AT12-1-3-1",1.074378552,1074.378552,"Sub Recent","Bocas","STRI Point","orig_df",0.8521952473,2.86333296482549
"521","Gobiidae","AT14-1-2",1.074814502,1074.814502,"Sub Recent","Bocas","Casa Blanca","orig_df",0.8983775502,2.86456830533721
"522","Gobiidae","AT14-2-1",1.077576803,1077.576803,"Sub Recent","Bocas","Punta Donato","orig_df",0.9495549665,2.87239650391505
"523","Gobiidae","AT14-1-8",1.077659547,1077.659547,"Sub Recent","Bocas","Casa Blanca","orig_df",0.9907945596,2.87263101513674
"524","Gobiidae","AT14-3-6",1.079411178,1079.411178,"Sub Recent","Bocas","Cayo Adriana","orig_df",0.8804664046,2.8775957161812
"525","Gobiidae","AT12-1-2-2",1.081087149,1081.087149,"Sub Recent","Bocas","STRI Point","orig_df",0.9765659183,2.88234644875503
"526","Gobiidae","AT14-2-2",1.082294999,1082.294999,"Sub Recent","Bocas","Punta Donato","orig_df",0.8856442688,2.88577052733385
"527","Gobiidae","AT14-2-2",1.082973544,1082.973544,"Sub Recent","Bocas","Punta Donato","orig_df",0.8847531916,2.88769420946653
"528","Gobiidae","AT12-1-2-1",1.085113916,1085.113916,"Sub Recent","Bocas","STRI Point","orig_df",0.8964621183,2.89376268554647
"529","Gobiidae","AT12-1-4-1",1.085155795,1085.155795,"Sub Recent","Bocas","STRI Point","orig_df",0.8929503375,2.89388143026964
"530","Gobiidae","AT14-2-2",1.08539807,1085.39807,"Sub Recent","Bocas","Punta Donato","orig_df",0.7812165538,2.89456838831499
"531","Gobiidae","AT14-2-2",1.086881692,1086.881692,"Sub Recent","Bocas","Punta Donato","orig_df",0.8758826843,2.89877533204526
"532","Gobiidae","AT14-2-1",1.087957711,1087.957711,"Sub Recent","Bocas","Punta Donato","orig_df",0.7198304004,2.90182670800968
"533","Gobiidae","AT12-1-4-1",1.088756031,1088.756031,"Sub Recent","Bocas","STRI Point","orig_df",0.9108102807,2.90409070815039
"534","Gobiidae","AT14-1-2",1.089561963,1089.561963,"Sub Recent","Bocas","Casa Blanca","orig_df",0.8272385971,2.9063764020705
"535","Gobiidae","AT14-1-2",1.090875912,1090.875912,"Sub Recent","Bocas","Casa Blanca","orig_df",0.9279996586,2.9101031060261
"536","Gobiidae","AT14-2-1",1.090972607,1090.972607,"Sub Recent","Bocas","Punta Donato","orig_df",0.8351022914,2.91037736962256
"537","Gobiidae","AT12-1-2-2",1.091164032,1091.164032,"Sub Recent","Bocas","STRI Point","orig_df",0.9489577971,2.91092032786585
"538","Gobiidae","AT14-2-1",1.091260734,1091.260734,"Sub Recent","Bocas","Punta Donato","orig_df",0.6105224406,2.9111946158973
"539","Gobiidae","AT14-2-2",1.09190811,1091.90811,"Sub Recent","Bocas","Punta Donato","orig_df",0.8035880648,2.91303088935835
"540","Gobiidae","AT14-1-2",1.091921302,1091.921302,"Sub Recent","Bocas","Casa Blanca","orig_df",0.884399597,2.91306830900775
"541","Gobiidae","AT12-1-3-1",1.092508439,1092.508439,"Sub Recent","Bocas","STRI Point","orig_df",0.9391402757,2.91473377615072
"542","Gobiidae","AT12-1-6-1",1.092754521,1092.754521,"Sub Recent","Bocas","STRI Point","orig_df",0.8706697159,2.91543182680943
"543","Gobiidae","AT12-1-2-1",1.092991957,1092.991957,"Sub Recent","Bocas","STRI Point","orig_df",0.9638636912,2.91610536113952
"544","Gobiidae","AT12-1-4-1",1.095045281,1095.045281,"Sub Recent","Bocas","STRI Point","orig_df",0.9391983959,2.92193040790963
"545","Gobiidae","AT12-1-3-1",1.096468385,1096.468385,"Sub Recent","Bocas","STRI Point","orig_df",0.8530975647,2.92596799752435
"546","Gobiidae","AT14-1-8",1.099396253,1099.396253,"Sub Recent","Bocas","Casa Blanca","orig_df",0.8860999438,2.93427590198174
"547","Gobiidae","AT14-2-2",1.10073118,1100.73118,"Sub Recent","Bocas","Punta Donato","orig_df",0.6502183561,2.93806425799909
"548","Gobiidae","AT12-1-2-2",1.10329887,1103.29887,"Sub Recent","Bocas","STRI Point","orig_df",0.9428009682,2.94535185797638
"549","Gobiidae","AT12-1-4-1",1.104047636,1104.047636,"Sub Recent","Bocas","STRI Point","orig_df",0.8810703825,2.9474772025511
"550","Gobiidae","AT12-1-2-2",1.104114738,1104.114738,"Sub Recent","Bocas","STRI Point","orig_df",0.9552522654,2.94766767354551
"551","Gobiidae","AT12-1-3-1",1.104678257,1104.678257,"Sub Recent","Bocas","STRI Point","orig_df",1.001730257,2.94926726763167
"552","Gobiidae","AT12-1-2-2",1.10543358,1105.43358,"Sub Recent","Bocas","STRI Point","orig_df",0.8751987301,2.95141139375673
"553","Gobiidae","AT12-1-3-1",1.105535711,1105.535711,"Sub Recent","Bocas","STRI Point","orig_df",0.9760392982,2.95170131888414
"554","Gobiidae","AT14-2-1",1.105597722,1105.597722,"Sub Recent","Bocas","Punta Donato","orig_df",1.006652016,2.95187735389286
"555","Gobiidae","AT14-2-2",1.105655429,1105.655429,"Sub Recent","Bocas","Punta Donato","orig_df",0.7007485751,2.95204117139344
"556","Gobiidae","AT12-1-3-1",1.107484524,1107.484524,"Sub Recent","Bocas","STRI Point","orig_df",0.8835678249,2.95723385045519
"557","Gobiidae","AT14-2-2",1.108795861,1108.795861,"Sub Recent","Bocas","Punta Donato","orig_df",0.8865407515,2.96095698283396
"558","Gobiidae","AT14-2-2",1.109203671,1109.203671,"Sub Recent","Bocas","Punta Donato","orig_df",0.8045559079,2.96211488890252
"559","Gobiidae","AT14-2-2",1.111416759,1111.416759,"Sub Recent","Bocas","Punta Donato","orig_df",0.7001010047,2.96839903931017
"560","Gobiidae","AT14-1-8",1.111644132,1111.644132,"Sub Recent","Bocas","Casa Blanca","orig_df",0.8257091876,2.96904471873815
"561","Gobiidae","AT14-2-2",1.111664568,1111.664568,"Sub Recent","Bocas","Punta Donato","orig_df",0.8422007748,2.96910275200419
"562","Gobiidae","AT12-1-1-1",1.111930866,1111.930866,"Sub Recent","Bocas","STRI Point","orig_df",0.9654291511,2.96985897967628
"563","Gobiidae","AT12-1-4-1",1.112164415,1112.164415,"Sub Recent","Bocas","STRI Point","orig_df",0.9229233102,2.97052221682768
"564","Gobiidae","AT12-1-2-2",1.112335134,1112.335134,"Sub Recent","Bocas","STRI Point","orig_df",0.9149653484,2.9710070336525
"565","Gobiidae","AT12-1-4-1",1.11276995,1112.76995,"Sub Recent","Bocas","STRI Point","orig_df",0.9877323847,2.97224186832661
"566","Gobiidae","AT12-1-2-2",1.113561365,1113.561365,"Sub Recent","Bocas","STRI Point","orig_df",0.9488824936,2.97448948739014
"567","Gobiidae","AT14-2-2",1.114648401,1114.648401,"Sub Recent","Bocas","Punta Donato","orig_df",0.7836259901,2.97757683491623
"568","Gobiidae","AT12-1-2-2",1.114715953,1114.715953,"Sub Recent","Bocas","STRI Point","orig_df",0.9503353,2.97776869915323
"569","Gobiidae","AT12-1-1-1",1.115413233,1115.413233,"Sub Recent","Bocas","STRI Point","orig_df",0.9501921905,2.9797491882129
"570","Gobiidae","AT12-1-1-1",1.115878464,1115.878464,"Sub Recent","Bocas","STRI Point","orig_df",1.023547485,2.98107063049005
"571","Gobiidae","AT12-1-1-1",1.119466217,1119.466217,"Sub Recent","Bocas","STRI Point","orig_df",0.9685849609,2.99126245452532
"572","Gobiidae","AT14-3-6",1.120454013,1120.454013,"Sub Recent","Bocas","Cayo Adriana","orig_df",0.961491994,2.99406887546043
"573","Gobiidae","AT12-1-1-1",1.121436566,1121.436566,"Sub Recent","Bocas","STRI Point","orig_df",0.9618009235,2.99686055575948
"574","Gobiidae","AT14-2-2",1.121985181,1121.985181,"Sub Recent","Bocas","Punta Donato","orig_df",0.6197960208,2.99841937631685
"575","Gobiidae","AT12-1-4-1",1.122677705,1122.677705,"Sub Recent","Bocas","STRI Point","orig_df",0.8687777051,3.00038716502877
"576","Gobiidae","AT12-1-2-2",1.122916093,1122.916093,"Sub Recent","Bocas","STRI Point","orig_df",0.9806988793,3.00106455601569
"577","Gobiidae","AT12-1-2-1",1.124938616,1124.938616,"Sub Recent","Bocas","STRI Point","orig_df",0.9153656953,3.00681201824801
"578","Gobiidae","AT12-1-2-1",1.127292345,1127.292345,"Sub Recent","Bocas","STRI Point","orig_df",1.019157145,3.01350150086015
"579","Gobiidae","AT12-1-1-1",1.128336433,1128.336433,"Sub Recent","Bocas","STRI Point","orig_df",0.9724959235,3.01646916384729
"580","Gobiidae","AT12-1-2-1",1.128657054,1128.657054,"Sub Recent","Bocas","STRI Point","orig_df",1.008431742,3.01738051563943
"581","Gobiidae","AT14-2-2",1.129572536,1129.572536,"Sub Recent","Bocas","Punta Donato","orig_df",0.7208383071,3.01998282505825
"582","Gobiidae","AT12-1-3-1",1.12994629,1129.94629,"Sub Recent","Bocas","STRI Point","orig_df",0.9357532881,3.02104528031157
"583","Gobiidae","AT14-1-8",1.13106605,1131.06605,"Sub Recent","Bocas","Casa Blanca","orig_df",0.9274470653,3.02422850939829
"584","Gobiidae","AT12-1-6-1",1.131172046,1131.172046,"Sub Recent","Bocas","STRI Point","orig_df",0.969496584,3.02452984282269
"585","Gobiidae","AT12-1-2-1",1.131431517,1131.431517,"Sub Recent","Bocas","STRI Point","orig_df",1.02268753,3.02526749408926
"586","Gobiidae","AT12-1-2-1",1.131442729,1131.442729,"Sub Recent","Bocas","STRI Point","orig_df",1.080574754,3.02529936897535
"587","Gobiidae","AT12-1-4-1",1.131739678,1131.739678,"Sub Recent","Bocas","STRI Point","orig_df",0.9637364455,3.02614358027141
"588","Gobiidae","AT12-1-2-1",1.132602176,1132.602176,"Sub Recent","Bocas","STRI Point","orig_df",1.004280563,3.02859569877265
"589","Gobiidae","AT12-1-3-1",1.132947082,1132.947082,"Sub Recent","Bocas","STRI Point","orig_df",0.9556834104,3.0295763142591
"590","Gobiidae","AT14-2-2",1.1336629,1133.6629,"Sub Recent","Bocas","Punta Donato","orig_df",0.9665699512,3.03161154412962
"591","Gobiidae","AT14-2-2",1.133707441,1133.707441,"Sub Recent","Bocas","Punta Donato","orig_df",0.8341155572,3.03173818679084
"592","Gobiidae","AT12-1-2-1",1.13400875,1134.00875,"Sub Recent","Bocas","STRI Point","orig_df",0.9425977494,3.03259490176453
"593","Gobiidae","AT12-1-2-2",1.134090115,1134.090115,"Sub Recent","Bocas","STRI Point","orig_df",0.9461390339,3.03282625017308
"594","Gobiidae","AT12-1-3-1",1.137894283,1137.894283,"Sub Recent","Bocas","STRI Point","orig_df",0.9443264813,3.04364396606619
"595","Gobiidae","AT12-1-1-1",1.138469591,1138.469591,"Sub Recent","Bocas","STRI Point","orig_df",0.9435284421,3.04528013896755
"596","Gobiidae","AT12-1-2-2",1.139155428,1139.155428,"Sub Recent","Bocas","STRI Point","orig_df",1.039162316,3.04723072407528
"597","Gobiidae","AT12-1-2-1",1.146020546,1146.020546,"Sub Recent","Bocas","STRI Point","orig_df",0.934206015,3.0667598523961
"598","Gobiidae","AT12-1-1-1",1.148811556,1148.811556,"Sub Recent","Bocas","STRI Point","orig_df",1.048694964,3.07470152685263
"599","Gobiidae","AT14-2-2",1.149613301,1149.613301,"Sub Recent","Bocas","Punta Donato","orig_df",0.8901785071,3.07698307646283
"600","Gobiidae","AT12-1-4-1",1.150559057,1150.559057,"Sub Recent","Bocas","STRI Point","orig_df",0.9141283151,3.07967457181305
"601","Gobiidae","AT12-1-3-1",1.151687691,1151.687691,"Sub Recent","Bocas","STRI Point","orig_df",0.8489520412,3.08288669663871
"602","Gobiidae","AT12-1-2-2",1.154490202,1154.490202,"Sub Recent","Bocas","STRI Point","orig_df",1.012301359,3.09086358400076
"603","Gobiidae","AT14-2-2",1.155058113,1155.058113,"Sub Recent","Bocas","Punta Donato","orig_df",0.7167264198,3.09248019871783
"604","Gobiidae","AT14-2-2",1.155279337,1155.279337,"Sub Recent","Bocas","Punta Donato","orig_df",0.9859058362,3.0931099482745
"605","Gobiidae","AT12-1-2-2",1.155861825,1155.861825,"Sub Recent","Bocas","STRI Point","orig_df",1.032528935,3.09476813015252
"606","Gobiidae","AT14-2-2",1.157670196,1157.670196,"Sub Recent","Bocas","Punta Donato","orig_df",0.949772016,3.0999163977083
"607","Gobiidae","AT12-1-2-1",1.162604911,1162.604911,"Sub Recent","Bocas","STRI Point","orig_df",0.9934868343,3.11396766718592
"608","Gobiidae","AT12-1-2-1",1.165140617,1165.140617,"Sub Recent","Bocas","STRI Point","orig_df",0.9135320785,3.1211893877433
"609","Gobiidae","AT12-1-2-1",1.166496616,1166.496616,"Sub Recent","Bocas","STRI Point","orig_df",0.9756232897,3.12505169687612
"610","Gobiidae","AT12-1-3-1",1.167216337,1167.216337,"Sub Recent","Bocas","STRI Point","orig_df",0.9473122496,3.12710180268232
"611","Gobiidae","AT12-1-2-2",1.167322329,1167.322329,"Sub Recent","Bocas","STRI Point","orig_df",0.9822823869,3.12740372478245
"612","Gobiidae","AT12-1-2-1",1.168378704,1168.378704,"Sub Recent","Bocas","STRI Point","orig_df",1.068114127,3.13041294243688
"613","Gobiidae","AT12-1-2-2",1.171231142,1171.231142,"Sub Recent","Bocas","STRI Point","orig_df",0.9205909189,3.13853933159237
"614","Gobiidae","AT14-2-2",1.171803307,1171.803307,"Sub Recent","Bocas","Punta Donato","orig_df",0.8024978493,3.14016953901627
"615","Gobiidae","AT12-1-2-2",1.172777892,1172.777892,"Sub Recent","Bocas","STRI Point","orig_df",0.9866339992,3.14294643380046
"616","Gobiidae","AT14-1-2",1.173212761,1173.212761,"Sub Recent","Bocas","Casa Blanca","orig_df",0.8592379843,3.14418555748171
"617","Gobiidae","AT12-1-2-1",1.173560152,1173.560152,"Sub Recent","Bocas","STRI Point","orig_df",1.04947618,3.14517544061906
"618","Gobiidae","AT12-1-2-2",1.173730235,1173.730235,"Sub Recent","Bocas","STRI Point","orig_df",1.042565155,3.14566009520444
"619","Gobiidae","AT14-2-2",1.174897633,1174.897633,"Sub Recent","Bocas","Punta Donato","orig_df",0.7557066803,3.14898673674573
"620","Gobiidae","AT12-1-4-1",1.176434008,1176.434008,"Sub Recent","Bocas","STRI Point","orig_df",1.030011353,3.15336514133522
"621","Gobiidae","AT12-1-2-1",1.176529153,1176.529153,"Sub Recent","Bocas","STRI Point","orig_df",1.001592348,3.15363630012089
"622","Gobiidae","AT12-1-2-2",1.17675401,1176.75401,"Sub Recent","Bocas","STRI Point","orig_df",0.9826579156,3.15427713753113
"623","Gobiidae","AT12-1-2-1",1.177851881,1177.851881,"Sub Recent","Bocas","STRI Point","orig_df",1.06040074,3.15740615645215
"624","Gobiidae","AT14-2-1",1.178212465,1178.212465,"Sub Recent","Bocas","Punta Donato","orig_df",1.069450253,3.15843388952953
"625","Gobiidae","AT12-1-2-2",1.17848258,1178.48258,"Sub Recent","Bocas","STRI Point","orig_df",1.070293943,3.15920378175694
"626","Gobiidae","AT12-1-6-1",1.178491114,1178.491114,"Sub Recent","Bocas","STRI Point","orig_df",0.9790990565,3.15922810587589
"627","Gobiidae","AT14-1-2",1.180068474,1180.068474,"Sub Recent","Bocas","Casa Blanca","orig_df",0.9562769565,3.16372418322578
"628","Gobiidae","AT12-1-3-1",1.180671659,1180.671659,"Sub Recent","Bocas","STRI Point","orig_df",1.022749971,3.16544359091304
"629","Gobiidae","AT14-2-2",1.184185274,1184.185274,"Sub Recent","Bocas","Punta Donato","orig_df",0.8643042613,3.17546042187289
"630","Gobiidae","AT14-1-8",1.184642914,1184.642914,"Sub Recent","Bocas","Casa Blanca","orig_df",1.064157478,3.1767652287543
"631","Gobiidae","AT12-1-3-1",1.185968924,1185.968924,"Sub Recent","Bocas","STRI Point","orig_df",0.9833960862,3.18054608121919
"632","Gobiidae","AT14-2-2",1.187654494,1187.654494,"Sub Recent","Bocas","Punta Donato","orig_df",1.100241147,3.18535253300772
"633","Gobiidae","AT12-1-2-2",1.187719661,1187.719661,"Sub Recent","Bocas","STRI Point","orig_df",1.032684575,3.18553836726529
"634","Gobiidae","AT14-3-4",1.190886162,1190.886162,"Sub Recent","Bocas","Cayo Adriana","orig_df",1.020086399,3.19456893404439
"635","Gobiidae","AT12-1-2-1",1.193512582,1193.512582,"Sub Recent","Bocas","STRI Point","orig_df",1.090315426,3.20206039226383
"636","Gobiidae","AT14-2-1",1.196061729,1196.061729,"Sub Recent","Bocas","Punta Donato","orig_df",0.8553802752,3.20933243818559
"637","Gobiidae","AT14-2-2",1.199300736,1199.300736,"Sub Recent","Bocas","Punta Donato","orig_df",0.872699011,3.21857388691842
"638","Gobiidae","AT12-1-2-2",1.200536789,1200.536789,"Sub Recent","Bocas","STRI Point","orig_df",1.018440782,3.2221009768346
"639","Gobiidae","AT12-1-2-1",1.201467261,1201.467261,"Sub Recent","Bocas","STRI Point","orig_df",0.9814959993,3.22475623974815
"640","Gobiidae","AT14-1-2",1.2024152,1202.4152,"Sub Recent","Bocas","Casa Blanca","orig_df",0.8922257768,3.22746148149398
"641","Gobiidae","AT12-1-4-1",1.206943819,1206.943819,"Sub Recent","Bocas","STRI Point","orig_df",1.047607376,3.24038717802065
"642","Gobiidae","AT12-1-2-2",1.209198608,1209.198608,"Sub Recent","Bocas","STRI Point","orig_df",1.096500992,3.24682399709804
"643","Gobiidae","AT12-1-2-1",1.210011753,1210.011753,"Sub Recent","Bocas","STRI Point","orig_df",1.117700687,3.24914549472409
"644","Gobiidae","AT14-1-2",1.213217636,1213.217636,"Sub Recent","Bocas","Casa Blanca","orig_df",0.9866836397,3.25829912773001
"645","Gobiidae","AT14-2-2",1.213291896,1213.291896,"Sub Recent","Bocas","Punta Donato","orig_df",0.8542646669,3.25851117756072
"646","Gobiidae","AT12-1-1-1",1.213960831,1213.960831,"Sub Recent","Bocas","STRI Point","orig_df",1.078325795,3.26042136205224
"647","Gobiidae","AT12-1-2-1",1.21413538,1214.13538,"Sub Recent","Bocas","STRI Point","orig_df",1.094322433,3.26091980826718
"648","Gobiidae","AT12-1-2-2",1.215188948,1215.188948,"Sub Recent","Bocas","STRI Point","orig_df",1.051000222,3.263928497939
"649","Gobiidae","AT14-3-4",1.216740107,1216.740107,"Sub Recent","Bocas","Cayo Adriana","orig_df",0.9634616605,3.26835846574797
"650","Gobiidae","AT12-1-3-1",1.216789556,1216.789556,"Sub Recent","Bocas","STRI Point","orig_df",1.107355678,3.2684996934322
"651","Gobiidae","AT12-1-2-1",1.222574709,1222.574709,"Sub Recent","Bocas","STRI Point","orig_df",1.057375536,3.28502474854121
"652","Gobiidae","AT12-1-2-1",1.22624978,1226.24978,"Sub Recent","Bocas","STRI Point","orig_df",1.042063691,3.29552501007473
"653","Gobiidae","AT12-1-2-1",1.229553314,1229.553314,"Sub Recent","Bocas","STRI Point","orig_df",1.065730422,3.30496543011914
"654","Gobiidae","AT12-1-2-1",1.230046884,1230.046884,"Sub Recent","Bocas","STRI Point","orig_df",1.047648369,3.30637602963346
"655","Gobiidae","AT14-2-2",1.23472891,1234.72891,"Sub Recent","Bocas","Punta Donato","orig_df",1.006915417,3.31975881490733
"656","Gobiidae","AT14-2-2",1.238393595,1238.393595,"Sub Recent","Bocas","Punta Donato","orig_df",0.9948178467,3.33023594146222
"657","Gobiidae","AT12-1-2-1",1.239179563,1239.179563,"Sub Recent","Bocas","STRI Point","orig_df",1.013347066,3.33248323494086
"658","Gobiidae","AT14-2-1",1.241858344,1241.858344,"Sub Recent","Bocas","Punta Donato","orig_df",0.6778853058,3.34014326566309
"659","Gobiidae","AT14-2-2",1.242052098,1242.052098,"Sub Recent","Bocas","Punta Donato","orig_df",0.7527271934,3.34069734985795
"660","Gobiidae","AT14-2-2",1.242183293,1242.183293,"Sub Recent","Bocas","Punta Donato","orig_df",0.7501154835,3.34107253528524
"661","Gobiidae","AT12-1-3-1",1.242683038,1242.683038,"Sub Recent","Bocas","STRI Point","orig_df",1.038893148,3.34250170600259
"662","Gobiidae","AT14-2-2",1.243076138,1243.076138,"Sub Recent","Bocas","Punta Donato","orig_df",0.7954125519,3.34362591889546
"663","Gobiidae","AT14-2-1",1.243129172,1243.129172,"Sub Recent","Bocas","Punta Donato","orig_df",1.103329989,3.34377759069193
"664","Gobiidae","AT14-2-2",1.243204733,1243.204733,"Sub Recent","Bocas","Punta Donato","orig_df",0.8512414353,3.34399368810296
"665","Gobiidae","AT12-1-2-1",1.244741414,1244.741414,"Sub Recent","Bocas","STRI Point","orig_df",1.115733096,3.34838863254539
"666","Gobiidae","AT12-1-2-1",1.249972995,1249.972995,"Sub Recent","Bocas","STRI Point","orig_df",1.104770649,3.36335364955429
"667","Gobiidae","AT12-1-2-2",1.25553104,1255.53104,"Sub Recent","Bocas","STRI Point","orig_df",1.071394988,3.3792568612407
"668","Gobiidae","AT12-1-2-2",1.255604238,1255.604238,"Sub Recent","Bocas","STRI Point","orig_df",1.039377621,3.37946633212833
"669","Gobiidae","AT12-1-2-1",1.255983163,1255.983163,"Sub Recent","Bocas","STRI Point","orig_df",1.089242042,3.38055071503114
"670","Gobiidae","AT12-1-2-1",1.25693213,1256.93213,"Sub Recent","Bocas","STRI Point","orig_df",1.047259212,3.38326649779817
"671","Gobiidae","AT12-1-1-1",1.257552559,1257.552559,"Sub Recent","Bocas","STRI Point","orig_df",0.9208669267,3.3850421305783
"672","Gobiidae","AT14-1-8",1.264695642,1264.695642,"Sub Recent","Bocas","Casa Blanca","orig_df",1.039274493,3.40548921498285
"673","Gobiidae","AT12-1-6-1",1.26552861,1265.52861,"Sub Recent","Bocas","STRI Point","orig_df",1.066906685,3.40787406325765
"674","Gobiidae","AT12-1-2-2",1.266554922,1266.554922,"Sub Recent","Bocas","STRI Point","orig_df",1.105480131,3.41081260603139
"675","Gobiidae","AT12-1-3-1",1.271079448,1271.079448,"Sub Recent","Bocas","STRI Point","orig_df",1.038338962,3.42376905009303
"676","Gobiidae","AT12-1-1-1",1.271698083,1271.698083,"Sub Recent","Bocas","STRI Point","orig_df",0.9837868184,3.42554080172561
"677","Gobiidae","AT12-1-4-1",1.272908462,1272.908462,"Sub Recent","Bocas","STRI Point","orig_df",1.100810318,3.42900744761059
"678","Gobiidae","AT14-2-2",1.273013826,1273.013826,"Sub Recent","Bocas","Punta Donato","orig_df",1.054064167,3.42930923045558
"679","Gobiidae","AT12-1-2-1",1.273996442,1273.996442,"Sub Recent","Bocas","STRI Point","orig_df",1.156834777,3.43212370848872
"680","Gobiidae","AT12-1-2-1",1.277634996,1277.634996,"Sub Recent","Bocas","STRI Point","orig_df",1.099716598,3.44254670593544
"681","Gobiidae","AT12-1-2-1",1.278309497,1278.309497,"Sub Recent","Bocas","STRI Point","orig_df",1.057447363,3.44447908709868
"682","Gobiidae","AT12-1-1-1",1.278465238,1278.465238,"Sub Recent","Bocas","STRI Point","orig_df",1.059078223,3.44492527940357
"683","Gobiidae","AT12-1-2-1",1.283449049,1283.449049,"Sub Recent","Bocas","STRI Point","orig_df",1.202407171,3.45920552957312
"684","Gobiidae","AT12-1-2-1",1.287067185,1287.067185,"Sub Recent","Bocas","STRI Point","orig_df",1.002422713,3.46957487168911
"685","Gobiidae","AT12-1-3-1",1.288367207,1288.367207,"Sub Recent","Bocas","STRI Point","orig_df",1.115366582,3.47330110050978
"686","Gobiidae","AT14-3-6",1.28955696,1289.55696,"Sub Recent","Bocas","Cayo Adriana","orig_df",1.035482002,3.4767114757335
"687","Gobiidae","AT14-2-2",1.292833627,1292.833627,"Sub Recent","Bocas","Punta Donato","orig_df",0.9297192874,3.48610492724735
"688","Gobiidae","AT12-1-2-1",1.29292801,1292.92801,"Sub Recent","Bocas","STRI Point","orig_df",1.189170537,3.48637552395126
"689","Gobiidae","AT12-1-4-1",1.294493646,1294.493646,"Sub Recent","Bocas","STRI Point","orig_df",1.055214586,3.49086439518399
"690","Gobiidae","AT14-3-4",1.296579124,1296.579124,"Sub Recent","Bocas","Cayo Adriana","orig_df",1.163039579,3.49684425063862
"691","Gobiidae","AT12-1-1-1",1.297199458,1297.199458,"Sub Recent","Bocas","STRI Point","orig_df",0.9752359169,3.49862310062874
"692","Gobiidae","AT12-1-2-2",1.298292429,1298.292429,"Sub Recent","Bocas","STRI Point","orig_df",1.013889164,3.50175740027494
"693","Gobiidae","AT14-2-2",1.305190677,1305.190677,"Sub Recent","Bocas","Punta Donato","orig_df",0.797907879,3.52154326682389
"694","Gobiidae","AT14-3-6",1.305725597,1305.725597,"Sub Recent","Bocas","Cayo Adriana","orig_df",1.106575323,3.52307782527762
"695","Gobiidae","AT14-3-6",1.311516684,1311.516684,"Sub Recent","Bocas","Cayo Adriana","orig_df",1.027908776,3.53969362042529
"696","Gobiidae","AT14-1-8",1.311684083,1311.684083,"Sub Recent","Bocas","Casa Blanca","orig_df",1.043742006,3.54017399097351
"697","Gobiidae","AT12-1-1-1",1.315155888,1315.155888,"Sub Recent","Bocas","STRI Point","orig_df",1.034727626,3.55013760519941
"698","Gobiidae","AT14-2-1",1.319386362,1319.386362,"Sub Recent","Bocas","Punta Donato","orig_df",0.8515818742,3.5622807455617
"699","Gobiidae","AT14-1-2",1.320099363,1320.099363,"Sub Recent","Bocas","Casa Blanca","orig_df",1.091328264,3.5643275842563
"700","Gobiidae","AT12-1-2-1",1.323657556,1323.657556,"Sub Recent","Bocas","STRI Point","orig_df",1.118257998,3.57454326655149
"701","Gobiidae","AT12-1-6-1",1.329180348,1329.180348,"Sub Recent","Bocas","STRI Point","orig_df",1.036394376,3.5904028115974
"702","Gobiidae","AT12-1-2-2",1.334177653,1334.177653,"Sub Recent","Bocas","STRI Point","orig_df",1.122765347,3.60475693219883
"703","Gobiidae","AT12-1-1-1",1.33681579,1336.81579,"Sub Recent","Bocas","STRI Point","orig_df",1.094813366,3.61233601602743
"704","Gobiidae","AT12-1-3-1",1.34541324,1345.41324,"Sub Recent","Bocas","STRI Point","orig_df",1.121314067,3.63704212013659
"705","Gobiidae","AT14-3-6",1.356678793,1356.678793,"Sub Recent","Bocas","Cayo Adriana","orig_df",1.052765514,3.66943053701827
"706","Gobiidae","AT14-1-2",1.356830315,1356.830315,"Sub Recent","Bocas","Casa Blanca","orig_df",1.136723989,3.66986627836323
"707","Gobiidae","AT12-1-6-1",1.357709846,1357.709846,"Sub Recent","Bocas","STRI Point","orig_df",1.109104932,3.67239566173691
"708","Gobiidae","AT12-1-2-1",1.36159103,1361.59103,"Sub Recent","Bocas","STRI Point","orig_df",1.115695801,3.68355853142153
"709","Gobiidae","AT14-1-2",1.361729536,1361.729536,"Sub Recent","Bocas","Casa Blanca","orig_df",1.101211418,3.68395693275636
"710","Gobiidae","AT14-1-2",1.365799517,1365.799517,"Sub Recent","Bocas","Casa Blanca","orig_df",1.130819473,3.69566504770417
"711","Gobiidae","AT14-1-8",1.366760104,1366.760104,"Sub Recent","Bocas","Casa Blanca","orig_df",1.197196587,3.69842869053951
"712","Gobiidae","AT14-1-2",1.367589222,1367.589222,"Sub Recent","Bocas","Casa Blanca","orig_df",1.134627826,3.70081419117051
"713","Gobiidae","AT12-1-2-1",1.381575614,1381.575614,"Sub Recent","Bocas","STRI Point","orig_df",1.194481468,3.74106894546695
"714","Gobiidae","AT12-1-3-1",1.389075428,1389.075428,"Sub Recent","Bocas","STRI Point","orig_df",1.175568173,3.76266507195133
"715","Gobiidae","AT12-1-3-1",1.395100382,1395.100382,"Sub Recent","Bocas","STRI Point","orig_df",1.088964791,3.78001960172103
"716","Gobiidae","AT14-3-6",1.402596599,1402.596599,"Sub Recent","Bocas","Cayo Adriana","orig_df",1.13261988,3.80161863459518
"717","Gobiidae","AT12-1-2-2",1.422087086,1422.087086,"Sub Recent","Bocas","STRI Point","orig_df",1.157688412,3.85781112957811
"718","Gobiidae","AT12-1-2-2",1.43111842,1431.11842,"Sub Recent","Bocas","STRI Point","orig_df",1.158443573,3.88386568130987
"719","Gobiidae","AT14-3-6",1.436084091,1436.084091,"Sub Recent","Bocas","Cayo Adriana","orig_df",1.152257741,3.89819561139474
"720","Gobiidae","AT12-1-2-1",1.444005755,1444.005755,"Sub Recent","Bocas","STRI Point","orig_df",1.205455349,3.92106242709169
"721","Gobiidae","AT14-3-4",1.47671575,1476.71575,"Sub Recent","Bocas","Cayo Adriana","orig_df",1.144394561,4.01556725258476
"722","Gobiidae","AT14-1-2",1.489726228,1489.726228,"Sub Recent","Bocas","Casa Blanca","orig_df",1.241123544,4.053193749814
"723","Gobiidae","AT12-1-2-1",1.49305263,1493.05263,"Sub Recent","Bocas","STRI Point","orig_df",1.210420176,4.06281709756178
"724","Gobiidae","AT12-1-2-2",1.500621488,1500.621488,"Sub Recent","Bocas","STRI Point","orig_df",1.308428327,4.08471900377705
"725","Gobiidae","AT14-1-2",1.512955374,1512.955374,"Sub Recent","Bocas","Casa Blanca","orig_df",1.272614739,4.12042436426317
"726","Gobiidae","AT14-1-8",1.517655802,1517.655802,"Sub Recent","Bocas","Casa Blanca","orig_df",1.299011423,4.13403648392093
"727","Gobiidae","AT12-1-2-2",1.524998838,1524.998838,"Sub Recent","Bocas","STRI Point","orig_df",1.276825008,4.15530674973835
"728","Gobiidae","AT12-1-2-1",1.529719426,1529.719426,"Sub Recent","Bocas","STRI Point","orig_df",1.281319824,4.16898410239531
"729","Gobiidae","AT12-1-2-2",1.531300904,1531.300904,"Sub Recent","Bocas","STRI Point","orig_df",1.379542858,4.17356684759128
"730","Gobiidae","AT12-1-1-1",1.553749367,1553.749367,"Sub Recent","Bocas","STRI Point","orig_df",1.315635763,4.23864926780277
"731","Gobiidae","AT12-1-2-1",1.554102462,1554.102462,"Sub Recent","Bocas","STRI Point","orig_df",1.254580098,4.23967343559141
"732","Gobiidae","AT14-1-8",1.568265765,1568.265765,"Sub Recent","Bocas","Casa Blanca","orig_df",1.271514626,4.28076682673569
"733","Gobiidae","AT12-1-1-1",1.611297529,1611.297529,"Sub Recent","Bocas","STRI Point","orig_df",1.287279228,4.40576233430032
"734","Gobiidae","AT14-1-8",1.612358876,1612.358876,"Sub Recent","Bocas","Casa Blanca","orig_df",1.35810897,4.40884794883554
"735","Gobiidae","AT14-1-2",1.630687572,1630.687572,"Sub Recent","Bocas","Casa Blanca","orig_df",1.346778896,4.46215447740989
"736","Gobiidae","AT12-1-1-1",1.644821946,1644.821946,"Sub Recent","Bocas","STRI Point","orig_df",1.295135632,4.50328829438546
"737","Gobiidae","AT12-1-2-1",1.672451347,1672.451347,"Sub Recent","Bocas","STRI Point","orig_df",1.152677191,4.58375970914952
"738","Gobiidae","AT12-1-2-1",1.704475817,1704.475817,"Sub Recent","Bocas","STRI Point","orig_df",1.081824692,4.67713705144658
"739","Gobiidae","AT12-1-6-1",1.710174271,1710.174271,"Sub Recent","Bocas","STRI Point","orig_df",1.437809139,4.69376436413653
"740","Gobiidae","AT12-1-6-1",1.711456929,1711.456929,"Sub Recent","Bocas","STRI Point","orig_df",1.400701314,4.69750746899141
"741","Gobiidae","AT14-1-8",1.711791278,1711.791278,"Sub Recent","Bocas","Casa Blanca","orig_df",1.268882663,4.6984832090243
"742","Gobiidae","AT14-1-8",1.741097602,1741.097602,"Sub Recent","Bocas","Casa Blanca","orig_df",1.383087015,4.78405525269418
"743","Gobiidae","AT14-1-8",1.751240841,1751.240841,"Sub Recent","Bocas","Casa Blanca","orig_df",1.546161996,4.81369397518968
"744","Gobiidae","AT14-1-8",1.753688525,1753.688525,"Sub Recent","Bocas","Casa Blanca","orig_df",1.502569793,4.82084777923976
"745","Gobiidae","AT14-1-8",1.768140782,1768.140782,"Sub Recent","Bocas","Casa Blanca","orig_df",1.456294174,4.86309998638671
"746","Gobiidae","AT14-1-8",1.786488829,1786.488829,"Sub Recent","Bocas","Casa Blanca","orig_df",1.556938197,4.91677326440534
"747","Gobiidae","AT14-3-6",1.818656841,1818.656841,"Sub Recent","Bocas","Cayo Adriana","orig_df",1.503882173,5.01095784626877
"748","Gobiidae","AT12-1-6-1",1.81926817,1819.26817,"Sub Recent","Bocas","STRI Point","orig_df",1.459313358,5.01274877997277
"749","Gobiidae","AT14-1-2",1.852539637,1852.539637,"Sub Recent","Bocas","Casa Blanca","orig_df",1.450640948,5.1102770930979
"750","Gobiidae","AT12-1-1-1",1.85472155,1854.72155,"Sub Recent","Bocas","STRI Point","orig_df",1.443668432,5.11667680530785
"751","Gobiidae","AT14-1-8",1.872151755,1872.151755,"Sub Recent","Bocas","Casa Blanca","orig_df",1.584735582,5.16781793538009
"752","Gobiidae","AT14-3-6",1.911464171,1911.464171,"Sub Recent","Bocas","Cayo Adriana","orig_df",1.473972454,5.28327278392077
"753","Gobiidae","AT12-1-2-2",1.923102575,1923.102575,"Sub Recent","Bocas","STRI Point","orig_df",1.586088803,5.31748204162012
"754","Gobiidae","AT12-1-2-1",1.957448478,1957.448478,"Sub Recent","Bocas","STRI Point","orig_df",1.789356954,5.4185124821497
"755","Gobiidae","AT12-1-2-2",1.97595919,1975.95919,"Sub Recent","Bocas","STRI Point","orig_df",1.750334411,5.47300943536067
"756","Gobiidae","AT12-1-6-1",1.982052758,1982.052758,"Sub Recent","Bocas","STRI Point","orig_df",1.687449261,5.49095644512202
"757","Gobiidae","AT14-1-2",2.016928387,2016.928387,"Sub Recent","Bocas","Casa Blanca","orig_df",1.714769234,5.59374031860203
"758","Gobiidae","AT14-3-4",2.127921012,2127.921012,"Sub Recent","Bocas","Cayo Adriana","orig_df",1.785289403,5.92159261336736
"759","Gobiidae","AT12-1-2-1",2.500861506,2500.861506,"Sub Recent","Bocas","STRI Point","orig_df",2.147604795,7.03084797516339
"760","Haemulidae","AT13-12-1-2",1.823589644,1823.589644,"Sub Recent","Bocas","Casa Blanca","orig_df",1.323350011,3.7991314321577
"761","Haemulidae","AT13-12-1-2",2.200757517,2200.757517,"Sub Recent","Bocas","Casa Blanca","orig_df",1.39329985,4.65999725400487
"762","Haemulidae","AT14-3-1",2.291687931,2291.687931,"Sub Recent","Bocas","Cayo Adriana","orig_df",1.367837229,4.8695474166498
"763","Haemulidae","AT13-10-5",2.62503451,2625.03451,"Sub Recent","Bocas","Punta Caracol","orig_df",1.71047662,5.64372066684612
"764","Haemulidae","AT13-12-1-2",2.705447595,2705.447595,"Sub Recent","Bocas","Casa Blanca","orig_df",1.849724684,5.83179375139138
"765","Haemulidae","AT13-10-5",3.001159319,3001.159319,"Sub Recent","Bocas","Punta Caracol","orig_df",2.211317842,6.52748031116768
"766","Haemulidae","AT14-3-1",3.318066241,3318.066241,"Sub Recent","Bocas","Cayo Adriana","orig_df",2.01362617,7.27963164024227
"767","Haemulidae","AT13-12-1-2",4.09094071,4090.94071,"Sub Recent","Bocas","Casa Blanca","orig_df",2.594288288,9.13917441670516
"768","Pomacentridae","AT13-10-2-1",1.32,1320,"Sub Recent","Bocas","Punta Caracol",NA,NA,4.39757258207782
"769","Pomacentridae","AT13-10-3-2",2.51,2510,"Sub Recent","Bocas","Punta Caracol",NA,NA,7.7866200210882
"770","Pomacentridae","AT13-10-4-1",1.79,1790,"Sub Recent","Bocas","Punta Caracol",NA,NA,5.76523266607452
"771","Pomacentridae","AT13-10-5-1",1.64,1640,"Sub Recent","Bocas","Punta Caracol",NA,NA,5.33364936565286
"772","Pomacentridae","AT14-1-3",1.58,1580,"Sub Recent","Bocas","Casa Blanca",NA,NA,5.15980737073698
"773","Pomacentridae","AT14-1-8",1.51,1510,"Sub Recent","Bocas","Casa Blanca",NA,NA,4.95606163115509
"774","Pomacentridae","AT14-2-1",2.49,2490,"Sub Recent","Bocas","Punta Donato",NA,NA,7.73143414425462
"775","Apogonidae","AT14-2-2",0.95612544,956.1254397,"Sub Recent","Bocas","Punta Donato",NA,0.3823862008,1.61909283200225
"776","Apogonidae","AT14-2-2",0.960898159,960.8981593,"Sub Recent","Bocas","Punta Donato",NA,0.7170708572,1.62705724522729
"777","Apogonidae","AT14-2-2",1.018537819,1018.537819,"Sub Recent","Bocas","Punta Donato",NA,0.6990807196,1.72319814071613
"778","Apogonidae","AT14-2-2",1.067609711,1067.609711,"Sub Recent","Bocas","Punta Donato",NA,0.7919812523,1.80498585643402
"779","Apogonidae","AT14-2-2",1.076022836,1076.022836,"Sub Recent","Bocas","Punta Donato",NA,0.8542800749,1.81900238938047
"780","Apogonidae","AT14-2-2",1.085588381,1085.588381,"Sub Recent","Bocas","Punta Donato",NA,0.8073079346,1.834936957896
"781","Apogonidae","AT14-2-2",1.094609367,1094.609367,"Sub Recent","Bocas","Punta Donato",NA,0.7393405037,1.84996251544904
"782","Apogonidae","AT14-2-2",1.099148823,1099.148823,"Sub Recent","Bocas","Punta Donato",NA,0.8127486463,1.85752285459626
"783","Apogonidae","AT14-2-2",1.109975229,1109.975229,"Sub Recent","Bocas","Punta Donato",NA,0.8489800187,1.87555210933485
"784","Apogonidae","AT14-2-2",1.124328058,1124.328058,"Sub Recent","Bocas","Punta Donato",NA,0.8810711359,1.89944999698357
"785","Apogonidae","AT14-2-2",1.147113687,1147.113687,"Sub Recent","Bocas","Punta Donato",NA,0.874159448,1.93737967156758
"786","Apogonidae","AT14-2-2",1.150507199,1150.507199,"Sub Recent","Bocas","Punta Donato",NA,0.9176369413,1.9430276769843
"787","Apogonidae","AT14-2-2",1.155843069,1155.843069,"Sub Recent","Bocas","Punta Donato",NA,0.8824812255,1.951907964804
"788","Apogonidae","AT14-2-2",1.170888635,1170.888635,"Sub Recent","Bocas","Punta Donato",NA,0.7843882615,1.97694453766836
"789","Apogonidae","AT14-2-2",1.193902792,1193.902792,"Sub Recent","Bocas","Punta Donato",NA,0.8387427198,2.01523222593465
"790","Apogonidae","AT14-2-2",1.199358573,1199.358573,"Sub Recent","Bocas","Punta Donato",NA,0.774141678,2.02430720078865
"791","Apogonidae","AT14-2-2",1.239766879,1239.766879,"Sub Recent","Bocas","Punta Donato",NA,0.8924962142,2.09150262654299
"792","Engraulidae","AT14-2-2",1.679206665,1679.206665,"Sub Recent","Bocas","Punta Donato",NA,0.9507650068,5.77951427065129
"793","Engraulidae","AT14-2-2",1.766607387,1766.607387,"Sub Recent","Bocas","Punta Donato",NA,1.286522115,6.11614676941992
"794","Engraulidae","AT14-2-2",1.782414773,1782.414773,"Sub Recent","Bocas","Punta Donato",NA,1.071085507,6.1772394608794
"795","Engraulidae","AT14-2-2",1.786969496,1786.969496,"Sub Recent","Bocas","Punta Donato",NA,1.023164099,6.19485430880285
"796","Engraulidae","AT14-2-2",1.800772235,1800.772235,"Sub Recent","Bocas","Punta Donato",NA,1.105713601,6.24826644933316
"797","Engraulidae","AT14-2-2",1.905428901,1905.428901,"Sub Recent","Bocas","Punta Donato",NA,1.039926017,6.65477416185419
"798","Engraulidae","AT14-2-2",2.042450338,2042.450338,"Sub Recent","Bocas","Punta Donato",NA,1.154777782,7.19089537766078
"799","Engraulidae","AT14-2-2",2.128804609,2128.804609,"Sub Recent","Bocas","Punta Donato",NA,1.178804083,7.53093601360021
"800","Engraulidae","AT14-2-2",2.129690928,2129.690928,"Sub Recent","Bocas","Punta Donato",NA,1.411285134,7.53443450464614
"801","Engraulidae","AT14-2-2",2.136173167,2136.173167,"Sub Recent","Bocas","Punta Donato",NA,1.071220691,7.56002641098396
"802","Engraulidae","AT14-2-2",2.206866958,2206.866958,"Sub Recent","Bocas","Punta Donato",NA,1.397833647,7.83970437722706
"803","Engraulidae","AT14-2-2",2.368319079,2368.319079,"Sub Recent","Bocas","Punta Donato",NA,1.116015549,8.48229022706971
"804","Engraulidae","AT14-2-2",2.414856475,2414.856475,"Sub Recent","Bocas","Punta Donato",NA,1.724293443,8.66847015995068
"805","Engraulidae","AT14-2-2",2.554453316,2554.453316,"Sub Recent","Bocas","Punta Donato",NA,1.747031537,9.2294152477663
"806","Engraulidae","AT14-2-2",2.597832384,2597.832384,"Sub Recent","Bocas","Punta Donato",NA,1.674913522,9.40445956996012
"807","Engraulidae","AT14-2-2",2.687330708,2687.330708,"Sub Recent","Bocas","Punta Donato",NA,1.802913017,9.76667015381276
"808","Bythitidae","AT13-10-3-2",2.044715,2044.715,"Sub Recent","Bocas","Punta Caracol","new_2025",1.03252,4.14850990785763
"809","Bythitidae","AT13-10-3-2",1.862663,1862.663,"Sub Recent","Bocas","Punta Caracol","new_2025",0.955112,3.66937340719733
"810","Bythitidae","AT14-1-2",1.589001,1589.001,"Sub Recent","Bocas","Casa Blanca","new_2025",0.729697,2.97692184637429
"811","Bythitidae","AT14-1-2",2.284567,2284.567,"Sub Recent","Bocas","Casa Blanca","new_2025",1.073294,4.80054250841263
"812","Bythitidae","AT14-3-3",2.211921,2211.921,"Sub Recent","Bocas","Cayo Adriana","new_2025",1.092835,4.60065578401694
"813","Bythitidae","AT14-3-5",2.508636,2508.636,"Sub Recent","Bocas","Cayo Adriana","new_2025",1.206559,5.4296089608609
"814","Bythitidae","AT14-3-5",1.876843,1876.843,"Sub Recent","Bocas","Cayo Adriana","new_2025",0.963028,3.70618166977753
"815","Bythitidae","AT14-3-5",2.077438,2077.438,"Sub Recent","Bocas","Cayo Adriana","new_2025",1.039903,4.23610822226564
"816","Bythitidae","AT14-2-1",3.447232,3447.232,"Sub Recent","Bocas","Punta Donato","new_2025",1.567733,8.24962342101133
"817","Bythitidae","AT14-2-1",1.871451,1871.451,"Sub Recent","Bocas","Punta Donato","new_2025",0.989896,3.69217478990184
"818","Bythitidae","AT14-3-1",2.112509,2112.509,"Sub Recent","Bocas","Cayo Adriana","new_2025",1.124944,4.33047738215729
"819","Bythitidae","AT14-3-1",2.535147,2535.147,"Sub Recent","Bocas","Cayo Adriana","new_2025",1.158224,5.50525221387162
"820","Bythitidae","AT14-1-7",1.450573,1450.573,"Sub Recent","Bocas","Casa Blanca","new_2025",0.671133,2.64040177872524
"821","Bythitidae","AT14-1-5",1.86283,1862.83,"Sub Recent","Bocas","Casa Blanca","new_2025",0.946021,3.66980638973548
"822","Bythitidae","AT14-1-8",1.680012,1680.012,"Sub Recent","Bocas","Casa Blanca","new_2025",0.884474,3.20332963887293
"823","Bythitidae","AT13-12-4-1",2.414353,2414.353,"Sub Recent","Bocas","Casa Blanca","new_2025",1.078657,5.16265007477402
"824","Bythitidae","AT13-12-4-2",2.766129,2766.129,"Sub Recent","Bocas","Casa Blanca","new_2025",1.502016,6.17471797760957
"825","Bythitidae","AT14-3-6",2.282258,2282.258,"Sub Recent","Bocas","Cayo Adriana","new_2025",1.181458,4.79415794665661
"826","Bythitidae","AT12-1-2-2",3.580645,3580.645,"Sub Recent","Bocas","STRI Point","new_2025",1.75,8.67236736322691
"827","Bythitidae","AT12-1-3-1",1.119407,1119.407,"Sub Recent","Bocas","STRI Point","new_2025",0.608233,1.87732934480345
"828","Bythitidae","AT12-1-5-1",2.044657,2044.657,"Sub Recent","Bocas","STRI Point","new_2025",1.006951,4.14835503492196
"829","Bythitidae","AT12-1-6-1",2.794077,2794.077,"Sub Recent","Bocas","STRI Point","new_2025",1.315213,6.25695681286429
"830","Bythitidae","AT13-10-4-2",1.978495,1978.495,"Sub Recent","Bocas","Punta Caracol","new_2025",0.938172,3.97259881727998
"831","Bythitidae","AT13-12-3-1",2.046271,2046.271,"Sub Recent","Bocas","Casa Blanca","new_2025",0.897849,4.15266529316136
"832","Bythitidae","AT13-10-5-1",2.043011,2043.011,"Sub Recent","Bocas","Punta Caracol","new_2025",1.026882,4.14396042684686
"833","Bythitidae","AT12-1-2-1",3.381601,3381.601,"Sub Recent","Bocas","STRI Point","new_2025",1.554696,8.04353754761577
"834","Bythitidae","AT12-1-2-1",1.260764,1260.764,"Sub Recent","Bocas","STRI Point","new_2025",0.705931,2.19538997264475
"835","Bythitidae","AT13-10-1-1",1.830645,1830.645,"Sub Recent","Bocas","Punta Caracol","new_2025",0.869624,3.58658761958828
"836","Bythitidae","AT13-10-1-1",2.375,2375,"Sub Recent","Bocas","Punta Caracol","new_2025",1.111559,5.05218742937146
"837","Bythitidae","AT13-10-3-1",1.177729,1177.729,"Sub Recent","Bocas","Punta Caracol","new_2025",0.635717,2.00710564018443
"838","Bythitidae","AT13-12-3-2",2.510931,2510.931,"Sub Recent","Bocas","Casa Blanca","new_2025",1.096604,5.43614728588635
"839","Bythitidae","AT13-12-3-2",NA,NA,"Sub Recent","Bocas","Casa Blanca","new_2025",0.74822,2.46670495153453
"840","Serranidae","AT14-1-8",1.990747,1990.747,"Sub Recent","Bocas","Casa Blanca","new_2025",0.767189,5.33019333768033
"841","Serranidae","AT14-3-3",2.685484,2685.484,"Sub Recent","Bocas","Cayo Adriana","new_2025",1.58871,7.3615532705152
"842","Serranidae","AT14-3-6",2.008065,2008.065,"Sub Recent","Bocas","Cayo Adriana","new_2025",1.104839,5.38022416983757
"843","Serranidae","AT14-2-5",1.559457,1559.457,"Sub Recent","Bocas","Punta Donato","new_2025",0.675208,4.09603944254774
"844","Haemulidae","AT14-2-4",2.374396,2374.396,"Sub Recent","Bocas","Punta Donato","new_2025",1.503333,5.06077506138608
"845","Bregmacerotidae","AT13-12-3-2",1.419355,1419.355,"Sub Recent","Bocas","Casa Blanca","new_2025",1.47379,6.8929318367749
"846","Bregmacerotidae","AT14-2-1",1.366873,1366.873,"Sub Recent","Bocas","Punta Donato","new_2025",1.180602,6.69462378067238
"847","Bregmacerotidae","AT14-1-2",1.532258,1532.258,"Sub Recent","Bocas","Casa Blanca","new_2025",1.471774,7.31406337428816
"848","Bregmacerotidae","AT14-1-8",1.064516,1064.516,"Sub Recent","Bocas","Casa Blanca","new_2025",1.155914,5.51572305146821
"849","Gerreidae","AT13-10-3-2",1.767316,1767.316,"Sub Recent","Bocas","Punta Caracol","new_2025",1.26698,4.93480373585234
"850","Gerreidae","AT14-3-4",3.545482,3545.482,"Sub Recent","Bocas","Cayo Adriana","new_2025",2.323331,10.2013052648238
"851","Labridae","AT13-12-3-2",1.112903,1112.903,"Sub Recent","Bocas","Casa Blanca","new_2025",0.745968,6.17816001021404
"852","Labridae","AT13-12-4-1",NA,NA,"Sub Recent","Bocas","Casa Blanca","new_2025",0.639785,6.50473312946564
"853","Labridae","AT13-12-4-1",NA,NA,"Sub Recent","Bocas","Casa Blanca","new_2025",1.035646,9.7203561171382
"854","Labridae","AT14-1-1",1.464334,1464.334,"Sub Recent","Bocas","Casa Blanca","new_2025",0.896366,7.8610436842491
"855","Labridae","AT14-3-4",1.176312,1176.312,"Sub Recent","Bocas","Cayo Adriana","new_2025",0.812921,6.48610649513099
"856","Labridae","AT12-1-2-1",1.24521,1245.21,"Sub Recent","Bocas","STRI Point","new_2025",0.872052,6.81842150857906
"857","Labridae","AT12-1-2-2",1.126778,1126.778,"Sub Recent","Bocas","STRI Point","new_2025",0.740635,6.24572331211903
"858","Clupeidae","AT12-1-3-1",1.738146,1738.146,"Sub Recent","Bocas","STRI Point","new_2025",1.02205,8.06458308519394
"859","Clupeidae","AT12-1-3-1",1.165936,1165.936,"Sub Recent","Bocas","STRI Point","new_2025",0.655599,5.91867042665722
"860","Clupeidae","AT14-1-1",1.217117,1217.117,"Sub Recent","Bocas","Casa Blanca","new_2025",0.634948,6.11899245174009
"861","Clupeidae","AT14-1-1",0.959693,959.693,"Sub Recent","Bocas","Casa Blanca","new_2025",0.56505,5.09004296907086
"862","Clupeidae","AT14-1-2",1.227966,1227.966,"Sub Recent","Bocas","Casa Blanca","new_2025",0.728339,6.16120946610117
"863","Clupeidae","AT14-1-2",1.226092,1226.092,"Sub Recent","Bocas","Casa Blanca","new_2025",0.686217,6.15392313912792
"864","Clupeidae","AT14-1-3",1.288581,1288.581,"Sub Recent","Bocas","Casa Blanca","new_2025",0.732468,6.39556295768854
"865","Clupeidae","AT14-1-3",1.127002,1127.002,"Sub Recent","Bocas","Casa Blanca","new_2025",0.599443,5.76495558217796
"866","Clupeidae","AT14-1-7",1.901174,1901.174,"Sub Recent","Bocas","Casa Blanca","new_2025",1.094538,8.64467950885189
"867","Clupeidae","AT14-1-8",1.30022,1300.22,"Sub Recent","Bocas","Casa Blanca","new_2025",0.703557,6.44027527424937
"868","Clupeidae","AT14-1-8",1.028566,1028.566,"Sub Recent","Bocas","Casa Blanca","new_2025",0.625272,5.37084405042653
"869","Clupeidae","AT14-2-5",1.471272,1471.272,"Sub Recent","Bocas","Punta Donato","new_2025",0.934003,7.08748626806141
"870","Clupeidae","AT14-3-1",1.211071,1211.071,"Sub Recent","Bocas","Cayo Adriana","new_2025",0.738606,6.095428731891
"871","Clupeidae","AT14-3-3",1.045611,1045.611,"Sub Recent","Bocas","Cayo Adriana","new_2025",0.642363,5.43967542278271
"872","Clupeidae","AT14-3-5",1.226532,1226.532,"Sub Recent","Bocas","Cayo Adriana","new_2025",0.671943,6.15563413477319
"873","Clupeidae","AT14-3-5",0.944103,944.103,"Sub Recent","Bocas","Cayo Adriana","new_2025",0.542349,5.02586011702654
"874","Clupeidae","AT14-3-5",1.141748,1141.748,"Sub Recent","Bocas","Cayo Adriana","new_2025",0.662779,5.82331263306156
"875","Clupeidae","AT14-3-5",1.075002,1075.002,"Sub Recent","Bocas","Cayo Adriana","new_2025",0.625263,5.5577729369659
"876","Clupeidae","AT13-10-3-1",1.300202,1300.202,"Sub Recent","Bocas","Punta Caracol","new_2025",0.744497,6.44020619532972
"877","Clupeidae","AT13-10-4-1",0.900476,900.476,"Sub Recent","Bocas","Punta Caracol","new_2025",0.588607,4.84496424630988
"878","Clupeidae","AT13-12-1-1",1.082054,1082.054,"Sub Recent","Bocas","Casa Blanca","new_2025",0.729865,5.5860001843722
"879","Clupeidae","AT13-12-1-1",1.127744,1127.744,"Sub Recent","Bocas","Casa Blanca","new_2025",0.651557,5.76789612670756
"880","Clupeidae","AT13-10-4-2",1.232346,1232.346,"Sub Recent","Bocas","Punta Caracol","new_2025",0.662963,6.17822965182455
"881","Clupeidae","AT13-12-2-2",1.232338,1232.338,"Sub Recent","Bocas","Casa Blanca","new_2025",0.709904,6.17819857715934
"882","Clupeidae","AT13-12-2-2",1.115508,1115.508,"Sub Recent","Bocas","Casa Blanca","new_2025",0.650994,5.71934897216792
"883","Clupeidae","AT13-12-3-2",1.048602,1048.602,"Sub Recent","Bocas","Casa Blanca","new_2025",0.602437,5.45172756571604
"884","Clupeidae","AT13-12-3-2",1.235808,1235.808,"Sub Recent","Bocas","Casa Blanca","new_2025",0.702295,6.19167295428444
"885","Clupeidae","AT13-12-4-1",NA,NA,"Sub Recent","Bocas","Casa Blanca","new_2025",1.003049,10.2120736641313
"886","Batrachoididae","AT12-1-4-1",4.092606,4092.606,"Sub Recent","Bocas","STRI Point","new_2025",2.022222,9.44852994831408
"887","Batrachoididae","AT14-3-3",2.542331,2542.331,"Sub Recent","Bocas","Cayo Adriana","new_2025",1.367849,4.63620598983949
"888","Batrachoididae","AT14-3-6",1.373724,1373.724,"Sub Recent","Bocas","Cayo Adriana","new_2025",0.83832,1.84668319011147
"889","Batrachoididae","AT14-3-6",2.015826,2015.826,"Sub Recent","Bocas","Cayo Adriana","new_2025",1.200063,3.27685556314372
"890","Synodontidae","AT13-12-3-2",NA,NA,"Sub Recent","Bocas","Casa Blanca","new_2025",1.215956,11.5726859008575
"891","Synodontidae","AT13-12-3-2",NA,NA,"Sub Recent","Bocas","Casa Blanca","new_2025",1.025893,10.3626038999002
"892","Labridae","AT13-10-1-1",NA,NA,"Sub Recent","Bocas","Punta Caracol","new_2025",1.136171,11.0734245388927
"893","Labridae","AT13-10-1-2",1.602571,1602.571,"Sub Recent","Bocas","Punta Caracol","new_2025",1.016643,10.59249859494
"894","Labridae","AT14-1-5",2.852923,2852.923,"Sub Recent","Bocas","Casa Blanca","new_2025",1.784876,17.2222239789582
"895","Labridae","AT14-3-1",1.063653,1063.653,"Sub Recent","Bocas","Cayo Adriana","new_2025",0.695699,7.49843879887421
"896","Labridae","AT14-3-2",1.176696,1176.696,"Sub Recent","Bocas","Cayo Adriana","new_2025",0.81787,8.16466467803091
"897","Labridae","AT14-3-6",2.379087,2379.087,"Sub Recent","Bocas","Cayo Adriana","new_2025",1.399427,14.7778686982119
"898","Atherinidae","AT14-1-2",1.322996,1322.996,"Sub Recent","Bocas","Casa Blanca","new_2025",1.073789,2.33630633765729
"899","Atherinidae","AT14-1-2",1.112984,1112.984,"Sub Recent","Bocas","Casa Blanca","new_2025",0.89274,1.79506317621492
"900","Atherinidae","AT14-1-2",1.310232,1310.232,"Sub Recent","Bocas","Casa Blanca","new_2025",1.023894,2.30202894430168
"901","Atherinidae","AT14-1-2",NA,NA,"Sub Recent","Bocas","Casa Blanca","new_2025",1.034615,5.01597812601779
"902","Atherinidae","AT14-1-2",1.552357,1552.357,"Sub Recent","Bocas","Casa Blanca","new_2025",1.309932,2.98116801585424
"903","Atherinidae","AT14-1-2",1.547229,1547.229,"Sub Recent","Bocas","Casa Blanca","new_2025",1.162665,2.96616709103513
"904","Atherinidae","AT14-1-2",1.618222,1618.222,"Sub Recent","Bocas","Casa Blanca","new_2025",1.295115,3.17614179679101
"905","Atherinidae","AT14-1-2",1.519626,1519.626,"Sub Recent","Bocas","Casa Blanca","new_2025",1.259746,2.88586879750251
"906","Atherinidae","AT14-1-2",1.583415,1583.415,"Sub Recent","Bocas","Casa Blanca","new_2025",1.325367,3.07257641575541
"907","Atherinidae","AT14-1-2",NA,NA,"Sub Recent","Bocas","Casa Blanca","new_2025",0.957687,4.72519624369946
"908","Atherinidae","AT14-1-2",1.967742,1967.742,"Sub Recent","Bocas","Casa Blanca","new_2025",1.818553,4.2794013926989
"909","Atherinidae","AT14-1-2",2.091463,2091.463,"Sub Recent","Bocas","Casa Blanca","new_2025",1.983871,4.69631422054184
"910","Atherinidae","AT14-1-2",2.092008,2092.008,"Sub Recent","Bocas","Casa Blanca","new_2025",1.961999,4.69818010594945
"911","Atherinidae","AT14-1-2",1.44047,1440.47,"Sub Recent","Bocas","Casa Blanca","new_2025",1.294557,2.6598469666435
"912","Atherinidae","AT14-1-2",NA,NA,"Sub Recent","Bocas","Casa Blanca","new_2025",1.333513,6.10304735803705
"913","Atherinidae","AT14-1-2",0.773295,773.295,"Sub Recent","Bocas","Casa Blanca","new_2025",0.649539,1.03032940777687
"914","Atherinidae","AT14-1-5",0.916053,916.053,"Sub Recent","Bocas","Casa Blanca","new_2025",0.789689,1.33397623449421
"915","Atherinidae","AT14-1-5",1.263354,1263.354,"Sub Recent","Bocas","Casa Blanca","new_2025",0.998136,2.17764480919283
"916","Atherinidae","AT14-1-5",1.538686,1538.686,"Sub Recent","Bocas","Casa Blanca","new_2025",1.247531,2.94123416366059
"917","Atherinidae","AT14-1-5",1.392403,1392.403,"Sub Recent","Bocas","Casa Blanca","new_2025",1.139366,2.52572099782805
"918","Atherinidae","AT14-1-5",1.990272,1990.272,"Sub Recent","Bocas","Casa Blanca","new_2025",2.038904,4.35432658015403
"919","Atherinidae","AT14-1-5",1.748152,1748.152,"Sub Recent","Bocas","Casa Blanca","new_2025",1.635234,3.5730257601781
"920","Atherinidae","AT14-1-7",0.971919,971.919,"Sub Recent","Bocas","Casa Blanca","new_2025",0.761309,1.45997151485108
"921","Atherinidae","AT14-1-7",1.238503,1238.503,"Sub Recent","Bocas","Casa Blanca","new_2025",0.941006,2.11267612448952
"922","Atherinidae","AT14-1-7",1.448512,1448.512,"Sub Recent","Bocas","Casa Blanca","new_2025",1.201304,2.68251966760894
"923","Atherinidae","AT14-1-7",1.215194,1215.194,"Sub Recent","Bocas","Casa Blanca","new_2025",0.974326,2.05235690924049
"924","Atherinidae","AT14-1-7",1.204275,1204.275,"Sub Recent","Bocas","Casa Blanca","new_2025",0.9683,2.02430801534907
"925","Atherinidae","AT14-1-7",1.284184,1284.184,"Sub Recent","Bocas","Casa Blanca","new_2025",1.139691,2.23262070843763
"926","Atherinidae","AT14-1-7",1.058647,1058.647,"Sub Recent","Bocas","Casa Blanca","new_2025",0.798014,1.66317778941507
"927","Atherinidae","AT14-1-7",1.010077,1010.077,"Sub Recent","Bocas","Casa Blanca","new_2025",NA,1.54825388172319
"928","Atherinidae","AT14-1-7",2.15469,2154.69,"Sub Recent","Bocas","Casa Blanca","new_2025",1.882155,4.91447429494468
"929","Atherinidae","AT14-1-7",1.085218,1085.218,"Sub Recent","Bocas","Casa Blanca","new_2025",0.927635,1.72723761494044
"930","Atherinidae","AT14-1-7",0.999563,999.563,"Sub Recent","Bocas","Casa Blanca","new_2025",0.840663,1.52375094290677
"931","Atherinidae","AT14-1-7",1.389256,1389.256,"Sub Recent","Bocas","Casa Blanca","new_2025",1.207776,2.51702315878613
"932","Atherinidae","AT14-1-7",1.261245,1261.245,"Sub Recent","Bocas","Casa Blanca","new_2025",1.186663,2.17210493203673
"933","Atherinidae","AT14-1-7",1.651089,1651.089,"Sub Recent","Bocas","Casa Blanca","new_2025",1.42282,3.27501390630915
"934","Atherinidae","AT14-1-7",1.633738,1633.738,"Sub Recent","Bocas","Casa Blanca","new_2025",1.427261,3.22268781994112
"935","Atherinidae","AT14-1-7",1.860126,1860.126,"Sub Recent","Bocas","Casa Blanca","new_2025",1.788533,3.92774976843483
"936","Atherinidae","AT14-1-8",2.003492,2003.492,"Sub Recent","Bocas","Casa Blanca","new_2025",1.942187,4.39849857708665
"937","Atherinidae","AT14-1-8",1.461795,1461.795,"Sub Recent","Bocas","Casa Blanca","new_2025",1.276516,2.72011298379909
"938","Atherinidae","AT14-1-8",0.913624,913.624,"Sub Recent","Bocas","Casa Blanca","new_2025",0.754971,1.32858727960557
"939","Atherinidae","AT14-1-8",1.287778,1287.778,"Sub Recent","Bocas","Casa Blanca","new_2025",1.090351,2.24215385203064
"940","Atherinidae","AT14-1-8",1.51191,1511.91,"Sub Recent","Bocas","Casa Blanca","new_2025",1.29773,2.86355853604341
"941","Atherinidae","AT14-1-1",2.113563,2113.563,"Sub Recent","Bocas","Casa Blanca","new_2025",2.180242,4.77218089994351
"942","Atherinidae","AT14-1-1",1.393121,1393.121,"Sub Recent","Bocas","Casa Blanca","new_2025",1.06894,2.52770688889839
"943","Atherinidae","AT14-2-1",1.397636,1397.636,"Sub Recent","Bocas","Punta Donato","new_2025",1.186167,2.54020706946746
"944","Atherinidae","AT14-2-1",1.738586,1738.586,"Sub Recent","Bocas","Punta Donato","new_2025",1.469206,3.54326014722343
"945","Atherinidae","AT14-2-2",1.732997,1732.997,"Sub Recent","Bocas","Punta Donato","new_2025",1.359858,3.52590907724539
"946","Atherinidae","AT14-2-4",1.529912,1529.912,"Sub Recent","Bocas","Punta Donato","new_2025",1.281435,2.91570254088394
"947","Atherinidae","AT14-2-4",1.506811,1506.811,"Sub Recent","Bocas","Punta Donato","new_2025",1.221524,2.84884786751155
"948","Atherinidae","AT14-2-4",1.340177,1340.177,"Sub Recent","Bocas","Punta Donato","new_2025",1.134175,2.38271994232574
"949","Atherinidae","AT14-3-3",1.236406,1236.406,"Sub Recent","Bocas","Cayo Adriana","new_2025",1.020029,2.1072249115449
"950","Atherinidae","AT14-3-3",1.399521,1399.521,"Sub Recent","Bocas","Cayo Adriana","new_2025",1.180146,2.5454321356302
"951","Atherinidae","AT14-3-4",1.645417,1645.417,"Sub Recent","Bocas","Cayo Adriana","new_2025",1.402513,3.25787674059814
"952","Atherinidae","AT14-3-4",1.225741,1225.741,"Sub Recent","Bocas","Cayo Adriana","new_2025",0.997711,2.07957603930053
"953","Atherinidae","AT14-3-4",1.025023,1025.023,"Sub Recent","Bocas","Cayo Adriana","new_2025",0.802014,1.58331638077987
"954","Atherinidae","AT14-3-5",1.696495,1696.495,"Sub Recent","Bocas","Cayo Adriana","new_2025",1.495711,3.41331185258392
"955","Atherinidae","AT14-3-5",1.292702,1292.702,"Sub Recent","Bocas","Cayo Adriana","new_2025",1.10761,2.25523751517786
"956","Atherinidae","AT14-3-5",0.919595,919.595,"Sub Recent","Bocas","Cayo Adriana","new_2025",0.736702,1.3418479217508
"957","Atherinidae","AT14-3-6",1.711012,1711.012,"Sub Recent","Bocas","Cayo Adriana","new_2025",1.430434,3.45794160033012
"958","Atherinidae","AT14-3-6",1.849363,1849.363,"Sub Recent","Bocas","Cayo Adriana","new_2025",1.475226,3.89315372853295
"959","Atherinidae","AT12-1-2-1",1.188094,1188.094,"Sub Recent","Bocas","STRI Point","new_2025",0.96355,1.98298694572195
"960","Atherinidae","AT12-1-2-2",1.323384,1323.384,"Sub Recent","Bocas","STRI Point","new_2025",1.00577,2.33735102951478
"961","Atherinidae","AT12-1-2-2",1.542985,1542.985,"Sub Recent","Bocas","STRI Point","new_2025",1.461367,2.95377183483585
"962","Atherinidae","AT12-1-3-1",1.392739,1392.739,"Sub Recent","Bocas","STRI Point","new_2025",1.11565,2.52665026161161
"963","Atherinidae","AT12-1-3-1",1.375092,1375.092,"Sub Recent","Bocas","STRI Point","new_2025",1.212712,2.47800400489305
"964","Atherinidae","AT12-1-3-1",1.660759,1660.759,"Sub Recent","Bocas","STRI Point","new_2025",1.402626,3.30430172235529
"965","Atherinidae","AT12-1-4-1",1.482353,1482.353,"Sub Recent","Bocas","STRI Point","new_2025",1.301849,2.77864974368795
"966","Atherinidae","AT12-1-4-1",1.154956,1154.956,"Sub Recent","Bocas","STRI Point","new_2025",0.965512,1.89928337519837
"967","Atherinidae","AT12-1-5-1",1.3377,1337.7,"Sub Recent","Bocas","STRI Point","new_2025",1.197356,2.37600908483007
"968","Atherinidae","AT12-1-5-1",1.243823,1243.823,"Sub Recent","Bocas","STRI Point","new_2025",0.996492,2.12652734428965
"969","Atherinidae","AT12-1-6-1",1.431681,1431.681,"Sub Recent","Bocas","STRI Point","new_2025",1.161345,2.63514409423163
"970","Atherinidae","AT13-10-3-1",2.080024,2080.024,"Sub Recent","Bocas","Punta Caracol","new_2025",2.028911,4.65721007272236
"971","Atherinidae","AT13-10-4-2",NA,NA,"Sub Recent","Bocas","Punta Caracol","new_2025",1.243263,5.78126953329795
"972","Atherinidae","AT13-10-2-1",NA,NA,"Sub Recent","Bocas","Punta Caracol","new_2025",1.450853,6.51412629655151
"973","Atherinidae","AT13-10-2-1",NA,NA,"Sub Recent","Bocas","Punta Caracol","new_2025",1.224901,5.71516182951352
"974","Atherinidae","AT13-10-2-1",2.267899,2267.899,"Sub Recent","Bocas","Punta Caracol","new_2025",2.030588,5.31351848541455
"975","Atherinidae","AT13-10-2-1",1.598229,1598.229,"Sub Recent","Bocas","Punta Caracol","new_2025",1.304002,3.11650983028761
"976","Atherinidae","AT13-10-3-2",1.965,1965,"Sub Recent","Bocas","Punta Caracol","new_2025",1.704063,4.27031324567708
"977","Atherinidae","AT13-10-3-2",1.165717,1165.717,"Sub Recent","Bocas","Punta Caracol","new_2025",0.921952,1.92632839338942
"978","Atherinidae","AT13-10-3-2",1.759994,1759.994,"Sub Recent","Bocas","Punta Caracol","new_2025",1.535632,3.60999188877155
"979","Atherinidae","AT13-10-3-2",1.281963,1281.963,"Sub Recent","Bocas","Punta Caracol","new_2025",1.103736,2.22673646047431
"980","Atherinidae","AT13-12-2-1",1.657074,1657.074,"Sub Recent","Bocas","Casa Blanca","new_2025",1.42295,3.29313027407623
"981","Atherinidae","AT13-12-2-1",1.647103,1647.103,"Sub Recent","Bocas","Casa Blanca","new_2025",1.385656,3.26296752553206
"982","Atherinidae","AT13-12-2-1",1.716927,1716.927,"Sub Recent","Bocas","Casa Blanca","new_2025",1.469305,3.47618326948533
"983","Atherinidae","AT13-12-2-1",1.356709,1356.709,"Sub Recent","Bocas","Casa Blanca","new_2025",1.136175,2.42767600332636
"984","Atherinidae","AT13-12-2-1",1.362147,1362.147,"Sub Recent","Bocas","Casa Blanca","new_2025",1.208352,2.44252684622308
"985","Atherinidae","AT13-12-2-1",1.45628,1456.28,"Sub Recent","Bocas","Casa Blanca","new_2025",1.221096,2.70448267430075
"986","Apogonidae","AT12-1-1-1",1.605716,1605.716,"Sub Recent","Bocas","STRI Point","new_2025",1.192141,2.69870763235599
"987","Apogonidae","AT12-1-1-1",1.007019,1007.019,"Sub Recent","Bocas","STRI Point","new_2025",0.760598,1.70399162572521
"988","Apogonidae","AT12-1-3-1",NA,NA,"Sub Recent","Bocas","STRI Point","new_2025",1.38054,4.40038655025419
"989","Apogonidae","AT12-1-3-1",1.957079,1957.079,"Sub Recent","Bocas","STRI Point","new_2025",1.337452,3.27980036554083
"990","Apogonidae","AT12-1-3-1",3.16887,3168.87,"Sub Recent","Bocas","STRI Point","new_2025",2.100033,5.27356126103556
"991","Apogonidae","AT12-1-2-2",2.00515,2005.15,"Sub Recent","Bocas","STRI Point","new_2025",1.517402,3.35917690084928
"992","Apogonidae","AT12-1-4-1",1.469966,1469.966,"Sub Recent","Bocas","STRI Point","new_2025",1.05996,2.47372542233563
"993","Apogonidae","AT12-1-4-1",1.235037,1235.037,"Sub Recent","Bocas","STRI Point","new_2025",0.913915,2.08363892141646
"994","Apogonidae","AT12-1-5-1",2.190537,2190.537,"Sub Recent","Bocas","STRI Point","new_2025",1.581632,3.66504142424934
"995","Apogonidae","AT12-1-6-1",1.537402,1537.402,"Sub Recent","Bocas","STRI Point","new_2025",1.079166,2.58552502597013
"996","Apogonidae","AT12-1-6-1",1.393617,1393.617,"Sub Recent","Bocas","STRI Point","new_2025",1.027673,2.34705913914812
"997","Apogonidae","AT13-12-4-2",2.578022,2578.022,"Sub Recent","Bocas","Casa Blanca","new_2025",1.761689,4.30316161130241
"998","Apogonidae","AT13-12-4-2",1.964531,1964.531,"Sub Recent","Bocas","Casa Blanca","new_2025",1.337438,3.29210720868003
"999","Apogonidae","AT13-12-4-2",1.053032,1053.032,"Sub Recent","Bocas","Casa Blanca","new_2025",0.749455,1.78069512234727
"1000","Apogonidae","AT13-12-4-2",1.690701,1690.701,"Sub Recent","Bocas","Casa Blanca","new_2025",0.128512,2.83941346963412
"1001","Apogonidae","AT13-12-4-2",1.820992,1820.992,"Sub Recent","Bocas","Casa Blanca","new_2025",1.376885,3.0549326957767
"1002","Apogonidae","AT13-12-4-2",1.642909,1642.909,"Sub Recent","Bocas","Casa Blanca","new_2025",1.211006,2.76029938836917
"1003","Apogonidae","AT13-12-4-2",2.05859,2058.59,"Sub Recent","Bocas","Casa Blanca","new_2025",1.498135,3.44738651264609
"1004","Apogonidae","AT13-12-4-2",NA,NA,"Sub Recent","Bocas","Casa Blanca","new_2025",0.88227,3.11158879813599
"1005","Apogonidae","AT13-12-4-2",1.824813,1824.813,"Sub Recent","Bocas","Casa Blanca","new_2025",1.38596,3.0612496945466
"1006","Apogonidae","AT13-10-1-1",1.810845,1810.845,"Sub Recent","Bocas","Punta Caracol","new_2025",1.34126,3.03815641707938
"1007","Apogonidae","AT13-10-1-2",1.964705,1964.705,"Sub Recent","Bocas","Punta Caracol","new_2025",1.414551,3.29239455842145
"1008","Apogonidae","AT13-10-3-1",2.274919,2274.919,"Sub Recent","Bocas","Punta Caracol","new_2025",1.577757,3.80413431301907
"1009","Apogonidae","AT13-10-3-2",2.347151,2347.151,"Sub Recent","Bocas","Punta Caracol","new_2025",1.626642,3.92313986452922
"1010","Apogonidae","AT13-10-3-2",1.427238,1427.238,"Sub Recent","Bocas","Punta Caracol","new_2025",1.025086,2.40284992910576
"1011","Apogonidae","AT13-10-4-1",NA,NA,"Sub Recent","Bocas","Punta Caracol","new_2025",1.818752,5.44705109111289
"1012","Apogonidae","AT13-10-4-1",1.828407,1828.407,"Sub Recent","Bocas","Punta Caracol","new_2025",1.375595,3.06719123437686
"1013","Apogonidae","AT13-10-5-2",0.906798,906.798,"Sub Recent","Bocas","Punta Caracol","new_2025",0.709973,1.53674393498199
"1014","Apogonidae","AT13-12-1-1",1.634503,1634.503,"Sub Recent","Bocas","Casa Blanca","new_2025",1.263545,2.74638080653982
"1015","Apogonidae","AT13-12-1-1",NA,NA,"Sub Recent","Bocas","Casa Blanca","new_2025",1.610169,4.95693900716723
"1016","Apogonidae","AT13-12-1-1",2.063587,2063.587,"Sub Recent","Bocas","Casa Blanca","new_2025",1.700978,3.45563299204832
"1017","Apogonidae","AT13-12-1-2",NA,NA,"Sub Recent","Bocas","Casa Blanca","new_2025",1.070367,3.61366306755602
"1018","Apogonidae","AT13-12-1-2",1.559566,1559.566,"Sub Recent","Bocas","Casa Blanca","new_2025",1.062005,2.62225418283333
"1019","Apogonidae","AT13-12-1-2",1.9139,1913.9,"Sub Recent","Bocas","Casa Blanca","new_2025",1.490024,3.20847754880657
"1020","Apogonidae","AT13-12-1-2",2.338744,2338.744,"Sub Recent","Bocas","Casa Blanca","new_2025",1.571749,3.90929171080679
"1021","Apogonidae","AT13-12-2-1",2.318917,2318.917,"Sub Recent","Bocas","Casa Blanca","new_2025",1.707793,3.87662947066942
"1022","Apogonidae","AT13-12-2-1",2.319064,2319.064,"Sub Recent","Bocas","Casa Blanca","new_2025",1.655221,3.87687164771776
"1023","Apogonidae","AT13-12-2-1",2.000492,2000.492,"Sub Recent","Bocas","Casa Blanca","new_2025",1.468191,3.35148666636002
"1024","Apogonidae","AT13-12-2-1",1.874345,1874.345,"Sub Recent","Bocas","Casa Blanca","new_2025",1.333514,3.14312033365787
"1025","Apogonidae","AT13-12-2-1",1.347673,1347.673,"Sub Recent","Bocas","Casa Blanca","new_2025",0.959719,2.27078781476523
"1026","Apogonidae","AT13-12-2-2",NA,NA,"Sub Recent","Bocas","Casa Blanca","new_2025",1.165522,3.85991179967863
"1027","Apogonidae","AT13-12-2-2",1.975186,1975.186,"Sub Recent","Bocas","Casa Blanca","new_2025",1.356449,3.30970257136191
"1028","Apogonidae","AT13-12-2-2",1.878564,1878.564,"Sub Recent","Bocas","Casa Blanca","new_2025",1.398967,3.15009238644963
"1029","Apogonidae","AT13-12-2-2",1.551625,1551.625,"Sub Recent","Bocas","Casa Blanca","new_2025",1.078544,2.60909560156844
"1030","Apogonidae","AT13-12-3-2",2.47298,2472.98,"Sub Recent","Bocas","Casa Blanca","new_2025",1.695543,4.13032288539408
"1031","Apogonidae","AT13-12-3-2",0.983627,983.627,"Sub Recent","Bocas","Casa Blanca","new_2025",0.704696,1.66497787242912
"1032","Apogonidae","AT13-12-3-2",NA,NA,"Sub Recent","Bocas","Casa Blanca","new_2025",1.326593,4.26669234630623
"1033","Apogonidae","AT13-12-3-2",1.307966,1307.966,"Sub Recent","Bocas","Casa Blanca","new_2025",0.998227,2.20484010712061
"1034","Apogonidae","AT14-3-2",3.331243,3331.243,"Sub Recent","Bocas","Cayo Adriana","new_2025",2.232826,5.53975709897783
"1035","Apogonidae","AT14-2-1",2.157287,2157.287,"Sub Recent","Bocas","Punta Donato","new_2025",1.607832,3.6102118575237
"1036","Apogonidae","AT14-2-1",NA,NA,"Sub Recent","Bocas","Punta Donato","new_2025",1.555108,4.82522141254245
"1037","Apogonidae","AT14-3-5",NA,NA,"Sub Recent","Bocas","Cayo Adriana","new_2025",1.841673,5.50011080952039
"1038","Apogonidae","AT14-3-5",2.251126,2251.126,"Sub Recent","Bocas","Cayo Adriana","new_2025",1.481425,3.76492231562718
"1039","Apogonidae","AT14-2-5",2.07356,2073.56,"Sub Recent","Bocas","Punta Donato","new_2025",1.457751,3.47209042861862
"1040","Apogonidae","AT14-2-5",1.847099,1847.099,"Sub Recent","Bocas","Punta Donato","new_2025",1.371045,3.09808980439726
"1041","Apogonidae","AT14-3-4",1.426618,1426.618,"Sub Recent","Bocas","Cayo Adriana","new_2025",0.990735,2.40182127333868
"1042","Apogonidae","AT14-3-6",NA,NA,"Sub Recent","Bocas","Cayo Adriana","new_2025",2.151723,6.2040569220414
"1043","Apogonidae","AT14-3-6",1.960888,1960.888,"Sub Recent","Bocas","Cayo Adriana","new_2025",1.341006,3.28609094497009
"1044","Apogonidae","AT14-3-1",2.011344,2011.344,"Sub Recent","Bocas","Cayo Adriana","new_2025",1.395888,3.36940262885339
"1045","Apogonidae","AT14-3-1",1.396197,1396.197,"Sub Recent","Bocas","Cayo Adriana","new_2025",0.894094,2.35134108555221
"1046","Apogonidae","AT14-3-1",2.00725,2007.25,"Sub Recent","Bocas","Cayo Adriana","new_2025",1.421539,3.3626438602833
"1047","Apogonidae","AT13-12-4-1",2.26244,2262.44,"Sub Recent","Bocas","Casa Blanca","new_2025",1.647294,3.78356907323906
"1048","Apogonidae","AT13-12-4-1",1.778269,1778.269,"Sub Recent","Bocas","Casa Blanca","new_2025",1.292457,2.98428846814602
"1049","Apogonidae","AT13-12-4-1",1.664986,1664.986,"Sub Recent","Bocas","Casa Blanca","new_2025",1.219124,2.79684938234153
"1050","Apogonidae","AT13-12-4-1",1.514284,1514.284,"Sub Recent","Bocas","Casa Blanca","new_2025",1.052709,2.54720674819026
"1051","Apogonidae","AT13-12-4-1",1.872442,1872.442,"Sub Recent","Bocas","Casa Blanca","new_2025",1.318567,3.13997548155931
"1052","Engraulidae","AT12-1-1-1",3.328776,3328.776,"Sub Recent","Bocas","STRI Point","new_2025",1.954216,12.4013950870714
"1053","Engraulidae","AT12-1-2-1",2.158373,2158.373,"Sub Recent","Bocas","STRI Point","new_2025",1.198967,7.64773941577046
"1054","Engraulidae","AT12-1-5-1",2.557342,2557.342,"Sub Recent","Bocas","STRI Point","new_2025",1.561768,9.24106111281543
"1055","Engraulidae","AT12-1-5-1",2.075197,2075.197,"Sub Recent","Bocas","STRI Point","new_2025",1.325075,7.3196510891953
"1056","Engraulidae","AT12-1-5-1",1.249098,1249.098,"Sub Recent","Bocas","STRI Point","new_2025",0.793647,4.15440547137181
"1057","Engraulidae","AT12-1-5-1",2.159522,2159.522,"Sub Recent","Bocas","STRI Point","new_2025",1.205549,7.65228204276125
"1058","Engraulidae","AT12-1-6-1",2.238776,2238.776,"Sub Recent","Bocas","STRI Point","new_2025",1.419198,7.96628467815319
"1059","Engraulidae","AT12-1-2-1",1.624099,1624.099,"Sub Recent","Bocas","STRI Point","new_2025",0.873065,5.56829549774675
"1060","Engraulidae","AT12-1-2-1",NA,NA,"Sub Recent","Bocas","STRI Point","new_2025",1.123583,10.5843984522506
"1061","Engraulidae","AT12-1-2-1",1.872114,1872.114,"Sub Recent","Bocas","STRI Point","new_2025",1.214982,6.52508484080379
"1062","Engraulidae","AT12-1-2-1",1.846031,1846.031,"Sub Recent","Bocas","STRI Point","new_2025",1.144527,6.42373414785448
"1063","Engraulidae","AT12-1-2-1",2.19014,2190.14,"Sub Recent","Bocas","STRI Point","new_2025",1.37497,7.77343443233135
"1064","Engraulidae","AT12-1-2-1",2.109423,2109.423,"Sub Recent","Bocas","STRI Point","new_2025",1.313555,7.45447491126599
"1065","Engraulidae","AT13-10-2-1",2.031355,2031.355,"Sub Recent","Bocas","Punta Caracol","new_2025",1.203849,7.14732389817408
"1066","Engraulidae","AT13-10-2-1",1.976486,1976.486,"Sub Recent","Bocas","Punta Caracol","new_2025",1.118303,6.9322603359935
"1067","Engraulidae","AT13-10-2-1",1.408611,1408.611,"Sub Recent","Bocas","Punta Caracol","new_2025",0.9791,4.75056200059844
"1068","Engraulidae","AT13-10-2-2",1.894731,1894.731,"Sub Recent","Bocas","Punta Caracol","new_2025",1.165887,6.61310019318675
"1069","Engraulidae","AT13-10-2-2",1.6778,1677.8,"Sub Recent","Bocas","Punta Caracol","new_2025",0.953016,5.77411265225433
"1070","Engraulidae","AT13-10-3-1",1.667804,1667.804,"Sub Recent","Bocas","Punta Caracol","new_2025",0.941796,5.73574295612507
"1071","Engraulidae","AT13-10-3-1",2.130789,2130.789,"Sub Recent","Bocas","Punta Caracol","new_2025",1.087213,7.53876906389976
"1072","Engraulidae","AT13-10-3-1",2.137751,2137.751,"Sub Recent","Bocas","Punta Caracol","new_2025",1.077926,7.56625706364195
"1073","Engraulidae","AT13-10-3-1",2.075566,2075.566,"Sub Recent","Bocas","Punta Caracol","new_2025",1.332103,7.3211032976879
"1074","Engraulidae","AT13-10-3-1",1.951156,1951.156,"Sub Recent","Bocas","Punta Caracol","new_2025",1.212904,6.83320909203293
"1075","Engraulidae","AT13-10-3-2",1.779899,1779.899,"Sub Recent","Bocas","Punta Caracol","new_2025",0.982585,6.16751224148432
"1076","Engraulidae","AT13-10-3-2",2.08649,2086.49,"Sub Recent","Bocas","Punta Caracol","new_2025",1.157225,7.36410848366252
"1077","Engraulidae","AT13-10-3-2",2.108215,2108.215,"Sub Recent","Bocas","Punta Caracol","new_2025",1.119026,7.44971199434548
"1078","Engraulidae","AT13-10-3-2",1.89825,1898.25,"Sub Recent","Bocas","Punta Caracol","new_2025",1.06489,6.62680555643918
"1079","Engraulidae","AT13-10-3-2",NA,NA,"Sub Recent","Bocas","Punta Caracol","new_2025",0.971816,9.6819431044396
"1080","Engraulidae","AT13-10-3-2",NA,NA,"Sub Recent","Bocas","Punta Caracol","new_2025",0.651766,7.57555235819048
"1081","Engraulidae","AT13-10-3-2",NA,NA,"Sub Recent","Bocas","Punta Caracol","new_2025",1.040276,10.0952999414152
"1082","Engraulidae","AT13-10-3-2",1.713715,1713.715,"Sub Recent","Bocas","Punta Caracol","new_2025",0.975306,5.91218997879322
"1083","Engraulidae","AT13-10-4-1",NA,NA,"Sub Recent","Bocas","Punta Caracol","new_2025",1.414519,12.1922033180248
"1084","Engraulidae","AT13-10-4-1",2.351399,2351.399,"Sub Recent","Bocas","Punta Caracol","new_2025",1.413663,8.41470334686848
"1085","Engraulidae","AT13-10-4-1",1.974368,1974.368,"Sub Recent","Bocas","Punta Caracol","new_2025",1.18082,6.92397238410149
"1086","Engraulidae","AT13-10-4-1",2.014306,2014.306,"Sub Recent","Bocas","Punta Caracol","new_2025",1.097902,7.08042605679173
"1087","Engraulidae","AT13-10-4-1",2.40454,2404.54,"Sub Recent","Bocas","Punta Caracol","new_2025",1.454064,8.62716141260438
"1088","Engraulidae","AT13-10-4-1",NA,NA,"Sub Recent","Bocas","Punta Caracol","new_2025",1.118179,10.5531055418249
"1089","Engraulidae","AT13-10-4-1",1.815801,1815.801,"Sub Recent","Bocas","Punta Caracol","new_2025",1.054041,6.30647681691819
"1090","Engraulidae","AT13-10-4-2",1.99934,1999.34,"Sub Recent","Bocas","Punta Caracol","new_2025",1.160037,7.02175558576269
"1091","Engraulidae","AT13-10-4-2",1.580916,1580.916,"Sub Recent","Bocas","Punta Caracol","new_2025",1.125299,5.403359467593
"1092","Engraulidae","AT13-10-5-1",1.70088,1700.88,"Sub Recent","Bocas","Punta Caracol","new_2025",0.978482,5.86280623211215
"1093","Engraulidae","AT13-10-5-1",1.587809,1587.809,"Sub Recent","Bocas","Punta Caracol","new_2025",1.072859,5.42965245113314
"1094","Engraulidae","AT13-10-5-1",1.859332,1859.332,"Sub Recent","Bocas","Punta Caracol","new_2025",1.050649,6.47539726801479
"1095","Engraulidae","AT13-10-5-1",1.576419,1576.419,"Sub Recent","Bocas","Punta Caracol","new_2025",0.869372,5.38621304678374
"1096","Engraulidae","AT13-10-5-1",2.00352,2003.52,"Sub Recent","Bocas","Punta Caracol","new_2025",1.014243,7.0381371337073
"1097","Engraulidae","AT13-10-5-2",2.071485,2071.485,"Sub Recent","Bocas","Punta Caracol","new_2025",1.261484,7.30504408619399
"1098","Engraulidae","AT13-10-5-2",1.817354,1817.354,"Sub Recent","Bocas","Punta Caracol","new_2025",1.082116,6.31249518281194
"1099","Engraulidae","AT13-10-5-2",2.268641,2268.641,"Sub Recent","Bocas","Punta Caracol","new_2025",1.365017,8.08494585321454
"1100","Engraulidae","AT13-10-5-2",2.020175,2020.175,"Sub Recent","Bocas","Punta Caracol","new_2025",1.097388,7.10344780546689
"1101","Engraulidae","AT13-10-5-2",1.732067,1732.067,"Sub Recent","Bocas","Punta Caracol","new_2025",0.980196,5.98287518193493
"1102","Engraulidae","AT13-10-5-2",1.857492,1857.492,"Sub Recent","Bocas","Punta Caracol","new_2025",0.98293,6.46824786953696
"1103","Engraulidae","AT13-10-4-2",2.33586,2335.86,"Sub Recent","Bocas","Punta Caracol","new_2025",1.388594,8.35268271629472
"1104","Engraulidae","AT13-12-1-2",NA,NA,"Sub Recent","Bocas","Casa Blanca","new_2025",1.098812,10.4404746030484
"1105","Engraulidae","AT13-12-1-2",1.335447,1335.447,"Sub Recent","Bocas","Casa Blanca","new_2025",0.860388,4.4760948303756
"1106","Engraulidae","AT13-12-1-2",1.226727,1226.727,"Sub Recent","Bocas","Casa Blanca","new_2025",0.873179,4.07147539547908
"1107","Engraulidae","AT13-12-1-2",1.317866,1317.866,"Sub Recent","Bocas","Casa Blanca","new_2025",0.771952,4.41039700914998
"1108","Engraulidae","AT13-12-1-2",NA,NA,"Sub Recent","Bocas","Casa Blanca","new_2025",0.909583,9.29632188889097
"1109","Engraulidae","AT13-12-1-2",2.027848,2027.848,"Sub Recent","Bocas","Casa Blanca","new_2025",1.096754,7.13355760316362
"1110","Engraulidae","AT13-12-1-2",1.767888,1767.888,"Sub Recent","Bocas","Casa Blanca","new_2025",0.958349,6.12109375981197
"1111","Engraulidae","AT13-12-1-2",2.215436,2215.436,"Sub Recent","Bocas","Casa Blanca","new_2025",1.105198,7.87367631872899
"1112","Engraulidae","AT13-12-1-1",NA,NA,"Sub Recent","Bocas","Casa Blanca","new_2025",1.103583,10.4682915155966
"1113","Engraulidae","AT13-12-1-1",1.386182,1386.182,"Sub Recent","Bocas","Casa Blanca","new_2025",0.801125,4.66624238503072
"1114","Engraulidae","AT13-12-1-1",1.776321,1776.321,"Sub Recent","Bocas","Casa Blanca","new_2025",1.135286,6.15368066999667
"1115","Engraulidae","AT13-12-1-1",1.569694,1569.694,"Sub Recent","Bocas","Casa Blanca","new_2025",0.941382,5.36058214597475
"1116","Engraulidae","AT13-12-1-1",2.087634,2087.634,"Sub Recent","Bocas","Casa Blanca","new_2025",1.297206,7.3686136492839
"1117","Engraulidae","AT13-12-2-1",NA,NA,"Sub Recent","Bocas","Casa Blanca","new_2025",1.050704,10.1573297872964
"1118","Engraulidae","AT13-12-2-1",NA,NA,"Sub Recent","Bocas","Casa Blanca","new_2025",1.047758,10.1398299917524
"1119","Engraulidae","AT13-12-2-1",2.108336,2108.336,"Sub Recent","Bocas","Casa Blanca","new_2025",1.284772,7.45018906036669
"1120","Engraulidae","AT13-12-2-1",2.417324,2417.324,"Sub Recent","Bocas","Casa Blanca","new_2025",1.413787,8.67835353915851
"1121","Engraulidae","AT13-12-2-1",2.009309,2009.309,"Sub Recent","Bocas","Casa Blanca","new_2025",1.068533,7.06083093445592
"1122","Engraulidae","AT13-12-2-1",1.853853,1853.853,"Sub Recent","Bocas","Casa Blanca","new_2025",1.004977,6.45411079417979
"1123","Engraulidae","AT13-12-2-1",1.98492,1984.92,"Sub Recent","Bocas","Casa Blanca","new_2025",1.095221,6.96527363408408
"1124","Engraulidae","AT13-12-2-2",NA,NA,"Sub Recent","Bocas","Casa Blanca","new_2025",0.89259,9.18927330490946
"1125","Engraulidae","AT13-12-2-2",2.218012,2218.012,"Sub Recent","Bocas","Casa Blanca","new_2025",1.311381,7.88389183947631
"1126","Engraulidae","AT13-12-2-2",1.711651,1711.651,"Sub Recent","Bocas","Casa Blanca","new_2025",0.96269,5.90424566701977
"1127","Engraulidae","AT13-12-2-2",2.352568,2352.568,"Sub Recent","Bocas","Casa Blanca","new_2025",1.35765,8.41937108597257
"1128","Engraulidae","AT13-12-2-2",2.048828,2048.828,"Sub Recent","Bocas","Casa Blanca","new_2025",1.226465,7.21595291912225
"1129","Engraulidae","AT13-12-2-2",2.067201,2067.201,"Sub Recent","Bocas","Casa Blanca","new_2025",1.124203,7.28818998555511
"1130","Engraulidae","AT13-12-2-2",2.268693,2268.693,"Sub Recent","Bocas","Casa Blanca","new_2025",1.187434,8.08515262074795
"1131","Engraulidae","AT13-12-2-2",2.071118,2071.118,"Sub Recent","Bocas","Casa Blanca","new_2025",1.058193,7.30360007770137
"1132","Engraulidae","AT13-12-2-2",1.50041,1500.41,"Sub Recent","Bocas","Casa Blanca","new_2025",0.859058,5.09726970328562
"1133","Engraulidae","AT13-12-2-2",1.625594,1625.594,"Sub Recent","Bocas","Casa Blanca","new_2025",1.080363,5.57401477547215
"1134","Engraulidae","AT13-12-2-2",2.03716,2037.16,"Sub Recent","Bocas","Casa Blanca","new_2025",1.317899,7.17011675224758
"1135","Engraulidae","AT13-12-3-1",2.146716,2146.716,"Sub Recent","Bocas","Casa Blanca","new_2025",1.260246,7.60166875094072
"1136","Engraulidae","AT13-12-3-1",1.504588,1504.588,"Sub Recent","Bocas","Casa Blanca","new_2025",0.950462,5.11310889859455
"1137","Engraulidae","AT13-12-3-1",1.894103,1894.103,"Sub Recent","Bocas","Casa Blanca","new_2025",1.098365,6.61065464659089
"1138","Engraulidae","AT13-12-3-1",1.864829,1864.829,"Sub Recent","Bocas","Casa Blanca","new_2025",1.057322,6.49676097131168
"1139","Engraulidae","AT13-12-3-1",1.727241,1727.241,"Sub Recent","Bocas","Casa Blanca","new_2025",1.011784,5.96427875256714
"1140","Engraulidae","AT13-12-3-1",1.684669,1684.669,"Sub Recent","Bocas","Casa Blanca","new_2025",0.964392,5.80049469590586
"1141","Engraulidae","AT13-12-3-1",1.69748,1697.48,"Sub Recent","Bocas","Casa Blanca","new_2025",0.916464,5.84973165667491
"1142","Engraulidae","AT13-12-3-1",2.281393,2281.393,"Sub Recent","Bocas","Casa Blanca","new_2025",1.429042,8.1356680153349
"1143","Engraulidae","AT13-12-3-1",1.023819,1023.819,"Sub Recent","Bocas","Casa Blanca","new_2025",0.732446,3.327651201427
"1144","Engraulidae","AT13-12-3-1",1.639185,1639.185,"Sub Recent","Bocas","Casa Blanca","new_2025",1.170481,5.62603642344313
"1145","Engraulidae","AT13-12-3-2",2.069221,2069.221,"Sub Recent","Bocas","Casa Blanca","new_2025",1.215587,7.29613656060781
"1146","Engraulidae","AT13-12-3-2",NA,NA,"Sub Recent","Bocas","Casa Blanca","new_2025",1.101904,10.4585075493969
"1147","Engraulidae","AT13-12-3-2",NA,NA,"Sub Recent","Bocas","Casa Blanca","new_2025",0.999853,9.85254493762454
"1148","Engraulidae","AT13-12-3-2",1.950132,1950.132,"Sub Recent","Bocas","Casa Blanca","new_2025",1.192693,6.82920792605238
"1149","Engraulidae","AT13-12-3-2",2.305412,2305.412,"Sub Recent","Bocas","Casa Blanca","new_2025",1.380978,8.23129464566762
"1150","Engraulidae","AT13-12-3-2",2.067663,2067.663,"Sub Recent","Bocas","Casa Blanca","new_2025",1.064454,7.29000739030765
"1151","Engraulidae","AT13-12-3-2",1.943422,1943.422,"Sub Recent","Bocas","Casa Blanca","new_2025",1.078044,6.80299537104997
"1152","Engraulidae","AT13-12-3-2",1.755554,1755.554,"Sub Recent","Bocas","Casa Blanca","new_2025",1.150488,6.07346496849906
"1153","Engraulidae","AT13-12-3-2",1.245075,1245.075,"Sub Recent","Bocas","Casa Blanca","new_2025",0.854656,4.13947929901776
"1154","Engraulidae","AT13-12-3-2",1.486623,1486.623,"Sub Recent","Bocas","Casa Blanca","new_2025",1.036968,5.04503815774664
"1155","Engraulidae","AT13-12-3-2",1.71472,1714.72,"Sub Recent","Bocas","Casa Blanca","new_2025",1.132921,5.91605861302352
"1156","Engraulidae","AT13-12-3-2",2.261017,2261.017,"Sub Recent","Bocas","Casa Blanca","new_2025",1.446834,8.05463649403021
"1157","Engraulidae","AT13-12-4-1",1.890584,1890.584,"Sub Recent","Bocas","Casa Blanca","new_2025",1.140042,6.59695275563752
"1158","Engraulidae","AT13-12-4-1",1.467532,1467.532,"Sub Recent","Bocas","Casa Blanca","new_2025",0.849345,4.97280522559345
"1159","Engraulidae","AT13-12-4-1",1.508586,1508.586,"Sub Recent","Bocas","Casa Blanca","new_2025",0.980916,5.12827046448976
"1160","Engraulidae","AT13-12-4-1",NA,NA,"Sub Recent","Bocas","Casa Blanca","new_2025",1.159275,10.7896405855149
"1161","Engraulidae","AT13-12-4-1",2.4375,2437.5,"Sub Recent","Bocas","Casa Blanca","new_2025",1.425739,8.7592098372617
"1162","Engraulidae","AT13-12-4-1",1.772849,1772.849,"Sub Recent","Bocas","Casa Blanca","new_2025",1.131048,6.14026194815285
"1163","Engraulidae","AT13-12-4-1",2.351164,2351.164,"Sub Recent","Bocas","Casa Blanca","new_2025",1.417635,8.41376503994891
"1164","Engraulidae","AT13-12-4-1",2.419234,2419.234,"Sub Recent","Bocas","Casa Blanca","new_2025",1.411497,8.68600461989339
"1165","Engraulidae","AT13-12-4-1",2.09207,2092.07,"Sub Recent","Bocas","Casa Blanca","new_2025",1.303763,7.38608568153916
"1166","Engraulidae","AT13-12-4-1",1.944284,1944.284,"Sub Recent","Bocas","Casa Blanca","new_2025",1.076554,6.80636218068677
"1167","Engraulidae","AT13-12-4-1",1.786894,1786.894,"Sub Recent","Bocas","Casa Blanca","new_2025",0.986965,6.19456229463277
"1168","Engraulidae","AT13-12-4-1",2.126974,2126.974,"Sub Recent","Bocas","Casa Blanca","new_2025",1.388906,7.523710741334
"1169","Engraulidae","AT13-12-4-1",2.205645,2205.645,"Sub Recent","Bocas","Casa Blanca","new_2025",1.415994,7.83486117078383
"1170","Engraulidae","AT13-12-4-2",1.57681,1576.81,"Sub Recent","Bocas","Casa Blanca","new_2025",1.019248,5.38770364962999
"1171","Engraulidae","AT13-12-4-2",1.749607,1749.607,"Sub Recent","Bocas","Casa Blanca","new_2025",1.00979,6.05051394139237
"1172","Engraulidae","AT13-12-4-2",1.831265,1831.265,"Sub Recent","Bocas","Casa Blanca","new_2025",1.118663,6.36643120182745
"1173","Engraulidae","AT13-12-4-2",2.237943,2237.943,"Sub Recent","Bocas","Casa Blanca","new_2025",1.310055,7.96297757367246
"1174","Engraulidae","AT13-12-4-2",1.793583,1793.583,"Sub Recent","Bocas","Casa Blanca","new_2025",1.129991,6.22044049633608
"1175","Engraulidae","AT13-12-4-2",2.142946,2142.946,"Sub Recent","Bocas","Casa Blanca","new_2025",1.14209,7.58677518749712
"1176","Engraulidae","AT13-12-4-2",2.061843,2061.843,"Sub Recent","Bocas","Casa Blanca","new_2025",1.016759,7.2671162476712
"1177","Engraulidae","AT13-12-4-2",1.933835,1933.835,"Sub Recent","Bocas","Casa Blanca","new_2025",0.981793,6.7655620218177
"1178","Engraulidae","AT13-12-4-2",2.396632,2396.632,"Sub Recent","Bocas","Casa Blanca","new_2025",1.589244,8.59551045055869
"1179","Engraulidae","AT14-1-1",1.514528,1514.528,"Sub Recent","Bocas","Casa Blanca","new_2025",0.818253,5.15081282854882
"1180","Engraulidae","AT14-1-1",1.170796,1170.796,"Sub Recent","Bocas","Casa Blanca","new_2025",0.800216,3.8649087136958
"1181","Engraulidae","AT14-1-1",2.050926,2050.926,"Sub Recent","Bocas","Casa Blanca","new_2025",1.25606,7.22419783999117
"1182","Engraulidae","AT14-1-1",1.547883,1547.883,"Sub Recent","Bocas","Casa Blanca","new_2025",0.872983,5.27754186869766
"1183","Engraulidae","AT14-1-1",1.816188,1816.188,"Sub Recent","Bocas","Casa Blanca","new_2025",1.222819,6.30797650853011
"1184","Engraulidae","AT14-1-1",1.853334,1853.334,"Sub Recent","Bocas","Casa Blanca","new_2025",1.011131,6.45209480344898
"1185","Engraulidae","AT14-1-1",2.988191,2988.191,"Sub Recent","Bocas","Casa Blanca","new_2025",1.72396,10.9943201661785
"1186","Engraulidae","AT14-1-1",1.807547,1807.547,"Sub Recent","Bocas","Casa Blanca","new_2025",1.16152,6.27449996672746
"1187","Engraulidae","AT14-1-3",1.314927,1314.927,"Sub Recent","Bocas","Casa Blanca","new_2025",0.803145,4.39942422057739
"1188","Engraulidae","AT14-1-3",1.702775,1702.775,"Sub Recent","Bocas","Casa Blanca","new_2025",1.005151,5.87009469861618
"1189","Engraulidae","AT14-1-3",1.79956,1799.56,"Sub Recent","Bocas","Casa Blanca","new_2025",1.01359,6.24357358781869
"1190","Engraulidae","AT14-1-3",NA,NA,"Sub Recent","Bocas","Casa Blanca","new_2025",1.783728,14.0584703463041
"1191","Engraulidae","AT14-1-3",1.077205,1077.205,"Sub Recent","Bocas","Casa Blanca","new_2025",1.946221,3.52182835875432
"1192","Engraulidae","AT14-1-3",1.165781,1165.781,"Sub Recent","Bocas","Casa Blanca","new_2025",1.521468,3.8464420592141
"1193","Engraulidae","AT14-1-3",1.030905,1030.905,"Sub Recent","Bocas","Casa Blanca","new_2025",2.17019,3.35335849890372
"1194","Engraulidae","AT14-1-3",1.328058,1328.058,"Sub Recent","Bocas","Casa Blanca","new_2025",1.932892,4.44847086276358
"1195","Engraulidae","AT14-1-5",1.638326,1638.326,"Sub Recent","Bocas","Casa Blanca","new_2025",0.97131,5.62274698588903
"1196","Engraulidae","AT14-1-5",2.156096,2156.096,"Sub Recent","Bocas","Casa Blanca","new_2025",1.367934,7.63873801340183
"1197","Engraulidae","AT14-1-5",2.048577,2048.577,"Sub Recent","Bocas","Casa Blanca","new_2025",1.29799,7.21496658076967
"1198","Engraulidae","AT14-1-8",NA,NA,"Sub Recent","Bocas","Casa Blanca","new_2025",1.060676,10.2164253473872
"1199","Engraulidae","AT14-1-8",1.631733,1631.733,"Sub Recent","Bocas","Casa Blanca","new_2025",0.846579,5.5975065354416
"1200","Engraulidae","AT14-1-8",1.57856,1578.56,"Sub Recent","Bocas","Casa Blanca","new_2025",0.918603,5.39437566988735
"1201","Engraulidae","AT14-1-8",2.054433,2054.433,"Sub Recent","Bocas","Casa Blanca","new_2025",1.081516,7.23798216327515
"1202","Engraulidae","AT14-1-8",1.863894,1863.894,"Sub Recent","Bocas","Casa Blanca","new_2025",1.049521,6.49312664457679
"1203","Engraulidae","AT14-1-7",1.473121,1473.121,"Sub Recent","Bocas","Casa Blanca","new_2025",1.039815,4.99394063543677
"1204","Engraulidae","AT14-1-7",1.186351,1186.351,"Sub Recent","Bocas","Casa Blanca","new_2025",0.827258,3.92224474458123
"1205","Engraulidae","AT14-1-7",1.473242,1473.242,"Sub Recent","Bocas","Casa Blanca","new_2025",1.002964,4.99439831284747
"1206","Engraulidae","AT14-1-7",1.627115,1627.115,"Sub Recent","Bocas","Casa Blanca","new_2025",0.889963,5.57983414372793
"1207","Engraulidae","AT14-1-7",1.163972,1163.972,"Sub Recent","Bocas","Casa Blanca","new_2025",0.769668,3.83978306167684
"1208","Engraulidae","AT14-1-7",1.997909,1997.909,"Sub Recent","Bocas","Casa Blanca","new_2025",1.301301,7.01614836337029
"1209","Engraulidae","AT14-1-7",1.92063,1920.63,"Sub Recent","Bocas","Casa Blanca","new_2025",NA,6.71403702834618
"1210","Engraulidae","AT14-1-7",NA,NA,"Sub Recent","Bocas","Casa Blanca","new_2025",1.165452,10.8249116376106
"1211","Engraulidae","AT14-1-7",2.027128,2027.128,"Sub Recent","Bocas","Casa Blanca","new_2025",1.055984,7.13073167294858
"1212","Engraulidae","AT14-1-7",1.707455,1707.455,"Sub Recent","Bocas","Casa Blanca","new_2025",0.987998,5.88809873177751
"1213","Engraulidae","AT14-2-1",1.967888,1967.888,"Sub Recent","Bocas","Punta Donato","new_2025",1.250415,6.89862187208305
"1214","Engraulidae","AT14-2-1",NA,NA,"Sub Recent","Bocas","Punta Donato","new_2025",1.170917,10.8560570294738
"1215","Engraulidae","AT14-2-1",2.041452,2041.452,"Sub Recent","Bocas","Punta Donato","new_2025",1.205502,7.18697377248495
"1216","Engraulidae","AT14-2-1",2.076716,2076.716,"Sub Recent","Bocas","Punta Donato","new_2025",1.354069,7.32562934239097
"1217","Engraulidae","AT14-2-1",1.547892,1547.892,"Sub Recent","Bocas","Punta Donato","new_2025",1.077284,5.27757610629663
"1218","Engraulidae","AT14-2-4",1.360227,1360.227,"Sub Recent","Bocas","Punta Donato","new_2025",0.906818,4.56886420495022
"1219","Engraulidae","AT14-2-4",1.016558,1016.558,"Sub Recent","Bocas","Punta Donato","new_2025",0.769737,3.30133037817843
"1220","Engraulidae","AT14-2-4",1.145475,1145.475,"Sub Recent","Bocas","Punta Donato","new_2025",0.798839,3.77176393622581
"1221","Engraulidae","AT14-2-4",1.600759,1600.759,"Sub Recent","Bocas","Punta Donato","new_2025",1.067877,5.47908523708715
"1222","Engraulidae","AT14-3-2",2.097747,2097.747,"Sub Recent","Bocas","Cayo Adriana","new_2025",1.303508,7.40845188429742
"1223","Engraulidae","AT14-3-4",2.128592,2128.592,"Sub Recent","Bocas","Cayo Adriana","new_2025",1.376335,7.53009682538117
"1224","Engraulidae","AT14-3-4",2.338548,2338.548,"Sub Recent","Bocas","Cayo Adriana","new_2025",1.441765,8.36340789261765
"1225","Engraulidae","AT14-3-4",1.987739,1987.739,"Sub Recent","Bocas","Cayo Adriana","new_2025",1.259246,6.97631170091616
"1226","Engraulidae","AT14-3-6",NA,NA,"Sub Recent","Bocas","Cayo Adriana","new_2025",1.38955,12.0595771796447
"1227","Engraulidae","AT14-3-6",1.929135,1929.135,"Sub Recent","Bocas","Cayo Adriana","new_2025",1.308235,6.74721826545674
"1228","Engraulidae","AT14-3-5",2.073541,2073.541,"Sub Recent","Bocas","Cayo Adriana","new_2025",1.42191,7.31313422896424
"1229","Engraulidae","AT14-3-5",1.556097,1556.097,"Sub Recent","Bocas","Cayo Adriana","new_2025",1.039909,5.3087989552936
"1230","Engraulidae","AT14-3-5",2.128832,2128.832,"Sub Recent","Bocas","Cayo Adriana","new_2025",1.147517,7.53104412922322
"1231","Gobiidae","AT12-1-5-1",1.568156,1568.156,"Sub Recent","Bocas","STRI Point","new_2025",NA,4.28044826417147
"1232","Gobiidae","AT12-1-5-1",0.994442,994.442,"Sub Recent","Bocas","STRI Point","new_2025",1.002527,2.63736739082881
"1233","Gobiidae","AT12-1-5-1",1.059121,1059.121,"Sub Recent","Bocas","STRI Point","new_2025",1.094155,2.82011807923046
"1234","Gobiidae","AT12-1-5-1",1.31133,1311.33,"Sub Recent","Bocas","STRI Point","new_2025",1.264665,3.53915791394012
"1235","Gobiidae","AT12-1-5-1",0.905933,905.933,"Sub Recent","Bocas","STRI Point","new_2025",0.970909,2.38851087745039
"1236","Gobiidae","AT12-1-5-1",0.66147,661.47,"Sub Recent","Bocas","STRI Point","new_2025",0.624404,1.70963763550385
"1237","Gobiidae","AT12-1-5-1",1.251834,1251.834,"Sub Recent","Bocas","STRI Point","new_2025",1.137789,3.36867803865812
"1238","Gobiidae","AT12-1-5-1",1.592724,1592.724,"Sub Recent","Bocas","STRI Point","new_2025",1.48762,4.35178508205292
"1239","Gobiidae","AT12-1-5-1",0.865954,865.954,"Sub Recent","Bocas","STRI Point","new_2025",0.911883,2.27659852396708
"1240","Gobiidae","AT12-1-5-1",1.28376,1283.76,"Sub Recent","Bocas","STRI Point","new_2025",1.242659,3.46009662235506
"1241","Gobiidae","AT13-10-1-1",2.478003,2478.003,"Sub Recent","Bocas","Punta Caracol","new_2025",2.040992,6.96254023364025
"1242","Gobiidae","AT13-10-1-2",1.756196,1756.196,"Sub Recent","Bocas","Punta Caracol","new_2025",1.640305,4.82817698817159
"1243","Gobiidae","AT13-10-1-2",1.218703,1218.703,"Sub Recent","Bocas","Punta Caracol","new_2025",1.233217,3.27396481996263
"1244","Gobiidae","AT13-10-1-2",1.406084,1406.084,"Sub Recent","Bocas","Punta Caracol","new_2025",1.388395,3.81166945877329
"1245","Gobiidae","AT13-10-1-2",1.312385,1312.385,"Sub Recent","Bocas","Punta Caracol","new_2025",1.254407,3.54218539444725
"1246","Gobiidae","AT13-10-2-1",1.659854,1659.854,"Sub Recent","Bocas","Punta Caracol","new_2025",1.529558,4.54705906700817
"1247","Gobiidae","AT13-10-2-1",1.330478,1330.478,"Sub Recent","Bocas","Punta Caracol","new_2025",1.192905,3.59412982378726
"1248","Gobiidae","AT13-10-3-1",0.810466,810.466,"Sub Recent","Bocas","Punta Caracol","new_2025",0.953961,2.12181610966906
"1249","Gobiidae","AT13-10-3-1",1.715874,1715.874,"Sub Recent","Bocas","Punta Caracol","new_2025",1.689063,4.71039890219347
"1250","Gobiidae","AT13-10-4-1",1.228147,1228.147,"Sub Recent","Bocas","Punta Caracol","new_2025",1.058205,3.30094644819922
"1251","Gobiidae","AT13-10-4-1",1.149058,1149.058,"Sub Recent","Bocas","Punta Caracol","new_2025",1.070135,3.07540282916365
"1252","Gobiidae","AT13-10-4-2",0.897574,897.574,"Sub Recent","Bocas","Punta Caracol","new_2025",0.989218,2.36508540871471
"1253","Gobiidae","AT13-10-4-2",1.358491,1358.491,"Sub Recent","Bocas","Punta Caracol","new_2025",1.204852,3.67464221627184
"1254","Gobiidae","AT13-10-4-2",0.714286,714.286,"Sub Recent","Bocas","Punta Caracol","new_2025",0.832884,1.85513600003085
"1255","Gobiidae","AT13-10-2-2",1.355361,1355.361,"Sub Recent","Bocas","Punta Caracol","new_2025",1.286581,3.66564100661419
"1256","Gobiidae","AT13-10-2-2",0.962913,962.913,"Sub Recent","Bocas","Punta Caracol","new_2025",0.958867,2.54855136986851
"1257","Gobiidae","AT13-10-3-2",NA,NA,"Sub Recent","Bocas","Punta Caracol","new_2025",1.181389,4.01272605776196
"1258","Gobiidae","AT13-10-3-2",1.019555,1019.555,"Sub Recent","Bocas","Punta Caracol","new_2025",1.197572,2.70823758299016
"1259","Gobiidae","AT13-10-5-1",0.914363,914.363,"Sub Recent","Bocas","Punta Caracol","new_2025",0.894134,2.41214916518698
"1260","Gobiidae","AT13-10-5-2",1.505057,1505.057,"Sub Recent","Bocas","Punta Caracol","new_2025",1.343223,4.09755723636013
"1261","Gobiidae","AT13-10-5-2",1.227242,1227.242,"Sub Recent","Bocas","Punta Caracol","new_2025",1.024949,3.29836028163482
"1262","Gobiidae","AT13-12-1-1",1.983871,1983.871,"Sub Recent","Bocas","Casa Blanca","new_2025",1.653226,5.49631227747463
"1263","Gobiidae","AT13-12-1-1",1.082028,1082.028,"Sub Recent","Bocas","Casa Blanca","new_2025",0.884159,2.88501360329811
"1264","Gobiidae","AT13-12-1-1",1.169355,1169.355,"Sub Recent","Bocas","Casa Blanca","new_2025",1.177419,3.1331941979314
"1265","Gobiidae","AT13-12-1-1",1.363356,1363.356,"Sub Recent","Bocas","Casa Blanca","new_2025",1.246431,3.68863551689648
"1266","Gobiidae","AT13-12-1-1",0.717742,717.742,"Sub Recent","Bocas","Casa Blanca","new_2025",0.766129,1.86468094855019
"1267","Gobiidae","AT13-12-1-1",1.556452,1556.452,"Sub Recent","Bocas","Casa Blanca","new_2025",1.258065,4.24648874987724
"1268","Gobiidae","AT13-12-1-1",1.008154,1008.154,"Sub Recent","Bocas","Casa Blanca","new_2025",1.049686,2.67604952043762
"1269","Gobiidae","AT13-12-1-1",0.715054,715.054,"Sub Recent","Bocas","Casa Blanca","new_2025",0.830645,1.85725684782426
"1270","Gobiidae","AT13-12-1-1",0.951613,951.613,"Sub Recent","Bocas","Casa Blanca","new_2025",0.931452,2.51676412226996
"1271","Gobiidae","AT13-12-1-1",1.403145,1403.145,"Sub Recent","Bocas","Casa Blanca","new_2025",1.207808,3.80319904281554
"1272","Gobiidae","AT13-12-1-1",0.837555,837.555,"Sub Recent","Bocas","Casa Blanca","new_2025",0.872246,2.19729922872058
"1273","Gobiidae","AT13-12-1-1",0.765683,765.683,"Sub Recent","Bocas","Casa Blanca","new_2025",0.825973,1.9973809418135
"1274","Gobiidae","AT13-12-1-1",1.371489,1371.489,"Sub Recent","Bocas","Casa Blanca","new_2025",1.398723,3.7120356810947
"1275","Gobiidae","AT13-12-1-1",1.167469,1167.469,"Sub Recent","Bocas","Casa Blanca","new_2025",1.007205,3.12782152536557
"1276","Gobiidae","AT13-12-1-1",0.883469,883.469,"Sub Recent","Bocas","Casa Blanca","new_2025",0.946679,2.32558854108639
"1277","Gobiidae","AT13-12-1-1",0.758065,758.065,"Sub Recent","Bocas","Casa Blanca","new_2025",0.900538,1.97625842306038
"1278","Gobiidae","AT13-12-1-2",0.943967,943.967,"Sub Recent","Bocas","Casa Blanca","new_2025",1.177064,2.49526920755725
"1279","Gobiidae","AT13-12-1-2",1.233536,1233.536,"Sub Recent","Bocas","Casa Blanca","new_2025",1.109596,3.31634877680429
"1280","Gobiidae","AT13-12-1-2",1.146309,1146.309,"Sub Recent","Bocas","Casa Blanca","new_2025",1.119463,3.06758057670038
"1281","Gobiidae","AT13-12-1-2",1.100671,1100.671,"Sub Recent","Bocas","Casa Blanca","new_2025",1.065101,2.93789346842274
"1282","Gobiidae","AT13-12-1-2",0.812258,812.258,"Sub Recent","Bocas","Casa Blanca","new_2025",0.831624,2.12680462365796
"1283","Gobiidae","AT13-12-1-2",1.54094,1540.94,"Sub Recent","Bocas","Casa Blanca","new_2025",1.436242,4.20150510451405
"1284","Gobiidae","AT13-12-1-2",0.794631,794.631,"Sub Recent","Bocas","Casa Blanca","new_2025",0.926174,2.07776560484669
"1285","Gobiidae","AT13-12-1-2",2.008213,2008.213,"Sub Recent","Bocas","Casa Blanca","new_2025",1.930905,5.56804411374296
"1286","Gobiidae","AT13-12-1-2",1.457718,1457.718,"Sub Recent","Bocas","Casa Blanca","new_2025",1.385235,3.96066316653983
"1287","Gobiidae","AT13-12-1-2",1.409396,1409.396,"Sub Recent","Bocas","Casa Blanca","new_2025",1.283221,3.82121623012289
"1288","Gobiidae","AT13-12-1-2",1.025503,1025.503,"Sub Recent","Bocas","Casa Blanca","new_2025",0.840268,2.72503942611478
"1289","Gobiidae","AT13-12-1-2",0.801342,801.342,"Sub Recent","Bocas","Casa Blanca","new_2025",0.821477,2.09642784805635
"1290","Gobiidae","AT13-12-2-1",0.918156,918.156,"Sub Recent","Bocas","Casa Blanca","new_2025",0.914094,2.4227894965184
"1291","Gobiidae","AT13-12-2-1",NA,NA,"Sub Recent","Bocas","Casa Blanca","new_2025",1.103356,3.74979885100891
"1292","Gobiidae","AT13-12-2-1",1.200537,1200.537,"Sub Recent","Bocas","Casa Blanca","new_2025",1.099875,3.22210157894487
"1293","Gobiidae","AT13-12-2-1",0.854822,854.822,"Sub Recent","Bocas","Casa Blanca","new_2025",0.686456,2.24549443680518
"1294","Gobiidae","AT13-12-2-1",1.201497,1201.497,"Sub Recent","Bocas","Casa Blanca","new_2025",0.974896,3.22484110727741
"1295","Gobiidae","AT13-12-2-1",0.899068,899.068,"Sub Recent","Bocas","Casa Blanca","new_2025",1.01114,2.36927122259104
"1296","Gobiidae","AT13-12-2-1",NA,NA,"Sub Recent","Bocas","Casa Blanca","new_2025",1.310067,4.44598844275808
"1297","Gobiidae","AT13-12-2-1",0.853691,853.691,"Sub Recent","Bocas","Casa Blanca","new_2025",0.869799,2.24233572045098
"1298","Gobiidae","AT13-12-2-1",0.765006,765.006,"Sub Recent","Bocas","Casa Blanca","new_2025",0.881179,1.99550327587451
"1299","Gobiidae","AT13-12-2-1",1.35056,1350.56,"Sub Recent","Bocas","Casa Blanca","new_2025",1.25701,3.65183691409272
"1300","Gobiidae","AT13-12-2-1",1.023555,1023.555,"Sub Recent","Bocas","Casa Blanca","new_2025",0.948962,2.71953605735114
"1301","Gobiidae","AT13-12-2-1",0.989332,989.332,"Sub Recent","Bocas","Casa Blanca","new_2025",1.000736,2.62296046563428
"1302","Gobiidae","AT13-12-2-2",0.922961,922.961,"Sub Recent","Bocas","Casa Blanca","new_2025",0.980991,2.43627273586622
"1303","Gobiidae","AT13-12-2-2",0.974067,974.067,"Sub Recent","Bocas","Casa Blanca","new_2025",1.000453,2.57995105913394
"1304","Gobiidae","AT13-12-2-2",1.529254,1529.254,"Sub Recent","Bocas","Casa Blanca","new_2025",1.38803,4.167635466152
"1305","Gobiidae","AT13-12-2-2",1.529254,1529.254,"Sub Recent","Bocas","Casa Blanca","new_2025",1.444519,4.167635466152
"1306","Gobiidae","AT13-12-2-2",1.210491,1210.491,"Sub Recent","Bocas","Casa Blanca","new_2025",1.011432,3.25051377264423
"1307","Gobiidae","AT13-12-2-2",0.882313,882.313,"Sub Recent","Bocas","Casa Blanca","new_2025",0.960323,2.32235326513245
"1308","Gobiidae","AT13-12-2-2",1.413729,1413.729,"Sub Recent","Bocas","Casa Blanca","new_2025",1.382559,3.83370815457646
"1309","Gobiidae","AT13-12-2-2",1.384912,1384.912,"Sub Recent","Bocas","Casa Blanca","new_2025",1.230662,3.75067533924921
"1310","Gobiidae","AT13-12-2-2",0.796602,796.602,"Sub Recent","Bocas","Casa Blanca","new_2025",0.860188,2.08324561815233
"1311","Gobiidae","AT13-12-3-1",1.170564,1170.564,"Sub Recent","Bocas","Casa Blanca","new_2025",1.203276,3.13663858014007
"1312","Gobiidae","AT13-12-3-1",0.771505,771.505,"Sub Recent","Bocas","Casa Blanca","new_2025",0.846774,2.01353263873847
"1313","Gobiidae","AT13-12-3-1",0.897849,897.849,"Sub Recent","Bocas","Casa Blanca","new_2025",0.77957,2.36585585678679
"1314","Gobiidae","AT13-12-3-1",0.726926,726.926,"Sub Recent","Bocas","Casa Blanca","new_2025",0.785981,1.89005985637683
"1315","Gobiidae","AT13-12-3-1",1.133604,1133.604,"Sub Recent","Bocas","Casa Blanca","new_2025",1.130804,3.03144407525318
"1316","Gobiidae","AT13-12-3-1",0.932935,932.935,"Sub Recent","Bocas","Casa Blanca","new_2025",1.02957,2.46427477732415
"1317","Gobiidae","AT13-12-3-1",1.068548,1068.548,"Sub Recent","Bocas","Casa Blanca","new_2025",0.818548,2.84681412848953
"1318","Gobiidae","AT13-12-3-1",0.953056,953.056,"Sub Recent","Bocas","Casa Blanca","new_2025",1.064524,2.52082200225559
"1319","Gobiidae","AT13-12-3-1",0.965054,965.054,"Sub Recent","Bocas","Casa Blanca","new_2025",0.978495,2.55457673577947
"1320","Gobiidae","AT13-12-3-1",1.800202,1800.202,"Sub Recent","Bocas","Casa Blanca","new_2025",1.759839,4.95691099520029
"1321","Gobiidae","AT13-12-3-1",1.518458,1518.458,"Sub Recent","Bocas","Casa Blanca","new_2025",1.519595,4.13635986130594
"1322","Gobiidae","AT13-12-3-1",0.795929,795.929,"Sub Recent","Bocas","Casa Blanca","new_2025",0.993359,2.08137436540083
"1323","Gobiidae","AT13-12-3-1",1.410527,1410.527,"Sub Recent","Bocas","Casa Blanca","new_2025",1.329297,3.82447663930659
"1324","Gobiidae","AT13-12-3-1",1.092996,1092.996,"Sub Recent","Bocas","Casa Blanca","new_2025",1.337283,2.91611682999142
"1325","Gobiidae","AT13-12-3-1",1.15439,1154.39,"Sub Recent","Bocas","Casa Blanca","new_2025",1.181298,3.09057835433576
"1326","Gobiidae","AT13-12-3-1",0.807265,807.265,"Sub Recent","Bocas","Casa Blanca","new_2025",0.873865,2.11290700176682
"1327","Gobiidae","AT13-12-3-1",1.027918,1027.918,"Sub Recent","Bocas","Casa Blanca","new_2025",1.011773,2.73186305202543
"1328","Gobiidae","AT13-12-3-1",0.926337,926.337,"Sub Recent","Bocas","Casa Blanca","new_2025",0.990918,2.4457487362057
"1329","Gobiidae","AT13-12-3-2",0.972486,972.486,"Sub Recent","Bocas","Casa Blanca","new_2025",0.94002,2.57549898779233
"1330","Gobiidae","AT13-12-3-2",NA,NA,"Sub Recent","Bocas","Casa Blanca","new_2025",0.817794,2.78620582718952
"1331","Gobiidae","AT13-12-3-2",NA,NA,"Sub Recent","Bocas","Casa Blanca","new_2025",1.108178,3.76605062738503
"1332","Gobiidae","AT13-12-3-2",0.839498,839.498,"Sub Recent","Bocas","Casa Blanca","new_2025",0.901865,2.20271936750293
"1333","Gobiidae","AT13-12-3-2",1.18633,1186.33,"Sub Recent","Bocas","Casa Blanca","new_2025",1.154155,3.18157566357946
"1334","Gobiidae","AT13-12-3-2",1.455246,1455.246,"Sub Recent","Bocas","Casa Blanca","new_2025",1.439033,3.95352232381921
"1335","Gobiidae","AT13-12-3-2",0.763569,763.569,"Sub Recent","Bocas","Casa Blanca","new_2025",0.755216,1.99151809103452
"1336","Gobiidae","AT13-12-3-2",0.778269,778.269,"Sub Recent","Bocas","Casa Blanca","new_2025",0.817947,2.0323073592011
"1337","Gobiidae","AT13-12-3-2",0.907535,907.535,"Sub Recent","Bocas","Casa Blanca","new_2025",1.084882,2.39300192683779
"1338","Gobiidae","AT13-12-3-2",0.941638,941.638,"Sub Recent","Bocas","Casa Blanca","new_2025",0.957965,2.48872395989474
"1339","Gobiidae","AT13-12-3-2",0.756224,756.224,"Sub Recent","Bocas","Casa Blanca","new_2025",0.846725,1.97115586905961
"1340","Gobiidae","AT13-12-3-2",NA,NA,"Sub Recent","Bocas","Casa Blanca","new_2025",1.043743,3.5488334018179
"1341","Gobiidae","AT13-12-3-2",1.620931,1620.931,"Sub Recent","Bocas","Casa Blanca","new_2025",1.468045,4.43377406634368
"1342","Gobiidae","AT13-12-3-2",1.074979,1074.979,"Sub Recent","Bocas","Casa Blanca","new_2025",0.997852,2.86503444740229
"1343","Gobiidae","AT13-12-3-2",1.383869,1383.869,"Sub Recent","Bocas","Casa Blanca","new_2025",1.230952,3.74767209145794
"1344","Gobiidae","AT13-12-3-2",0.801836,801.836,"Sub Recent","Bocas","Casa Blanca","new_2025",0.916868,2.09780197651512
"1345","Gobiidae","AT13-12-3-2",1.719389,1719.389,"Sub Recent","Bocas","Casa Blanca","new_2025",1.542483,4.72065909780958
"1346","Gobiidae","AT13-12-3-2",0.930657,930.657,"Sub Recent","Bocas","Casa Blanca","new_2025",0.967663,2.45787760843613
"1347","Gobiidae","AT13-12-3-2",1.032572,1032.572,"Sub Recent","Bocas","Casa Blanca","new_2025",1.026746,2.74501587027434
"1348","Gobiidae","AT13-12-3-2",1.4008,1400.8,"Sub Recent","Bocas","Casa Blanca","new_2025",1.29301,3.79644138347328
"1349","Gobiidae","AT13-12-3-2",1.327854,1327.854,"Sub Recent","Bocas","Casa Blanca","new_2025",1.173846,3.58659361882955
"1350","Gobiidae","AT13-12-3-2",0.885129,885.129,"Sub Recent","Bocas","Casa Blanca","new_2025",1.049194,2.33023482072413
"1351","Gobiidae","AT13-12-4-1",0.78224,782.24,"Sub Recent","Bocas","Casa Blanca","new_2025",0.996517,2.04333441060077
"1352","Gobiidae","AT13-12-4-1",1.987969,1987.969,"Sub Recent","Bocas","Casa Blanca","new_2025",1.685706,5.5083845262842
"1353","Gobiidae","AT13-12-4-1",1.694129,1694.129,"Sub Recent","Bocas","Casa Blanca","new_2025",1.387308,4.64695544132973
"1354","Gobiidae","AT13-12-4-1",0.772867,772.867,"Sub Recent","Bocas","Casa Blanca","new_2025",0.836363,2.01731228513348
"1355","Gobiidae","AT13-12-4-1",0.685911,685.911,"Sub Recent","Bocas","Casa Blanca","new_2025",0.817453,1.77688017904036
"1356","Gobiidae","AT13-12-4-1",1.684432,1684.432,"Sub Recent","Bocas","Casa Blanca","new_2025",1.495315,4.61867992214644
"1357","Gobiidae","AT13-12-4-1",1.078544,1078.544,"Sub Recent","Bocas","Casa Blanca","new_2025",1.352941,2.87513778345916
"1358","Gobiidae","AT13-12-4-1",1.209689,1209.689,"Sub Recent","Bocas","Casa Blanca","new_2025",1.215482,3.24822403554075
"1359","Gobiidae","AT13-12-4-1",2.120983,2120.983,"Sub Recent","Bocas","Casa Blanca","new_2025",1.786309,5.90106666852456
"1360","Gobiidae","AT13-12-4-1",0.948868,948.868,"Sub Recent","Bocas","Casa Blanca","new_2025",1.000697,2.50904594486813
"1361","Gobiidae","AT13-12-4-1",1.291614,1291.614,"Sub Recent","Bocas","Casa Blanca","new_2025",1.178834,3.48260836073073
"1362","Gobiidae","AT13-12-4-1",0.829972,829.972,"Sub Recent","Bocas","Casa Blanca","new_2025",0.900616,2.17615352526438
"1363","Gobiidae","AT13-12-4-1",0.760276,760.276,"Sub Recent","Bocas","Casa Blanca","new_2025",0.843593,1.98238751237767
"1364","Gobiidae","AT13-12-4-1",0.779588,779.588,"Sub Recent","Bocas","Casa Blanca","new_2025",0.836039,2.03596969042815
"1365","Gobiidae","AT13-12-4-1",0.914073,914.073,"Sub Recent","Bocas","Casa Blanca","new_2025",1.17837,2.41133575601253
"1366","Gobiidae","AT13-12-4-1",1.213542,1213.542,"Sub Recent","Bocas","Casa Blanca","new_2025",1.159288,3.25922535691888
"1367","Gobiidae","AT13-12-4-1",1.083853,1083.853,"Sub Recent","Bocas","Casa Blanca","new_2025",1.090368,2.89018758978108
"1368","Gobiidae","AT13-12-4-1",1.099623,1099.623,"Sub Recent","Bocas","Casa Blanca","new_2025",1.014877,2.93491936113569
"1369","Gobiidae","AT13-12-4-1",1.669749,1669.749,"Sub Recent","Bocas","Casa Blanca","new_2025",1.33067,4.57588531457384
"1370","Gobiidae","AT13-12-4-1",1.432798,1432.798,"Sub Recent","Bocas","Casa Blanca","new_2025",1.206992,3.88871226081807
"1371","Gobiidae","AT13-12-4-1",0.863912,863.912,"Sub Recent","Bocas","Casa Blanca","new_2025",0.996152,2.27089103780969
"1372","Gobiidae","AT13-12-4-1",0.863188,863.188,"Sub Recent","Bocas","Casa Blanca","new_2025",1.038308,2.26886762845993
"1373","Gobiidae","AT13-12-4-1",0.885228,885.228,"Sub Recent","Bocas","Casa Blanca","new_2025",0.996,2.33051193554609
"1374","Gobiidae","AT13-12-4-1",1.09255,1092.55,"Sub Recent","Bocas","Casa Blanca","new_2025",1.087054,2.9148516698273
"1375","Gobiidae","AT13-12-4-1",1.418069,1418.069,"Sub Recent","Bocas","Casa Blanca","new_2025",1.301666,3.84622268709202
"1376","Gobiidae","AT13-12-4-1",1.426485,1426.485,"Sub Recent","Bocas","Casa Blanca","new_2025",1.202184,3.87049739613198
"1377","Gobiidae","AT13-12-4-1",0.981483,981.483,"Sub Recent","Bocas","Casa Blanca","new_2025",0.968614,2.60084048725702
"1378","Gobiidae","AT13-12-4-1",1.484439,1484.439,"Sub Recent","Bocas","Casa Blanca","new_2025",1.361039,4.03790049043888
"1379","Gobiidae","AT13-12-4-1",0.878723,878.723,"Sub Recent","Bocas","Casa Blanca","new_2025",1.003058,2.31230770831776
"1380","Gobiidae","AT13-12-4-1",1.210675,1210.675,"Sub Recent","Bocas","Casa Blanca","new_2025",1.167427,3.25103911239446
"1381","Gobiidae","AT13-12-4-1",0.881406,881.406,"Sub Recent","Bocas","Casa Blanca","new_2025",1.113367,2.31981504853959
"1382","Gobiidae","AT13-12-4-1",1.455576,1455.576,"Sub Recent","Bocas","Casa Blanca","new_2025",1.401617,3.95447554732258
"1383","Gobiidae","AT13-12-4-1",0.95701,957.01,"Sub Recent","Bocas","Casa Blanca","new_2025",1.010872,2.53194308892331
"1384","Gobiidae","AT13-12-4-2",0.806093,806.093,"Sub Recent","Bocas","Casa Blanca","new_2025",0.840371,2.1096456185459
"1385","Gobiidae","AT13-12-4-2",0.747312,747.312,"Sub Recent","Bocas","Casa Blanca","new_2025",0.814516,1.94646632093463
"1386","Gobiidae","AT13-12-4-2",0.997312,997.312,"Sub Recent","Bocas","Casa Blanca","new_2025",0.959677,2.64546100636329
"1387","Gobiidae","AT13-12-4-2",1.094086,1094.086,"Sub Recent","Bocas","Casa Blanca","new_2025",1.069892,2.91920895071646
"1388","Gobiidae","AT13-12-4-2",1.120671,1120.671,"Sub Recent","Bocas","Casa Blanca","new_2025",1.072308,2.99468537681069
"1389","Gobiidae","AT13-12-4-2",0.988052,988.052,"Sub Recent","Bocas","Casa Blanca","new_2025",1.088962,2.61935242191239
"1390","Gobiidae","AT13-12-4-2",1.711083,1711.083,"Sub Recent","Bocas","Casa Blanca","new_2025",1.568849,4.69641623581719
"1391","Gobiidae","AT13-12-4-2",1.502372,1502.372,"Sub Recent","Bocas","Casa Blanca","new_2025",1.38872,4.08978543366139
"1392","Gobiidae","AT13-12-4-2",1.828202,1828.202,"Sub Recent","Bocas","Casa Blanca","new_2025",1.735605,5.0389254340321
"1393","Gobiidae","AT13-12-4-2",1.626138,1626.138,"Sub Recent","Bocas","Casa Blanca","new_2025",1.488909,4.44891911176666
"1394","Gobiidae","AT13-12-4-2",1.124492,1124.492,"Sub Recent","Bocas","Casa Blanca","new_2025",1.105585,3.00554280035818
"1395","Gobiidae","AT13-12-4-2",1.5281,1528.1,"Sub Recent","Bocas","Casa Blanca","new_2025",1.350895,4.16429170343134
"1396","Gobiidae","AT13-12-4-2",1.137611,1137.611,"Sub Recent","Bocas","Casa Blanca","new_2025",1.169181,3.04283832993532
"1397","Gobiidae","AT13-12-4-2",1.246864,1246.864,"Sub Recent","Bocas","Casa Blanca","new_2025",1.188437,3.35445984352319
"1398","Gobiidae","AT13-12-4-2",1.037823,1037.823,"Sub Recent","Bocas","Casa Blanca","new_2025",1.017613,2.75986039014107
"1399","Gobiidae","AT13-12-4-2",1.373811,1373.811,"Sub Recent","Bocas","Casa Blanca","new_2025",1.262988,3.71871812268961
"1400","Gobiidae","AT13-12-4-2",1.448695,1448.695,"Sub Recent","Bocas","Casa Blanca","new_2025",1.307834,3.93460222582175
"1401","Gobiidae","AT14-1-1",0.634698,634.698,"Sub Recent","Bocas","Casa Blanca","new_2025",0.785966,1.63616233963471
"1402","Gobiidae","AT14-1-1",0.716692,716.692,"Sub Recent","Bocas","Casa Blanca","new_2025",0.759109,1.86178069957754
"1403","Gobiidae","AT14-1-1",0.804513,804.513,"Sub Recent","Bocas","Casa Blanca","new_2025",0.860633,2.10524934790717
"1404","Gobiidae","AT14-1-5",0.993712,993.712,"Sub Recent","Bocas","Casa Blanca","new_2025",1.022969,2.63530897146466
"1405","Gobiidae","AT14-1-5",1.254461,1254.461,"Sub Recent","Bocas","Casa Blanca","new_2025",1.253172,3.37619481345421
"1406","Gobiidae","AT14-1-7",1.663526,1663.526,"Sub Recent","Bocas","Casa Blanca","new_2025",1.405259,4.55775512236801
"1407","Gobiidae","AT14-1-7",1.483215,1483.215,"Sub Recent","Bocas","Casa Blanca","new_2025",1.33809,4.03436057199994
"1408","Gobiidae","AT14-1-7",1.068641,1068.641,"Sub Recent","Bocas","Casa Blanca","new_2025",1.033647,2.8470775669185
"1409","Gobiidae","AT14-1-7",0.961995,961.995,"Sub Recent","Bocas","Casa Blanca","new_2025",0.776748,2.54596812345461
"1410","Gobiidae","AT14-1-7",0.960973,960.973,"Sub Recent","Bocas","Casa Blanca","new_2025",0.791611,2.54309240504973
"1411","Gobiidae","AT14-1-7",1.736811,1736.811,"Sub Recent","Bocas","Casa Blanca","new_2025",1.716487,4.77153300458874
"1412","Gobiidae","AT14-1-7",0.970874,970.874,"Sub Recent","Bocas","Casa Blanca","new_2025",1.124831,2.57096009216253
"1413","Gobiidae","AT14-1-7",1.430841,1430.841,"Sub Recent","Bocas","Casa Blanca","new_2025",1.301686,3.88306519548986
"1414","Gobiidae","AT14-1-7",0.836324,836.324,"Sub Recent","Bocas","Casa Blanca","new_2025",0.954677,2.19386567666466
"1415","Gobiidae","AT14-1-7",1.547059,1547.059,"Sub Recent","Bocas","Casa Blanca","new_2025",1.337703,4.21924634505069
"1416","Gobiidae","AT14-1-7",0.826326,826.326,"Sub Recent","Bocas","Casa Blanca","new_2025",0.869313,2.16599075162459
"1417","Gobiidae","AT14-1-7",1.448207,1448.207,"Sub Recent","Bocas","Casa Blanca","new_2025",1.451446,3.9331930376948
"1418","Gobiidae","AT14-1-3",0.816516,816.516,"Sub Recent","Bocas","Casa Blanca","new_2025",0.816759,2.13866070098261
"1419","Gobiidae","AT14-1-3",0.939281,939.281,"Sub Recent","Bocas","Casa Blanca","new_2025",0.95617,2.48210106530479
"1420","Gobiidae","AT14-1-3",1.110773,1110.773,"Sub Recent","Bocas","Casa Blanca","new_2025",1.412123,2.96657097863195
"1421","Gobiidae","AT14-1-3",1.193668,1193.668,"Sub Recent","Bocas","Casa Blanca","new_2025",1.194399,3.20250373084628
"1422","Gobiidae","AT14-1-3",1.037388,1037.388,"Sub Recent","Bocas","Casa Blanca","new_2025",0.99579,2.7586304691031
"1423","Gobiidae","AT14-1-3",0.65806,658.06,"Sub Recent","Bocas","Casa Blanca","new_2025",0.745784,1.70026833227549
"1424","Gobiidae","AT14-1-3",0.628302,628.302,"Sub Recent","Bocas","Casa Blanca","new_2025",0.776922,1.61863730891382
"1425","Gobiidae","AT14-1-3",0.741465,741.465,"Sub Recent","Bocas","Casa Blanca","new_2025",0.795935,1.93027805891925
"1426","Gobiidae","AT14-1-3",0.940371,940.371,"Sub Recent","Bocas","Casa Blanca","new_2025",0.828622,2.48516370747324
"1427","Gobiidae","AT14-1-3",0.910482,910.482,"Sub Recent","Bocas","Casa Blanca","new_2025",0.909686,2.40126486021801
"1428","Gobiidae","AT14-1-3",0.43415,434.15,"Sub Recent","Bocas","Casa Blanca","new_2025",0.513939,1.09262121467138
"1429","Gobiidae","AT14-1-3",0.605033,605.033,"Sub Recent","Bocas","Casa Blanca","new_2025",0.652074,1.55497624541562
"1430","Gobiidae","AT14-1-3",0.970766,970.766,"Sub Recent","Bocas","Casa Blanca","new_2025",1.048639,2.57065601444283
"1431","Gobiidae","AT14-1-3",0.81922,819.22,"Sub Recent","Bocas","Casa Blanca","new_2025",0.90503,2.14619181476748
"1432","Gobiidae","AT14-1-3",0.635603,635.603,"Sub Recent","Bocas","Casa Blanca","new_2025",0.723815,1.63864294294724
"1433","Gobiidae","AT14-1-3",NA,NA,"Sub Recent","Bocas","Casa Blanca","new_2025",0.773509,2.63654288999274
"1434","Gobiidae","AT14-1-3",NA,NA,"Sub Recent","Bocas","Casa Blanca","new_2025",1.078729,3.66678827626906
"1435","Gobiidae","AT14-1-3",0.74355,743.55,"Sub Recent","Bocas","Casa Blanca","new_2025",0.782468,1.93604975910338
"1436","Gobiidae","AT14-1-3",0.569235,569.235,"Sub Recent","Bocas","Casa Blanca","new_2025",0.704301,1.45734144103206
"1437","Gobiidae","AT14-1-3",1.001344,1001.344,"Sub Recent","Bocas","Casa Blanca","new_2025",1.022681,2.65683403656403
"1438","Gobiidae","AT14-1-3",0.952541,952.541,"Sub Recent","Bocas","Casa Blanca","new_2025",0.802783,2.51937371911215
"1439","Gobiidae","AT14-1-3",0.694329,694.329,"Sub Recent","Bocas","Casa Blanca","new_2025",0.806122,1.80007532203794
"1440","Gobiidae","AT14-1-3",0.744387,744.387,"Sub Recent","Bocas","Casa Blanca","new_2025",0.731898,1.9383670318516
"1441","Gobiidae","AT14-1-3",NA,NA,"Sub Recent","Bocas","Casa Blanca","new_2025",1.017285,3.45960888957869
"1442","Gobiidae","AT14-1-3",0.834521,834.521,"Sub Recent","Bocas","Casa Blanca","new_2025",0.709152,2.18883725738023
"1443","Gobiidae","AT14-1-3",1.525512,1525.512,"Sub Recent","Bocas","Casa Blanca","new_2025",1.387545,4.15679344717746
"1444","Gobiidae","AT14-1-3",0.660755,660.755,"Sub Recent","Bocas","Casa Blanca","new_2025",0.762994,1.70767285057324
"1445","Gobiidae","AT14-1-3",0.946035,946.035,"Sub Recent","Bocas","Casa Blanca","new_2025",0.937066,2.50108181639709
"1446","Gobiidae","AT14-1-3",0.96106,961.06,"Sub Recent","Bocas","Casa Blanca","new_2025",0.97046,2.54333719938198
"1447","Gobiidae","AT14-1-3",0.686363,686.363,"Sub Recent","Bocas","Casa Blanca","new_2025",0.732066,1.77812517449031
"1448","Gobiidae","AT14-1-3",1.012322,1012.322,"Sub Recent","Bocas","Casa Blanca","new_2025",1.009959,2.68781424001015
"1449","Gobiidae","AT14-1-3",0.998787,998.787,"Sub Recent","Bocas","Casa Blanca","new_2025",0.982909,2.64962119043111
"1450","Gobiidae","AT14-1-3",0.976989,976.989,"Sub Recent","Bocas","Casa Blanca","new_2025",0.920049,2.58818056781903
"1451","Gobiidae","AT14-1-3",1.254058,1254.058,"Sub Recent","Bocas","Casa Blanca","new_2025",1.194984,3.37504162343209
"1452","Gobiidae","AT14-1-3",1.020714,1020.714,"Sub Recent","Bocas","Casa Blanca","new_2025",1.096893,2.71151102799559
"1453","Gobiidae","AT14-1-3",0.727701,727.701,"Sub Recent","Bocas","Casa Blanca","new_2025",0.873722,1.89220240950632
"1454","Gobiidae","AT14-1-3",0.877622,877.622,"Sub Recent","Bocas","Casa Blanca","new_2025",0.95659,2.30922740383998
"1455","Gobiidae","AT14-1-3",0.683016,683.016,"Sub Recent","Bocas","Casa Blanca","new_2025",0.755784,1.76890738007438
"1456","Gobiidae","AT14-1-3",0.957466,957.466,"Sub Recent","Bocas","Casa Blanca","new_2025",1.025082,2.5332258292723
"1457","Gobiidae","AT14-1-3",1.353222,1353.222,"Sub Recent","Bocas","Casa Blanca","new_2025",1.270884,3.65949045658923
"1458","Gobiidae","AT14-1-3",1.339902,1339.902,"Sub Recent","Bocas","Casa Blanca","new_2025",1.426489,3.62120356577
"1459","Gobiidae","AT14-1-3",1.430772,1430.772,"Sub Recent","Bocas","Casa Blanca","new_2025",1.265758,3.88286609989911
"1460","Gobiidae","AT14-1-3",0.913741,913.741,"Sub Recent","Bocas","Casa Blanca","new_2025",0.929129,2.41040456278619
"1461","Gobiidae","AT14-1-3",0.747596,747.596,"Sub Recent","Bocas","Casa Blanca","new_2025",0.861003,1.94725282034768
"1462","Gobiidae","AT14-1-3",0.921203,921.203,"Sub Recent","Bocas","Casa Blanca","new_2025",0.959877,2.4313391219382
"1463","Gobiidae","AT14-1-3",0.742469,742.469,"Sub Recent","Bocas","Casa Blanca","new_2025",0.789273,1.93305720531387
"1464","Gobiidae","AT14-1-3",0.723138,723.138,"Sub Recent","Bocas","Casa Blanca","new_2025",0.810538,1.87958969066856
"1465","Gobiidae","AT14-1-3",0.964013,964.013,"Sub Recent","Bocas","Casa Blanca","new_2025",1.123391,2.55164696827973
"1466","Gobiidae","AT14-1-3",1.235829,1235.829,"Sub Recent","Bocas","Casa Blanca","new_2025",1.237113,3.32290370354113
"1467","Gobiidae","AT14-1-3",1.522407,1522.407,"Sub Recent","Bocas","Casa Blanca","new_2025",1.418479,4.14779833962264
"1468","Gobiidae","AT14-3-2",0.870157,870.157,"Sub Recent","Bocas","Cayo Adriana","new_2025",0.939099,2.28834878370754
"1469","Gobiidae","AT14-3-2",0.904506,904.506,"Sub Recent","Bocas","Cayo Adriana","new_2025",0.941033,2.38451084620947
"1470","Gobiidae","AT14-2-5",0.946796,946.796,"Sub Recent","Bocas","Punta Donato","new_2025",1.069797,2.50322099133481
"1471","Gobiidae","AT14-2-5",0.746472,746.472,"Sub Recent","Bocas","Punta Donato","new_2025",0.939516,1.94414016571669
"1472","Gobiidae","AT14-2-5",0.82795,827.95,"Sub Recent","Bocas","Punta Donato","new_2025",0.984822,2.1705171010973
"1473","Gobiidae","AT14-2-5",0.812095,812.095,"Sub Recent","Bocas","Punta Donato","new_2025",0.90576,2.12635084051961
"1474","Gobiidae","AT14-2-5",0.86872,868.72,"Sub Recent","Bocas","Punta Donato","new_2025",0.898552,2.28433098118307
"1475","Gobiidae","AT14-2-5",1.136853,1136.853,"Sub Recent","Bocas","Punta Donato","new_2025",1.254755,3.0406826957759
"1476","Gobiidae","AT14-2-5",0.765457,765.457,"Sub Recent","Bocas","Punta Donato","new_2025",0.945565,1.9967541169858
"1477","Gobiidae","AT14-2-5",1.289568,1289.568,"Sub Recent","Bocas","Punta Donato","new_2025",1.227833,3.47674312234529
"1478","Gobiidae","AT14-2-5",1.022781,1022.781,"Sub Recent","Bocas","Punta Donato","new_2025",1.27872,2.71734958434995
"1479","Gobiidae","AT14-2-5",0.649506,649.506,"Sub Recent","Bocas","Punta Donato","new_2025",0.867535,1.67677893543934
"1480","Gobiidae","AT14-2-5",0.784652,784.652,"Sub Recent","Bocas","Punta Donato","new_2025",0.895218,2.05003401158679
"1481","Gobiidae","AT14-2-5",0.864616,864.616,"Sub Recent","Bocas","Punta Donato","new_2025",0.930458,2.27285865470585
"1482","Gobiidae","AT14-2-5",0.931227,931.227,"Sub Recent","Bocas","Punta Donato","new_2025",1.163256,2.45947821198857
"1483","Gobiidae","AT14-2-5",0.895718,895.718,"Sub Recent","Bocas","Punta Donato","new_2025",1.109113,2.35988597518402
"1484","Gobiidae","AT14-2-5",0.803755,803.755,"Sub Recent","Bocas","Punta Donato","new_2025",0.951359,2.10314044470339
"1485","Gobiidae","AT14-2-5",1.115667,1115.667,"Sub Recent","Bocas","Punta Donato","new_2025",1.227899,2.98046998375889
"1486","Gobiidae","AT14-2-5",1.074065,1074.065,"Sub Recent","Bocas","Punta Donato","new_2025",1.081836,2.8624444800342
"1487","Gobiidae","AT14-2-5",1.776815,1776.815,"Sub Recent","Bocas","Punta Donato","new_2025",1.653245,4.88847018427518
"1488","Gobiidae","AT14-2-4",1.44166,1441.66,"Sub Recent","Bocas","Punta Donato","new_2025",NA,3.9142903004332
"1489","Gobiidae","AT14-2-4",0.924372,924.372,"Sub Recent","Bocas","Punta Donato","new_2025",1.146254,2.44023296631094
"1490","Gobiidae","AT14-2-4",0.955645,955.645,"Sub Recent","Bocas","Punta Donato","new_2025",1.16129,2.52810353803671
"1491","Gobiidae","AT14-2-4",0.675716,675.716,"Sub Recent","Bocas","Punta Donato","new_2025",0.825098,1.74881276440187
"1492","Gobiidae","AT14-2-4",1.492333,1492.333,"Sub Recent","Bocas","Punta Donato","new_2025",1.315204,4.06073507849485
"1493","Gobiidae","AT14-2-4",0.9946,994.6,"Sub Recent","Bocas","Punta Donato","new_2025",1.053468,2.63781292431365
"1494","Gobiidae","AT14-2-4",1.052419,1052.419,"Sub Recent","Bocas","Punta Donato","new_2025",1.243951,2.80114800758443
"1495","Gobiidae","AT14-2-4",1.190336,1190.336,"Sub Recent","Bocas","Punta Donato","new_2025",1.199663,3.19299981400803
"1496","Gobiidae","AT14-2-4",1.072316,1072.316,"Sub Recent","Bocas","Punta Donato","new_2025",1.100648,2.85748879322906
"1497","Gobiidae","AT14-2-4",0.890289,890.289,"Sub Recent","Bocas","Punta Donato","new_2025",0.990069,2.34468098751513
"1498","Gobiidae","AT14-2-4",0.635178,635.178,"Sub Recent","Bocas","Punta Donato","new_2025",0.797604,1.63747799090447
"1499","Gobiidae","AT14-2-4",1.684812,1684.812,"Sub Recent","Bocas","Punta Donato","new_2025",1.520161,4.61978777220401
"1500","Gobiidae","AT14-2-4",1.26967,1269.67,"Sub Recent","Bocas","Punta Donato","new_2025",1.195613,3.41973263800512
"1501","Gobiidae","AT14-2-4",0.745586,745.586,"Sub Recent","Bocas","Punta Donato","new_2025",1.000819,1.94168680517904
"1502","Gobiidae","AT14-2-4",0.903311,903.311,"Sub Recent","Bocas","Punta Donato","new_2025",0.87807,2.38116144237491
"1503","Gobiidae","AT14-2-4",0.663853,663.853,"Sub Recent","Bocas","Punta Donato","new_2025",0.743129,1.71618697160498
"1504","Gobiidae","AT14-2-4",0.774403,774.403,"Sub Recent","Bocas","Punta Donato","new_2025",0.829255,2.02157529919196
"1505","Gobiidae","AT14-2-4",1.5885,1588.5,"Sub Recent","Bocas","Punta Donato","new_2025",1.540689,4.33951508996091
"1506","Gobiidae","AT14-2-4",0.712873,712.873,"Sub Recent","Bocas","Punta Donato","new_2025",0.86082,1.8512343482815
"1507","Gobiidae","AT14-3-1",1.532788,1532.788,"Sub Recent","Bocas","Cayo Adriana","new_2025",1.322594,4.17787636936073
"1508","Gobiidae","AT14-3-1",1.752247,1752.247,"Sub Recent","Bocas","Cayo Adriana","new_2025",1.499637,4.81663458235876
"1509","Gobiidae","AT14-3-1",2.058285,2058.285,"Sub Recent","Bocas","Cayo Adriana","new_2025",1.988957,5.71577025438621
"1510","Gobiidae","AT14-3-1",1.035491,1035.491,"Sub Recent","Bocas","Cayo Adriana","new_2025",1.307994,2.75326726380318
"1511","Gobiidae","AT14-3-1",0.713647,713.647,"Sub Recent","Bocas","Cayo Adriana","new_2025",0.761037,1.85337149828329
"1512","Gobiidae","AT14-3-1",0.89588,895.88,"Sub Recent","Bocas","Cayo Adriana","new_2025",0.9357,2.3603397779335
"1513","Gobiidae","AT14-3-1",0.814516,814.516,"Sub Recent","Bocas","Cayo Adriana","new_2025",0.903226,2.13309136483895
"1514","Gobiidae","AT14-3-1",NA,NA,"Sub Recent","Bocas","Cayo Adriana","new_2025",0.93246,3.17342072027672
"1515","Gobiidae","AT14-3-1",1.461071,1461.071,"Sub Recent","Bocas","Cayo Adriana","new_2025",1.38719,3.97035016911413
"1516","Gobiidae","AT14-3-1",0.867085,867.085,"Sub Recent","Bocas","Cayo Adriana","new_2025",0.94459,2.27976008861315
"1517","Gobiidae","AT14-3-1",0.730053,730.053,"Sub Recent","Bocas","Cayo Adriana","new_2025",0.8347,1.89870559556117
"1518","Gobiidae","AT14-3-3",0.689038,689.038,"Sub Recent","Bocas","Cayo Adriana","new_2025",0.810057,1.78549429416319
"1519","Gobiidae","AT14-3-3",1.00504,1005.04,"Sub Recent","Bocas","Cayo Adriana","new_2025",1.178763,2.66726185880182
"1520","Gobiidae","AT14-3-3",1.286274,1286.274,"Sub Recent","Bocas","Cayo Adriana","new_2025",1.215413,3.46730149720142
"1521","Gobiidae","AT14-3-3",1.046578,1046.578,"Sub Recent","Bocas","Cayo Adriana","new_2025",1.292386,2.78462123163257
"1522","Gobiidae","AT14-3-3",0.818022,818.022,"Sub Recent","Bocas","Cayo Adriana","new_2025",0.970594,2.14285498060698
"1523","Gobiidae","AT14-3-3",1.019463,1019.463,"Sub Recent","Bocas","Cayo Adriana","new_2025",1.218703,2.70797775101337
"1524","Gobiidae","AT14-3-3",1.520354,1520.354,"Sub Recent","Bocas","Cayo Adriana","new_2025",1.47759,4.14185148677255
"1525","Gobiidae","AT14-3-3",0.989188,989.188,"Sub Recent","Bocas","Cayo Adriana","new_2025",1.151464,2.62255454597168
"1526","Gobiidae","AT14-3-3",0.827066,827.066,"Sub Recent","Bocas","Cayo Adriana","new_2025",0.871917,2.16805318107089
"1527","Gobiidae","AT14-3-3",1.149184,1149.184,"Sub Recent","Bocas","Cayo Adriana","new_2025",1.052844,3.07576138931045
"1528","Gobiidae","AT14-3-3",1.475415,1475.415,"Sub Recent","Bocas","Cayo Adriana","new_2025",1.357611,4.01180661363315
"1529","Gobiidae","AT14-3-3",1.273607,1273.607,"Sub Recent","Bocas","Cayo Adriana","new_2025",1.216654,3.43100822482482
"1530","Gobiidae","AT14-3-3",1.818898,1818.898,"Sub Recent","Bocas","Cayo Adriana","new_2025",1.707022,5.01166433492222
"1531","Gobiidae","AT14-3-5",0.568824,568.824,"Sub Recent","Bocas","Cayo Adriana","new_2025",0.697213,1.45622269493868
"1532","Gobiidae","AT14-3-5",0.839301,839.301,"Sub Recent","Bocas","Cayo Adriana","new_2025",0.86747,2.20216978561009
"1533","Gobiidae","AT14-3-5",0.663224,663.224,"Sub Recent","Bocas","Cayo Adriana","new_2025",0.80485,1.7144581100514
"1534","Gobiidae","AT14-3-5",0.811767,811.767,"Sub Recent","Bocas","Cayo Adriana","new_2025",0.865133,2.12543772380875
"1535","Gobiidae","AT14-3-5",1.145105,1145.105,"Sub Recent","Bocas","Cayo Adriana","new_2025",1.07585,3.06415497990512
"1536","Gobiidae","AT14-3-5",0.797736,797.736,"Sub Recent","Bocas","Cayo Adriana","new_2025",0.889501,2.08639889124576
"1537","Gobiidae","AT14-3-5",0.959677,959.677,"Sub Recent","Bocas","Cayo Adriana","new_2025",1.08871,2.53944597961677
"1538","Gobiidae","AT14-3-5",0.930155,930.155,"Sub Recent","Bocas","Cayo Adriana","new_2025",0.961022,2.45646800541728
"1539","Gobiidae","AT14-3-5",1.065134,1065.134,"Sub Recent","Bocas","Cayo Adriana","new_2025",1.099857,2.83714439326663
"1540","Gobiidae","AT14-3-5",0.8026,802.6,"Sub Recent","Bocas","Cayo Adriana","new_2025",0.876898,2.09992725225606
"1541","Gobiidae","AT14-3-5",0.728951,728.951,"Sub Recent","Bocas","Cayo Adriana","new_2025",0.748802,1.89565844436242
"1542","Gobiidae","AT14-3-5",0.749074,749.074,"Sub Recent","Bocas","Cayo Adriana","new_2025",0.824679,1.95134624540657
"1543","Gobiidae","AT14-3-5",0.386761,386.761,"Sub Recent","Bocas","Cayo Adriana","new_2025",0.409274,0.966269348245264
"1544","Gobiidae","AT14-3-5",0.570898,570.898,"Sub Recent","Bocas","Cayo Adriana","new_2025",0.690036,1.46186866472885
"1545","Gobiidae","AT14-3-5",0.610199,610.199,"Sub Recent","Bocas","Cayo Adriana","new_2025",0.653229,1.56909661045658
"1546","Gobiidae","AT14-3-5",0.494951,494.951,"Sub Recent","Bocas","Cayo Adriana","new_2025",0.558162,1.25600569022916
"1547","Gobiidae","AT14-3-5",0.762376,762.376,"Sub Recent","Bocas","Cayo Adriana","new_2025",0.797994,1.98820994362401
"1548","Gobiidae","AT14-3-5",0.624458,624.458,"Sub Recent","Bocas","Cayo Adriana","new_2025",0.69567,1.60811017347915
"1549","Gobiidae","AT14-3-5",0.964187,964.187,"Sub Recent","Bocas","Cayo Adriana","new_2025",1.022835,2.55213665613262
"1550","Gobiidae","AT14-3-5",0.657499,657.499,"Sub Recent","Bocas","Cayo Adriana","new_2025",0.684773,1.69872722442763
"1551","Gobiidae","AT14-3-5",0.577754,577.754,"Sub Recent","Bocas","Cayo Adriana","new_2025",0.662458,1.48054169543391
